Date Played (EST),Iron Source,Enter Type,Gold Source,RTA,Nether,Bastion,Fortress,Nether Exit,Second Portal,Stronghold,End,IGT,Blaze Rods,Total Deaths,Blaze Killed,Enderman Kiled,Iron Golem Killed,seed,Bastion Type,End Fight Type,Real_Deaths,Frame Eyes,run_id,Recent Version?,Notes
4/22/2026 22:57:31,Full Shipwreck,Lava Pool,Bastion,00:20:54,00:04:37,00:06:55,00:12:46,00:15:02,00:17:40,00:18:04,00:18:27,00:20:26,8,1,23,0,0,-6.83921E+18,Stables,Full Bow,0,2,9630,FALSE,"Last Run of Charity Marathon for Razom for Ukraine, Spanish, nice full ship, bt for more food, didnt see flint in inv after tnting underwater, 4 garrots, went down cave for enter, double good gap stables, 26 obby before even starting ttmtg, used extra gold for picks to drill through wall towards fort, 1.0 ch, back 99 offset, +1 did no knockback and bailed, weird perch snap, raised $15,555 for charity, Last run before Ranked LAN"
4/22/2026 22:35:38,Full Shipwreck,Lava Pool,Bastion,00:19:33,00:02:44,00:03:22,00:09:26,00:11:07,00:13:59,00:15:41,00:16:22,00:19:01,9,0,12,0,0,5.01619E+18,Stables,Full Bow,0,1,9629,FALSE,"Traditional Chinese, gorgeous mountains all around spawn, instant lavapool, ripped super close map in land-based ocean ruins, miscrafted iron pressure plate so no shears, killed pigs for extra food, sub 3 enter, close ttg stables, major timeloss to 30 chunk spawner being fully diagonal, farmed hogs on the way, sub10fort 800 blocks out in nether, pog blaze rates, 0.5 ch, shallow 2nd ring, chicken jockey, big spike coz mineshaft, pearl almost hit overhang above void, flew on back 95, fountain got fireballed, stay during perch but still saved it"
4/22/2026 22:15:12,Full Shipwreck,Lava Pool,Bastion,00:17:58,00:05:15,00:08:03,00:11:35,00:13:21,00:15:09,00:15:31,00:16:35,00:17:21,7,0,16,0,0,-5.01703E+15,Stables,Zero Cycle,0,3,9628,FALSE,"B2B Ukrainian, trash shipwreck, bt at least fragged, made extra boat for no reason, dugdown for lava, assassin hoglin right on tail, scariest chasedown, gap route, 17 obby then bad gap chest clutched, 14 chunk fort, crimson tree on spawner, 1.3 full diag, surfaced on sh chunk, null spike, back 97 1/8 3+2"
4/22/2026 21:56:36,Village,Lava Pool,Bastion,00:25:05,00:04:14,00:05:44,00:14:00,00:16:24,00:19:08,00:21:21,00:22:07,00:24:46,8,1,11,0,0,7.8782E+18,Bridge,Half Bow,0,2,9627,FALSE,"Ukrainian, first world lag on ocean spawn, some food and map in ship, rare bt under grass, desert village for extra food and scouting enter options, giant almost vertical cave drop went to lava, wall in the way of brijj, piface tnt, dealt with hoglin in bad spot for cs, pig traffic jam, didnt want to trade backups for 5 obby, fort going towards spawn, got a pearl hang off, mined well over 200 blocks to reach fort, home portal educated going back in fort direction, boat burned, no wood in inv, multiple attempts to get sprint crawl with iron trapdoor and button, portalled out very early with pick on verge of breaking, sh 700 blocks away, fort blind prolly sub 200 blocks, couldnt push t97 on cage spawn with bad pearl, crazy low perch snap"
4/22/2026 21:29:02,Structureless,Lava Pool,Bastion,01:02:03,00:13:01,00:14:06,00:20:48,00:23:36,00:26:13,00:28:51,00:30:16,00:32:53,8,0,13,0,0,-7.9018E+18,Housing/Treasure,Full Bow,0,3,9626,TRUE,"26.1.2 for raising $15k, Pirate language, rare apple drop, sent ocean but super mid, nothing good in singular ruins house, dipped to dive mine for iron, killed few pigs before going down, forgot to collect wood, mob nation cave, 8 diamonds and some gold ore, 2 wide hidden lavapool, long enf to make portal, 11 min enter quite into sh ring, close hauss, juked past top brute to loot chests, td, mending upgrade for pickaxe, pigs went crazy at the very end on pearl trades brining total to 21 from ~21 gb (9.6%), spawner in 19, feels weird to pearl around nether, got treasured, genius forcing new quadrant to hit fort, Dinner break on blind, 0.7 ch, grabbed glowstone, caved from y 81 portal under ocean, needed library for wood, back 95, anchor did no damage, pearl clutch after launched, spam bowed to almost no health then got kill with pickaxe"
4/22/2026 20:22:16,Full Shipwreck,Magma Ravine,Bastion,00:28:16,00:07:22,00:09:17,00:15:47,00:19:14,,00:24:58,00:26:02,00:27:20,11,3,19,0,0,-2.88708E+18,Bridge,Ground Zero,0,1,9625,FALSE,"Nederlands language, Instant ship with some carrots and small dot map, banger bt, gb from rp, hoping chestplate not thorns, dug into underground magma, awkwards spot but cooked up a portal, fell into lava reading chat, lived with garrots, piglin train on dk, bow is called ""boog"", only got 11 obby and like not many explosives, pigs fully trolled, 22 full diag to fort, bad terrain nav, spawner past gross lavafall, 11 rods from donation distractions, blinded at 2nd ring coords, not bad 0.7 ch, mostly ocean travel, chat lockedin on donos crossing stretch goal of $15k, Normal RV + one arm RV soon, ocean exposed starter, chestplate from ages ago did turn out to be thorns, luckily bastion went fine, weird overhang, played safe with ground"
4/22/2026 19:52:55,Structureless,Lava Pool,Bastion,00:24:18,00:05:54,00:08:19,00:12:44,00:14:47,00:17:24,00:20:24,00:21:45,00:22:29,8,2,11,0,0,3.76156E+18,Bridge,Zero Cycle,0,2,9624,FALSE,"Pirate Narrator for $14k incentive, Craftin is back, Furnace 100% snow village, chose to play structureless ow instead, dug for a while to get lava, distant brijj, dk, got backups for obby, 22 to fort, 0.6 blind, spider in nether, ran through bad part to find any semblance of terrain, still another 450 blocks same way, 2217 dist (<0.5 ch 1st ring), mega taiga sh, new iron pick from altar, got spike only very close to pr, back 99 2+2 TAS"
4/22/2026 19:27:46,Full Shipwreck,Lava Pool,Bastion,00:20:54,00:05:59,00:07:30,00:14:15,00:17:00,00:18:26,00:18:31,00:19:28,00:20:15,8,1,19,0,0,-7.5943E+18,Housing,Zero Cycle,0,1,9623,FALSE,"Everyone's fav LOL Cat , threw away thorns chestplate from ship, close bt, dia sword, tnt replaced leaves, dug for lavapool, bastion in 16, wet housing supporting terrain above like pillars, middown route, 17 obby with all chests cleared, all backup blocks and 2 extra gb in mongey chest were required to get 21, harsh terrain to reach fort, b2bbig donos put total over $14k, basically icepied on 0.5 ch, cranked back 97 1/8 for a clean zero"
4/22/2026 19:03:40,Structureless,Magma Ravine,Bastion,00:25:33,00:06:37,00:10:17,00:15:20,00:18:24,00:19:57,00:20:25,00:20:46,00:24:28,8,0,20,0,1,-7.41041E+18,Stables,Half Bow,0,0,9622,FALSE,"Glarrrrrp, Lavapool on coastm frontloaded wood for desert village, golem dropped 3, found another in ravine heading back, basalt spawn with bastion in 26, big fella convention, nice reflexes on wall lava, pick barely pushed through, 1 pearl trade from double triple stables, opened trade hole to force good gap, somehow didnt cram, suffoacted baby piglin, insane feinberg strays in warped fort, rates didnt comply, 2.3 full diag ch, far 1st ring coords, 2 chunks off, pearled into crystal, pushed for 99 standing 100 coz of fireball, couldnt maintain dragon height and got launched on 2 hearts, regened just enf to pearl clutch on 0.5 heart, cringe dragon faking too much"
4/22/2026 18:36:11,Full Shipwreck,Lava Pool,Bastion,00:26:17,00:05:11,00:10:31,00:19:11,00:21:00,00:22:55,00:23:25,00:23:43,00:25:25,8,0,16,0,0,7.95324E+18,Housing/Treasure,Half Bow,0,3,9621,FALSE,"Estonian language, Flint nation RP, enf iron from ship, forced bt for higher quality, lavapool next to it, no bastion in 32, got something after running 300 blocks, flat open terrain carried for the most part, td hauss, thought to save only 1 fire res for fort but was treasure nearby, built paths for pigs to trade in bottom, combined 2 diamond chestplates for higher durability, nice drip, fort 22 from there, 1.3k radial, subspace blind, 800 blocks to sh, made small tunnel through hill, flew on back 92 1/8, lost sub 25 to no insta perch"
4/22/2026 18:03:55,Structureless,Lava Pool,Bastion,00:25:10,00:06:28,00:07:47,00:16:04,00:17:42,00:19:38,00:20:16,00:20:46,00:24:31,7,2,14,0,0,-8.80889E+18,Treasure/Treasure,Half Bow,0,2,9620,FALSE,"Shakespeare, swamp clay bolan worked, pig farm, y9 lavapool, floating spawn, mined bottom treasure first, diamond sword, horrible top chests, pearl hung while pigs slowly traded, took almost full gold supply to get 20 obby, avoided getting treasured, cranked pearls for over 700 blocks to get to fort, ran out of food, 0.7 ch, RIP boat, crafted and ate gapple during nav, flies on back 95, wrong moment for ground setup to get fireballed, disgusting perch snap"
4/22/2026 17:37:45,Structureless,Lava Pool,Bastion,00:17:29,00:05:02,00:07:12,00:10:45,00:12:57,00:14:49,00:15:23,00:15:47,00:16:41,7,0,19,0,0,-4.84709E+18,Housing,Zero Cycle,0,4,9619,FALSE,"Language of homoporcus - Latin, went caving, cow nation, poundy portalled, almost sub 5 structureless enter, pretty high eray for hauss, 1st one of the day, RP outside for insurance, pigs in large numbers on tdm, jazzhack armor for a moment, ripped god apple from earlier RP, basalt 10:30 fort, insane y 95 spawner level, 1950 blind, pearl clutch on big starter dropper, back 94 SS"
4/22/2026 17:17:47,Structureless,Lava Pool,Bastion,00:25:05,00:05:10,00:05:33,00:16:15,00:18:33,00:20:16,00:21:04,00:23:20,00:24:15,8,3,16,0,0,-6.47715E+18,Treasure/Treasure/Treasure,Zero Cycle,0,2,9618,FALSE,"Upside down english, Ran to plains to play structureless, random fire exposed surface lavapool, instant e-spike but no eray, trevor hiding underground, forced quadrants on 11 obby, punished with another treasure, lava made routing top impossible, traded out bottom, pieray going back to og treasure, sent extra regional, no food left, treasured 1k blocks out, dia pants, fort taking cover in terrain, spawner down hallway of doom, 0.5 ch, 4th ring, strongshaft, gross nav, back 95 USS"
4/22/2026 16:51:22,Structureless,Lava Pool,Bastion,00:18:24,00:05:03,00:07:25,00:12:49,00:13:52,00:15:00,00:15:21,00:15:49,00:17:04,7,0,13,0,1,5.80643E+18,Treasure,Half Bow,0,1,9617,FALSE,"Shakespearean english, Jungle spawn, bell on pie to acacia village, cave nearby for shears too, interesting predicament mining straight down into lava ravine, landed in a 2 block gap in the wall on half hearts, rp with armor along the way, time waste trying to get extra terrain pigs, top trades fragged, grabbed extra gold heading out to close fort, mending dia sword, nice correction pearl after whiffing, 1.2 ch, caved in same mineshaft ravine as sh, not enf explosives for side setup, quick perch"
4/22/2026 16:30:49,Village,Lava Pool,Bastion,00:17:22,00:03:31,00:06:15,00:10:12,00:11:52,00:14:11,00:14:12,00:15:01,00:16:19,8,0,15,0,0,-4.59652E+18,Bridge,Ground Zero,0,5,9616,FALSE,"Lolcat, Ripped 7 iron blacksmith, ocean ravine turned out fake, 6 diamonds, short tunnel to lava, 3:30 enter, brijj in 22 chunks, free RP gb, dk, back towars spawn for 10fort, 0.6 ch, surprise icepie, 1 in 230 odds 5 eye, weird island, not the right pearls to push zero, ground pivot"
4/22/2026 16:09:44,Full Shipwreck,Lava Pool,Bastion,00:21:48,00:05:46,00:12:51,00:05:46,00:15:41,00:17:53,00:19:24,00:20:10,00:20:59,8,1,27,0,0,-3.51998E+18,Stables,Zero Cycle,0,1,9615,FALSE,"Played 5 Draftout games for $10k incentive, queued up ChrisXD, Ogarfield b2b, mollyyxy and bigbigmongey, won first 2 games then got bad rng on chosen lines losing all 3, chat ragebaited quite a bit on backseating but enjoyed for the most part, Latin, carrot in bad boat, map from ruins led to wonderful bt, dugdown for lava, spawned on fort highway, bastion miles away, fort first with shield,  dry spell of no rods from 12 blazes in a row in the middle (0.02% or 1 in 4096), scary bridging over lava to terrain, double bad single triple, generational lockin from piglins to give all the pearls and 20 obby, skeleton interrupted axis, 0.4 ch to 2nd ring, crazy cave opening, immense damage from creeper for no reason. 2300 dist, sick back 99 zero"
4/22/2026 11:51:42,Village,Lava Pool,Bastion,00:32:01,00:04:46,00:10:03,00:13:25,00:18:19,00:20:14,00:20:52,00:21:31,00:30:40,8,2,21,0,1,-3.90841E+18,Bridge,Other,1,4,9614,FALSE,"Ukrainian on 3 streak, instant village, cod skip and great food chests, ocean ravine digdown for lava, portal sandwiched perfectly between 2 basalt shelves felt like a trapped 1 wide spawn, no bastion in 32, 2 gb big portal, loaded something almost at border of inner quadrants, brijj nation today, saw fort in the corner from pigface, doubel single cs, nowhere enf obby, set pigs trading on backups while playing fort, still only 18, forbidden block trades lockedin, went quite far to find height for surface portal, 0.5 ch back to 2nd ring, mob squad in way of pr, whiffed pearl into wall over void, too much velocity for pearls to hit any good ground and died to void, grabbed beds and sheep on the return, terrain carried, slab cycle, end of 76 streak of sub 30s in 1.16"
4/22/2026 11:14:54,Structureless,Lava Pool,Bastion,00:21:37,00:05:42,00:06:59,00:11:23,00:13:11,00:16:25,00:17:00,00:18:24,00:21:07,8,0,21,0,0,-1.423E+18,Bridge,Full Bow,0,1,9613,FALSE,"B2b Ukrainian, caved for iron, tons of animals, 4 diamonds, 9 sources of lava but plot armor coveniently exposed another source on mining at a random spot, brijj in sight, not many pigs on cs, left fort fort with 13 obby and loads of pearls, accidental relog at spawner, 1k blind dist, overlapped mining obby and blaze spawns, 1 chunk off, weird nav, pushed front 95 on o59 cage, trolled placing blocks and got launched, pearl clutch on 1 heart with no food, 2 quick perches with armor helping get 2 beds off"
4/22/2026 10:51:18,Structureless,Lava Pool,Bastion,00:25:52,00:05:10,00:05:37,00:18:41,00:21:01,00:22:14,00:22:51,00:23:11,00:24:33,7,0,15,0,0,8.62995E+18,Bridge/Stables/Treasure/Stables,Ground Zero,0,0,9612,FALSE,"Ukrainian, easy structureless ow, ukrainian very strong to recognise y33 lavapool, close brijj, gb mine on dk flung gold onto ledge, thought no one would come to trade but luckily someone picked it up, backups not worth on 14 obby, spawner loaded on 32 after leaving, ran into stables to get rest obby from chests, most ragebait hilarious hoglins in outer refusing to provide food, hot tourist, lost boat to lava TWICE, treasured and wanted to restock, new bastionagami baby, nothing in 32 again and this time took quite some travel to render, encountered another stables to stock up on food, good to have a fort 1100+ in both coords (1632 radial), 1.5 ch to shallow 5th ring, both sh coords almost over 10k each, missed block clutch on tower, cope on 99 fly, saved ground from fireball, weird fly in"
4/22/2026 10:22:58,Village,Lava Pool,Bastion,00:21:21,00:05:29,00:09:22,00:14:02,00:16:00,00:17:50,00:18:53,00:18:57,00:20:36,8,0,15,0,1,-7.01751E+18,Treasure,Ground Zero,0,0,9611,FALSE,"Instant village on French run, y12 lavapool jumpscare on digdown, quite a bit of basalt mining, random 15 block 1x1 hole between pillars, saw fort on the way, unbreaking sword in RP near trevor, pick barely made it through top, pearl hang to fort gone almost wrong, 0.5 ch, ocean exposed pr, bed too late on back 95 USS, went for ground"
4/22/2026 10:00:19,Structureless,Lava Pool,Bastion,00:20:43,00:06:51,00:07:59,00:12:48,00:14:52,00:17:02,00:17:42,00:18:52,00:19:54,8,1,18,0,0,-3.43968E+18,Treasure,Zero Cycle,0,2,9610,FALSE,"Lolcat, No good animals, kinda trash RP, hunted salmon and dug on clay patch, 94 c value ended up in tiny cave over giant lava ravine, poppy is poopy in lolcat, tunnel into trevor, bottom for little more obby, fort 18 away, 0.5 ch, baited by different lava on nav, really scuffed back 95, could have almost doid"
4/22/2026 9:38:16,Structureless,Lava Pool,Bastion,00:16:32,00:05:42,00:06:29,00:11:01,00:13:01,00:14:30,00:14:51,00:15:04,00:15:56,8,0,17,0,0,-5.94504E+17,Bridge,Zero Cycle,0,0,9609,FALSE,"Last Day of Charity Marathon supporting Razom For Ukraine, setup new instance for Draftout in advance to queue snipe later, Narrator for $13k incentive in Latin, made it so first word would be Latina, rarest of rare abandoned snow village, some bread and potatoes, randomly mined down cave into big iron vein Susge, dug striaght down into 1 deep lavapool, brijj in the face, cs, lost diagonal war for fort, 0.9 ch, ravined under snow tundra, dugup into sh with PR in sight, cranked back 95"
4/21/2026 21:39:40,Full Shipwreck,Obsidian,Bastion,00:25:24,00:03:10,00:06:40,00:14:17,00:17:22,00:19:05,00:19:30,00:21:12,00:24:25,10,1,19,0,0,2.13871E+18,Housing,Half Bow,0,1,9608,FALSE,"Finishing off Day 3 with Ukrainian, Jungle spawn, floating diorite next to tree, nice shipwreck, close map but went for RP first, enf supplies for 3 min obby enter, far buried housing, instant poison stew on starting manhunt, lava housing, brought back gold to trade in outer, final few obby in top, scary fire res clutch on lava staircase, 25 chunk fort mainly through basalt wall, 1.4 ch, surfaced 1 chunk off, mined into pr after weird nav, zombie in pr, jumped off tower trying to push 99 offset, dragon fireballed ground, took its sweet time to perch, Day 3 ends on $12,750 raised"
4/21/2026 21:12:45,Village,Lava Pool,Bastion,00:20:01,00:04:51,00:05:11,00:10:38,00:14:25,00:15:51,00:16:36,00:17:33,00:19:15,8,0,23,0,1,8.14438E+18,Housing,Half Bow,0,4,9607,FALSE,"Upside Down English, sw lavapool heading to DT village, 2 dia 5 iron and gapple, pre-damaged golem, instant housing, semi-wet manhunt, most pigs arrived quite late, left on 18 obby, pearl hung to spawn after confirming pieray, went on fully wrong diagonal but was based on not having pieray originally on nether enter, loaded pearl hang back, fort was more in line with home portal which didnt make sense, fourk tnt, 0.9 full diag ch from close to 0 0, enderman got in the way of pearl, got stuck in cage, pushed 90 on low health, flew on 95 rotation, perch for +$5"
4/21/2026 20:51:13,Structureless,Lava Pool,Bastion,00:31:48,00:06:36,00:10:35,00:20:44,00:22:51,00:26:09,00:26:55,00:28:01,00:29:23,8,3,22,0,0,-6.71316E+18,Bridge/Treasure,Ground Zero,0,1,9606,FALSE,"B2b anglish, caved for iron, RP not at all helpful, forest fire revealed lavapool, fossil divine 8, guess the bastion lost 2 times, double single cs got barely any pigs, went out looking for close spawner that turned out to be trevor, pigs very slow, took gold and went to trade in bottom treasure, spawner on 32 rd, took horrible tterain to reach ssv fort, super shallow subspace blind, 0.5 ch to 3rd ring, chose to ground safely "
4/21/2026 20:15:24,Structureless,Lava Pool,Bastion,00:21:11,00:05:00,00:08:27,00:14:36,00:15:53,00:17:28,00:18:26,00:19:27,00:20:13,16,3,9,1,0,-1.6999E+18,Treasure,Zero Cycle,0,2,9605,FALSE,"Anglish language, jungle spawn, cave nearby for iron, farmed salmon, weird lava and water conglomeration, saw fort on the way, 7:09 hot tourist, super far lava trevor, t_wagz pivot, bottom for obby, dia sword, spent way too much brain power trying to get a cool pearl hang off, hyped up very mid pearl onto ssv fort, wither skull, caved under mountain, close educated based on coords, avoided mountain digdown for sh, front 97 1/8 3+2"
4/21/2026 19:51:23,Full Shipwreck,Magma Ravine,Bastion,00:24:21,00:05:40,00:09:27,00:16:46,00:18:14,00:20:53,00:22:08,00:22:49,00:23:37,9,0,15,0,0,-4.29253E+18,Bridge,Zero Cycle,0,1,9604,FALSE,"Lolcat, proj prot 4 pants from ship, bt gave 8 iron 2 dia, tnt'd blocks in nether, surprisingly high eray for brijj, tnt pigface, poison stew just before routing dk, traded every spare gold from chests alongside backups, still ended on 19 obby, saw RP with 2 more obby literally 1 pearl throw later, ssv fort, cool tnt bed, 9 rods, 0.6 ch to 3rd ring, another RP close to coords, pushed for back 95"
4/21/2026 18:59:27,Full Shipwreck,Magma Ravine,Bastion,00:22:13,00:04:37,00:06:58,00:14:08,00:13:03,00:14:44,00:15:48,00:16:16,00:17:43,8,1,14,0,0,2.82924E+18,Treasure,Ground Zero,0,2,9603,FALSE,"Return of homoporcus, mined out good part of buried full ship, bt kinda trash but no punish for pre-crafting full tools, bad flint rates, ocean cave led to magma, lava made 1 treasure bridge gb unminable, traded bottom for obby, 10 fort closeby, spawner chose to be near lavafalls, 0.5 ch, overshot by 200, dragon flew on back 95, nice ground"
4/21/2026 18:35:41,Full Shipwreck,Lava Pool,Bastion,00:21:08,00:05:34,00:06:30,00:12:35,00:14:48,,00:16:08,00:18:10,00:20:49,8,0,12,0,0,5.23811E+18,Bridge,Half Bow,0,0,9602,FALSE,"Ukrainian, Lavapool on ocean coast, insane 25 carrots from full ship (0.13%), map took back to spawn, cooking up stuff for CouriLanguage, basalt brijj, dk, pants fiasco story abt ranked LAN, hosed on obby, brought even forbidden backups to get 10, tons of garrots from leftover gold, fort 20 away, huge plumbing work, ripped 300 block blind, zombie dungeonhold, weird nav, horrid pearl for zero, built offset on 90, flew anyways, meanie dragon fireballed last second on ground, clean one cycle"
4/21/2026 18:10:43,Half Shipwreck,Lava Pool,Bastion,00:38:05,00:12:24,00:14:58,00:20:13,00:23:14,00:25:11,00:30:25,00:31:28,00:32:19,8,0,8,6,0,6.86952E+18,Stables/Warped Forest,Zero Cycle,0,2,9601,TRUE,"26.1.2 for $12k raised, 3rd ever b2b RV, Upside Down english, ocean spawn, 2 nice iron ships going to mushroom island for food, lit baby mooshroom cow, on fire, monument nearby not accessible coz simulation distance, went down ocean opening into narrow cave, pathetic 2x2 lava, 6 diamonds, dug around at y-54 for a while to find lava, far stables, outer packed with pigs, ripped 2 LOOTING 2 swords, didnt keep the one with more durability, ttg, loads of garrots, nice 4 swords in inv, 17 gb combined with outer for a grand total 4 pearls, took the better dura looting on the way out to fort, Upside down is nice for Render number with piechart up, warped fort wonderful, no bad part fort, went like 10/8 on rods but some fell down, 13/6 on endermen, rates lockedin, beatiful bunny tiktok sent by working class kyle, caved at y-10 despite building up, educated close, baby chicken, 1200 off to weird angle for educated, dropper into starter, heard silverfish right behind, cafted crossbow, cranked front 99 with overwhelming f3 menu"
4/21/2026 17:26:30,Village,Lava Pool,Bastion,00:28:51,00:08:49,00:10:43,00:14:06,00:17:37,00:19:09,00:22:05,00:24:21,00:25:44,8,0,13,0,1,6.01062E+18,Bridge,Half Bow,0,2,9600,TRUE,"Normal 26.1.2 run, Brazilian Portuguese, Gorgeous snow spawn for a letsplay, pierayed bell to snow village behind a hill, mega zombie siege in cave covered up for lack of food in village, wonderful moo sound, found most ginormous lava cave of all time, fort on the way to brijj, benex route seeing many pigs around pigface, chat went crazy on donos to cross $12k, horrific ghast imitation, routed cs safely but took much damage being on normal difficulty, ripped 13 pearls with backups, left on 17 obby without realising, home portalled after fort, eye sadly went over lava and couldnt catch it in time, not caved on 2nd portal but got another break, decent triangulation with no more eye losses, ripped a pearl in altar and 2 eye anyway, dragon didnt want to die, quick perch for solid sub 30 RV"
4/21/2026 16:55:01,Structureless,Magma Ravine,Bastion,00:40:55,00:02:50,00:14:24,00:21:01,00:24:47,00:27:21,00:28:41,00:28:57,00:29:54,8,4,13,0,0,4.71379E+18,Bridge,Zero Cycle,3,1,9599,FALSE,"Pirates gave mapless bt with 6 iron 7 salmon, 4 stacks of wood from dark oak tnt, unlucky ravine spot for woodlight, mined iron to light with fns, still sub 3 enter, didnt switch off hard mode and got 3 tap killed by hoglin, went fully wrong way after confirming with vod, death reset on the spot, 2nd take lost track of correct terrain height, got stuck in a pit, chose to die again, lowered render fearing item despawn, 3rd time's the charm, snacc break, double single brijj, tree covered pigface, dk, 10 obby in chests and still didnt get 20 after full clearing bastion gold, spawner in 28 with 500 entities, still turned out real, wood axe coz pigs trolled on iron also, no chests in bad part, returned to home portal, 0.7 ch, crazy shallow coords, went further than calculated, techshroom, caved from y94, pick broke mid digup, insta nav, good pearl on t103 to dip to 94 SS saving sub 30 by 6s"
4/21/2026 16:12:54,Full Shipwreck,Magma Ravine,Bastion,00:22:41,00:02:27,00:03:32,00:08:17,00:13:01,00:14:41,00:21:16,00:21:21,00:22:16,8,0,14,0,0,1.91339E+18,Bridge/Treasure,Zero Cycle,0,0,9598,FALSE,"Narrator for $11k incentive, pirrrrrate, spawn close to monument, loaded ship with 16 carrots and tons of iron, sub 2:30 enter from ravine, hoglin at pigface, pre-crafted some garrots, lavafall didnt affect cs, only got 10 obby, decided to pearl hang to spawn, hosed by spawner being diagonal and also treasure, very smart play loading pearl hang and going off quadrants to hit 8 min fort,home portal in weird spot for easy access, reverse icepied from basically 0 0, educated on better terrain, went -153 instead of +153 on angle, ended up over 2k blocks off, ocean exposed pr near mushroom island, blocks only sufficient to push 90, nailed zero"
4/21/2026 15:41:02,Structureless,Lava Pool,Bastion,00:19:38,00:06:30,00:08:30,00:13:02,00:15:07,00:16:43,00:16:43,00:17:57,00:18:46,8,0,12,0,1,1.70942E+18,Bridge,Zero Cycle,0,2,9597,FALSE,"Narrator for $10k raised incentive, self chose Shakespearean English, caved for iron, saw village sort of late but nice for food, dugdown for enter, wall lava jumpscare near brijj, cs, crafts crafts crafts TheVoices, warped fort in 18, lava spawner, other one surrounded by trees, strays worked out well, 0.9 ch, library icepie, no way leading to spike, mined into pr, front 99 for +$5 "
4/21/2026 15:14:06,Buried Treasure w/ tnt,Lava Pool,Bastion,03:23:26,00:06:49,00:07:40,00:21:15,00:24:17,00:29:10,00:34:09,00:47:08,00:48:28,8,0,36,0,0,-7.20574E+18,Housing/Treasure/Stables,Ground Zero,0,0,9596,TRUE,"26.1.2 for $9k incentive, Latin, Letsplay spawn ocean, ship and bt provided tons of iron and blue pick, only 4 salmon so killed few sheep, RP in sight, completable by mining some obby, sub 6 enter, paused run to Interview 7rowl about his life experiences in Ukraine and how the war has affected lives of so many, very moving and enlightening perspective on the atrocities that have taken place over multiple years in Ukraine, how scary it is for the citizens even today, chat got inspired and donated over $1k during the interview bringing the total over goal of $10k just on day 3 couriL , lunch after, niceRTA over 2.5 hrs, spawn portal lava trapped, close hauss, awesome garrots, put brutes in a hole, td, fa sword, tossed out wood mining backups, good chat comms, only 7 pearls, pivotted to another eray from spawn, pieray would have likely led to same treasure, pig launched by hoglin, pants upgrade, set pigs trading in bottom, calm piglin discovered, 13 pearls after ~35 gb traded, RV so much fun, fort 18 chunks away, stupid baby hoglin, spawner plumbing, surface blind in jungle, 0.6 with 1 break, blaze rates nerfed, left on 7 wither skull slight jumpscare on the way out, lucky surface again, 2 more breaks immediately, missed 1st digdown, sh was high 1 chunk over, double small libraries, didnt hit the 2 eye or any pearls in chests, went back through pr lava, needed another rod, NEW PB 8/36 blaze rates (0.02541% or 1 in 3,935), ran into a stables, ttg, got the pearls, waited for beds to zero, placing down bed almost gone wrong, back to sh soon, missed pearl for back zero, 1st ever ground in RV"
4/21/2026 11:47:42,Full Shipwreck,Lava Pool,Bastion,00:20:38,00:04:22,00:07:25,00:13:01,00:14:56,00:16:43,00:17:20,00:18:07,00:19:20,8,0,12,0,0,4.17591E+17,Treasure,Ground Zero,0,2,9595,FALSE,"Pirate again, wonderful iron supply from shipwreck, dipped to kill pigs in plains, insane $1,000 dono putting charity over $9k raised, lavapool just big enf to make portal, saw fort leg while bridging to trevor, nice fastion, crimson hogs infiltrated every part of bastion, t_wagz route, bad idea going bottom without armor, made worse by multiple bigfella spawns, dia chestplate, very much hosed on string trades, horrible expereince considering fastion, same 1st angle as last run, more mean 0.6 full diag, caved at y12, surfaced to see ocean sh, pearl clip failed, went in for ground"
4/21/2026 11:26:31,Structureless,Lava Pool,Bastion,00:18:27,00:05:37,00:11:33,00:05:38,00:14:13,00:15:37,00:16:23,00:16:56,00:17:45,8,0,13,2,0,-2.86442E+18,Treasure,Zero Cycle,0,2,9594,FALSE,"Glarrrp (pirate), nice cave with everything, turned into mob party after killing animals, surprise blaze and magma cube appearance right at spawn, sub 10 hot tourist, ziglins ruined boomer route, ripped trades off top alone, blind miles above ocean surface, 1.2 full diag, eye went down on 2nd portal, y8 starter, headhitter to get hunger for eatoff, back 95 "
4/21/2026 11:06:52,Structureless,Lava Pool,Bastion,00:20:44,00:06:10,00:07:50,00:11:49,00:15:02,00:16:48,00:17:50,00:18:24,00:20:08,11,1,22,0,0,-8.30025E+18,Stables,Half Bow,0,0,9593,FALSE,"B2b lolcat, caved for iron, only few chickens to kill, cave lasagna, emerald ore, triple triple basalt stables, collected food before leaving for warped fort, massive lavafall fell onto spawner, 1.4k blind, zero not happenning with 2 pearls and cage spawn, perch just too late for sub 20"
4/21/2026 10:40:29,Structureless,Lava Pool,Bastion,00:20:13,00:06:19,00:07:33,00:13:23,00:15:39,00:17:24,00:17:34,00:18:14,00:19:29,8,0,12,0,1,-4.16706E+18,Stables,Ground Zero,0,1,9592,FALSE," Lolcat, Plains village with no hay, grabbed carrots for later, caved after killing golem, dugdown for lava, heart attack moment almost walking off boat into lava, double triple stables didnt hit all trades, went for gap route, 9 garrots, fort 11 chunks fully diag, 0.6 ch, sand ravine caved in on 2nd portal to expose sh just as eye went down, o59 cage back zero no chance, ground with a million beds"
4/21/2026 10:17:50,Structureless,Lava Pool,Bastion,00:19:15,00:07:04,00:08:40,00:13:32,00:15:48,,00:17:20,00:17:43,00:18:51,8,0,11,0,0,-1.12387E+18,Bridge,Zero Cycle,0,0,9591,FALSE,"Upside down english, Set salmon cooking, river clay bolan worked on 4 offset rather than 7, lava further from there, new digin spot for brijj, basalt corruption forced dk, late pig surprise attack almost fatal, not a ton of pearls leaving for fort, caved under river, generationally insane 50 block blind, back 94 SS, choked zero with barely any health left on dragon, crazy pearl into crystal chasedown, PR was same line as blind portal 60 blocks away"
4/21/2026 9:57:31,Buried Treasure,Lava Pool,Bastion,00:28:05,00:02:51,00:03:24,00:19:49,00:21:37,00:23:39,00:25:19,00:26:16,00:27:04,8,5,16,0,0,-7.48725E+18,Housing/Bridge/Treasure,Zero Cycle,1,2,9590,FALSE,"Narrator for $8k raised in Latin, wasnt prepared to hear Latina as 1st word, shipwreck right off spawn, bt map not even 3 chunks away, no good ravine, mega diamond lava cave, didnt pickup any seeing sub 3 enter pace, ""Those were the Days"" while still in wall, wet manhunt, blind crossbow pig shot into lava, enf iron from same ship, cod for food, insane 3 veins very close to one another, full diamond tools before re-enter,  attempt 2 success, barely got over 10 obby after backups, ran into a brijj, hog hunting in outside crimson, no obby in chests, spawner turned out treasure, gave loads of obby, threw away thorns chestplate, fort 24 from there, RE is good for search craft, overshot 0.5 ch by 450 blocks, back 95"
4/21/2026 9:25:50,Structureless,Magma Ravine,Bastion,00:24:16,00:05:34,00:06:31,00:17:10,00:19:00,00:21:33,00:22:29,00:22:48,00:23:42,7,2,12,0,0,-7.02191E+18,Housing,Zero Cycle,1,3,9589,FALSE,"HUUUGE donos overnight brought charity amount over $8,000, modcat also did Hamilmoo, Started off Day 3 with Narrator for $7k incentive in Upside Down English, worked despite earlier concerns, says U and Un way too much, easy structureless overworld, died to piglins in top housing being in normal difficulty, returned within 3 min, pigs ate all the pork, armor in last top chest, inventory full on td so couldnt even pickup food, needed to trade backups for 20 obby, farmed hogs on the way, fort advancement before any signs of nether brick, 0.7 ch, double whammy wall lava, dragon stayed on back 90"
4/20/2026 21:17:38,Buried Treasure,Lava Pool,Bastion,00:21:57,00:05:23,00:07:20,00:14:44,00:16:31,00:18:26,00:19:17,00:19:36,00:21:17,7,1,15,0,0,3.09182E+17,Stables/Treasure,Half Bow,0,2,9588,FALSE,"Sub 21:30 needed for sub 20 avg, Random mountain lava burnt down tree next to buried shipwreck, solid iron, sheep for food, lavapool near pillager outpost, got shot by one into lava, clutched but poundy portalled in the process, super scuffed portal finish, lost all food, knocked off cliff by skeleton down to half heart, 2500th stables first of 100k, very scary luring hoglin from outer to kill while ghast attacks, divorced double triple, ssv skeleton spawns in bastion going crazy, made very effort to dodge and not die, finally got enf resources to hunger reset, farmed crimson hogs after trades, the classic Stables/Treasure strikes again, fort closeby, 0.5 ch cutting it close, insta nav, too bad a pearl clip to push zero, no ground, perch just 12s early enf to redeem sub 20 avg on a marathon day - 7th ever"
4/20/2026 20:54:58,Structureless,Lava Pool,Bastion,00:23:07,00:09:10,00:11:18,00:14:24,00:16:36,00:18:12,00:19:24,00:21:05,00:21:53,7,0,16,1,0,-6.85408E+17,Housing,Zero Cycle,0,0,9587,FALSE,"Pathetic ocean ruins, dipped to mining iron in ocean ravine, hosed on finding gravel for 2 min, sub 10 enter ruined the 5 streak of sub 18,, tdm, fort in 14, mega taiga 0.5 blind, still quite off, not fully triangulated and got 4 breaks, good enf to hit sh on 1st digdown, wrong preemptive with hitboxes on, no good psike after clrectifying, great pearl to go back 99 offset"
4/20/2026 20:02:30,Structureless,Lava Pool,Bastion,00:24:22,00:07:23,00:10:22,00:13:40,00:13:01,00:14:15,00:16:30,00:16:37,00:17:26,9,1,15,0,0,-2.00973E+18,Bridge,Zero Cycle,0,1,9586,FALSE,"Exactly 7 iron in cave, lavapool on re-surfacing, skipped shears, orphaned baby cows, sub 5 structureless enter, brijj despite first thoughts of treasure considering spawner, cs, didnt push for 20 obby, 10fort, went to put food in oven, close to home portal, reverse icepie - blob moment, went towards one with better terrain, went further than normal, random water flowed in while attempting to hunger reset, still same way for a while, crazy radial screw over, front 97 1/8"
4/20/2026 19:36:52,Structureless,Lava Pool,Bastion,00:17:56,00:06:30,00:08:03,00:11:05,00:13:00,00:14:11,00:15:32,00:16:16,00:17:10,7,0,11,0,0,-1.67468E+18,Housing,Zero Cycle,0,1,9585,FALSE,"Lolcat on Sub 17 pred, structureless ow, few beds from shearing sheep, anticipated creeper divebomb in ravine with lava, relogged reaching middown blocks on tdm, fort just 11 chunks away, blazed cooperated, 0.8 ch, caved, highrolled sending dig on eye throw for pred, hit sh, spikeless nav killed it, back 90 small boi"
4/20/2026 19:17:08,Full Shipwreck,Lava Pool,Bastion,00:18:29,00:07:34,00:09:44,00:12:25,00:13:54,00:15:28,00:15:54,00:16:29,00:17:16,13,0,22,0,0,2.06145E+18,Bridge,Zero Cycle,0,0,9584,FALSE,"Ocean spawn fitting for pirate language, swam far to ship and bt, y14 lavapool jumpscare right after ravine, saw 2 forts on the way to brijj, dk, went for closer ssv fort, got lost in thought of content piece for playoffs and ended up with 13 rods from 22 blazes, 2.1 ch making situation awkward, missed, x rayed sh after eye throw, front 99"
4/20/2026 18:54:11,Full Shipwreck,Magma Ravine,Bastion,00:18:25,00:04:54,00:05:23,00:10:43,00:12:40,00:14:18,00:15:35,00:16:09,00:17:33,9,0,19,0,0,-5.02867E+18,Bridge,Ground Zero,0,0,9583,FALSE,"Shakespeare English, ship + bt ow, dipped to ravine connected to magma ravine, L portal, aimbot skeleton on brijj, dk, 30 chunks full diag fort, 0.6 ch, bat convention, double pearled on cage, ground"
4/20/2026 18:30:38,Structureless,Lava Pool,Bastion,00:16:48,00:04:35,00:05:21,00:08:18,00:10:43,00:13:07,00:13:26,00:13:44,00:16:15,7,0,12,0,0,1.87115E+18,Housing,Half Bow,0,1,9582,FALSE,"B2B lolcat, structureless ow, lavapool going for mountain gravel, close td hauss,, 8 min fort, 0.4 ch in 1st ring, good terrain decision, nailed 2nd portal going on 0.43, pearl clip got stuck, no eatoff earlier so couldnt push for zero, perfect half bow, good correction beds making it in late for perch"
4/20/2026 17:59:39,Half Shipwreck,Magma Ravine,Bastion,00:21:07,00:02:49,00:05:25,00:09:11,00:13:15,,00:16:32,00:19:43,00:20:30,8,0,15,0,0,-6.8433E+18,Stables,Zero Cycle,0,2,9581,FALSE," Lolcat, good iron from shipwreck, map far, sent foodless sub 3 enter with closeby ravine, divine 2, mtg stables, 1 pig route, not a ton of gold, got the pearls and more than 10 obby, sub 10 fort, equidistant from both divine coords, chose one with better terrain, somewhat awful 450 block blind, grabbed extra beds from spruce village, dropper into starter, mined into pr after really weird nav, top 103 setup, the other divine option was ~110 block"
4/20/2026 17:35:21,Structureless,Lava Pool,Bastion,00:32:47,00:09:38,00:17:16,00:11:02,00:22:49,00:27:49,00:28:59,00:29:54,00:31:41,8,0,12,0,0,2.22715E+18,Housing,Half Bow,0,1,9580,TRUE,"RV 26.1.2 for $6k incentive & 100th recent version, in Latin, easy cave for all the iron, cool dripstone block floor pattern, cool cherry and pale oak biomes in sight from meadow, so cuuuuute BONNY s, pumpkin patch and fog made it seem like lava, far and wide search for lavapool ended in success, eray pretty far, fort first action on the way, slight worry seeing basalt but confirmed bastion with pieray, collected glowstone outside hauss, middown 3 pig route, brute in trade hole, ziglins were the cause of no pigs, +3 gb in top chests and awesomesauce obby, tried routing more pigs but brutes tagged along, blinded on 10 pearls, deep under ocean, 1.0 ch, pigs traded out rest for exactly 12 pearls, 1 break in triangulation, high y28 starter, ripped the 1 eye, perch soon"
4/20/2026 16:56:23,Structureless,Lava Pool,Bastion,00:29:30,00:05:28,00:12:40,00:19:49,00:21:56,00:24:08,00:26:15,00:26:53,00:28:09,8,3,22,0,1,7.66846E+18,Treasure,Ground Zero,1,2,9579,FALSE,"Desert village ow, golem dropped 3, iron for fns on lavapool digdown, didnt press space bar jumping between islands, dropped into lava but boated out onto basalt patch, couldnt block off fully before dying from fire, fortunately everything important was safe, free helmet drop from piglin outside treasure, broke fighting magma cubes in bottom, safely looted before going top, insane bad luck on not getting 19 obby after everything, crazy $500 dono to get over $6k raised, extra gb in bottom rampart side chest got over the line, ssv fort 16 away, fall guys cosplay, caved y14 on blind, educated off vibes to ~0.6, still 800 blocks further, 2.5k dist, <0.4 ch, crazy overhang, went for ground"
4/20/2026 16:25:14,Full Shipwreck,Lava Pool,Bastion,00:20:04,00:04:55,00:06:42,00:09:50,00:12:12,00:13:27,00:15:50,00:17:36,00:18:50,7,0,17,0,0,-3.53292E+18,Housing,Ground Zero,0,0,9578,FALSE,"Nice full ship, small dot map, gapple and fns from RP, dipped to kill animals, bucket MLG mining down into lava ravine, td hauss, low pearls reaching sub 10 fort, some nice stray blazes around, 1.3 ch to 180 180, caved under mountain, emerald ores, no sign of sh and had to digup, wasnt much off, 3 mountain silverfish, annoying nav, ground consistency over back small boi fly"
4/20/2026 16:03:14,Structureless,Lava Pool,Bastion,00:15:51,00:03:56,00:08:54,00:04:58,00:11:51,00:13:05,00:13:47,00:14:22,00:15:09,8,0,3,2,0,3.70289E+18,Housing,Zero Cycle,0,2,9577,FALSE,"Ripped looting 3 and fns in RP, search of good clay patch led to cave, sheep running into water, dug into lavapool, sub 4 enter, fort nearby, warped endermen helped with pearl hang on fort first, only wither strays, 8/3 blazes, wall in the way of housing, still sub 9 2nd structure, manhunt, top chests fragged, 0.5 ch going to -150 150, front 99 almost 2+2, likely sub 13 if any terrain"
4/20/2026 15:46:09,Village,Lava Pool,Bastion,00:20:36,00:05:38,00:06:52,00:13:14,00:14:41,00:16:59,00:18:03,00:18:20,00:19:07,8,0,12,0,1,-3.56825E+18,Housing,Zero Cycle,0,4,9576,FALSE,"Plains village in the face, wheat skip for cod, mined into lava cave, woodlight enter, misjudged housing as stables from back wall, piglin full assassin mode, td with bigfella and ziglin, hosed on pearl trades before backups rectified, fort playing hide n seek. relogged on eye throw, 0.6 ch, front 92 1/8"
4/20/2026 14:59:39,Structureless,Lava Pool,Bastion,00:25:11,00:06:43,00:08:19,00:18:52,00:21:02,00:22:13,00:23:09,00:23:33,00:24:23,7,2,18,0,0,-5.14113E+18,Bridge/Treasure,Zero Cycle,0,2,9575,FALSE,"Atrocius taiga spawn, brewing stand loaded on 32 rd, lucky caves, skeleton nation almost killed, death reset while smelting, river salmon for food, cave went down to lava, brijj got a nice basalt renovation, cs only option, pigs gave false hope of 20 obby, pearl hang failed multiple times, no obby from 4 backup gbs including forbidden (2.8%), treasured anyways and got it from a side chest, much needed crimson after running out of food a while back, warped fort, ripped 350 block blind, surfaced 1 chunk off, front 99, nice post blind to save sub 25"
4/20/2026 14:33:17,Village,Lava Pool,Bastion,00:29:02,00:11:40,00:12:38,00:17:41,00:20:00,00:21:49,00:21:49,00:22:41,00:24:03,13,1,16,0,1,-4.60642E+18,Treasure,Other,0,2,9574,FALSE,"Norwegian, snow tundra spawn, village pitstop before forcing ocean. worth killing golem, dissapointment after mining out very inaccessible food chest, W salmon from bt, classic y6 lavapool, sub 9 enter, pearls and fire res took up most of the top trades, diamond chestplate in bottom, went on a big loopy journey to find far fort, 1.1 ch to super far 2nd ring, icepie, flew on 99, e-w perched on ground"
4/20/2026 11:55:17,Structureless,Lava Pool,Bastion,00:24:51,00:12:30,00:14:07,00:18:22,00:19:48,00:21:01,00:22:39,00:23:10,00:24:08,8,2,11,0,1,2.12576E+18,Treasure,Zero Cycle,1,0,9573,FALSE,"Sent ocean instead of village, bonked off polar bear while ice boating, got mogged by trident guy while looting ruins and died, regret committing ocean, went village, a rolled on jobs and turned too late in the day for villagers to get new jobs, iron underwater, long tunnel for lavapool with 3 diamonds, poundy portal into tall portal, sub 12:30 enter WOOO, trevor shoo'd away fire alarm finally after 1hr 28min, leaving for fort with dia pants, rates cranked, 0.5 straight line, nailed triangulation after going down to 12 eyes, back 90 small boi"
4/20/2026 11:25:21,Desert Temple,Magma Ravine,Bastion,00:26:46,00:06:32,00:08:33,00:14:23,00:18:04,00:19:21,00:20:34,00:21:03,00:21:55,8,0,13,0,0,8.9934E+18,Stables,Zero Cycle,0,0,9572,FALSE,"Pirate-speak, world name Fire Alarm, ripping crazy DTs with this one having 6 diamonds (0.4%), sadly no iron, tnt mined for it, lavapool in desert, bad time to run out of blocks in stables, ttg, fire alarm guys arrived, still going to take a while, traded other gap for more pearls, 20 to fort, fire alarm stopped momentarily at the 1 hr mark then started yapping few seconds later, fourk tnt, 1200 dist, back 95"
4/20/2026 10:57:24,Full Shipwreck,Magma Ravine,Bastion,00:19:46,00:07:35,00:08:37,00:13:00,00:15:07,00:16:22,00:17:25,00:17:47,00:19:03,8,0,14,0,0,-6.46206E+17,Treasure,Ground Zero,0,2,9571,FALSE," Spent 5 minutes swimming deep into 1st ring for a ship, clost bt had loads of iron, respiration helmet from RP, worked around underground magma, chat getting very silly with fire alarm stuff, close treasure, used item elevator even tho fire alarm guy says not to, played bottom too, warped fort 19 away, 0.7 ch, slowly going insane from fire alarm, went in for ground"
4/20/2026 10:36:35,Village,Lava Pool,Bastion,00:18:01,00:05:10,00:06:29,00:10:37,00:12:36,00:14:00,00:14:33,00:14:55,00:17:32,8,0,12,0,1,-4.27393E+18,Bridge,Half Bow,0,1,9570,FALSE,"Fire Alarm testing in apartment, muted for a while, plains village far away, couldnt save lavapool deep in cave from flooding, worked out with finding 4 diamonds at another once, dk, 26 diag fort, 0.7 ch, fell through tower bars, boated out to make 95, mishotkeyed to crying and botched zero, went back to boat stuck in bars, ground fireballed, Fire Alarm% PB"
4/20/2026 10:16:49,Village,Lava Pool,Bastion,00:22:47,00:05:13,00:08:16,00:13:06,00:14:48,00:17:36,00:18:20,00:20:58,00:21:53,8,0,16,0,1,-8.53564E+18,Bridge,Zero Cycle,0,0,9569,FALSE,"DT ate village house, insane 2 egaps (0.47%), no iron, 5 iron + cod, saw joke of a lavapool from hilltop, fell into lava cranking speedbridge, 1/2 egaps down, went through big basalt for brijj, tnt pigface, almost thought lost gb to 1 lava spot in the corner but they just fell down, greedy robber pigs, survival of the smartest, dk, fort 21 away, fourk tnt, 0.3 ch was closer to 0.4, gross ravine strongshaft, burning library, flooding in the wrong places, easy but dumb nav, front 95"
4/20/2026 9:51:56,Structureless,Lava Pool,Bastion,00:15:08,00:03:55,00:04:59,00:04:45,00:09:10,00:10:19,00:12:23,00:12:41,00:14:41,8,0,13,0,0,1.31875E+18,Housing,Full Bow,0,0,9568,FALSE,"Lavapool and cave right off spawn, insane 15 cobble skip from 3 creepers (one dropped 11 tied pb), most random underground for RP, nice 41 nuggets, sub 4 semi-structureless enter, intersecting housing fastion, td, good chests saved from underwhelming pigs, sub8 fort, 3 skeletons in a crimson at a double spawner, educated travel to being caved under jungle, game bugged on nether re-entry and had to relog, 500 off, y96 mountain digdown, PR directly under random 4-way room, flies on 95, 3 explosives left, aimbot installed for shooting down towers, dragon perch for sub 15, TOP 5 OVERWORLD TO NETHER ROLLED"
4/20/2026 9:36:01,Village,Lava Pool,Bastion,00:22:08,00:04:01,00:05:25,00:13:34,00:15:51,00:16:58,00:18:19,00:18:51,00:21:25,8,0,14,0,1,7.46775E+18,Stables/Treasure/Treasure,Half Bow,0,1,9567,FALSE,"Charity Marathon Day 2, Insta village, wheat skip for cod, mined into HUUUGE lava ravine, poundy portalled, sub 4 enter with gigantic 90 spike immediately, piglin friendly dire, played double triple stables, enf trades at the very end, treasured and trading for more pearls. gold acted well as temporary trade hole blocker, avoided obvious treasure to reach failry closeby fort, 0.8 ch, nice misplace, pushed back 90 small boi but dragon hates charity"
4/19/2026 21:36:41,Buried Treasure,Lava Pool,Bastion,00:24:40,00:03:59,00:04:59,00:15:25,00:17:40,00:20:25,00:21:20,00:22:33,00:23:49,8,2,23,0,0,-1.23837E+18,Housing/Treasure,Ground Zero,0,1,9566,FALSE,"Italian, contemplated sending foodless enter seeing good ship and kelp, not enf iron, bt near spawn island, loads of gold, only 4 salmon, fake ravine also, dug for lava, sub 4 enter, td hauss, backups got to 19 obby, nice mongey chest, chicken jockey for food, far spawner turned full diag into a trevor, no spawner in 32, hoglin on the edge of terrain, loaded something after a while, some eray but real, subspace blind, 0.5 ch out of ring, went 0.6 and still went backwards, almost 0.7, junglehold, creeper-con, absurd nav, o60 cage, a nice reminder for Ground Nation Day, raised over $5k on day 1"
4/19/2026 20:47:59,Full Shipwreck,Magma Ravine,Bastion,00:30:28,00:06:13,00:08:27,00:14:07,00:16:34,00:20:38,00:21:27,00:24:36,00:25:53,7,1,12,0,0,-2.77608E+18,Housing/Treasure,Half Bow,0,0,9565,FALSE,"B2B Latin, Oceans on either sides looked awful, lost 50/50 on one that opened up more, solid ship loot, weird 1 deep spot for 2x1, nice fix, scary tdm, heading out with 6 garrots, trevor shows up, 1k out for fort, 0.2 ch obv wrong, went full 0.4 accounting maximum error, heart attack wall lava, terrain mainly wall, nether roof was better, portalled out into mesa, ended up being 0 zombie day care, creeper and skeleton in pr like name soemthing not present, low beds so didnt go for zero, 7/8 on bow shots, awkward one cycle"
4/19/2026 20:16:08,Structureless,Lava Pool,Bastion,00:22:11,00:08:00,00:10:55,00:16:06,00:17:25,00:19:19,00:19:49,00:20:20,00:21:14,7,1,14,0,0,7.58899E+18,Treasure,Zero Cycle,1,0,9564,FALSE,"Couri chooses Latin, funky dark oak terrain, no caves in sight, farmed salmon before bolan iron, dropped into ravine mineshaft and one shot killed by skeleton, copus on overlapping cooking, unintended TAS save of 6 diamonds from lava, mined past debris entering bottom trevor, pigs insta attacked on bridge, drill through wall to fort, 1.2 ch, mined 1 obby, bats gave no spike, pushed back 95 small boi"
4/19/2026 19:52:42,Village,Lava Pool,Bastion,00:22:02,00:05:30,00:06:26,00:15:22,00:17:36,00:19:15,00:19:27,00:20:15,00:21:08,8,0,13,0,0,-3.55033E+18,Treasure/Treasure,Zero Cycle,0,2,9563,FALSE,"Lolcat, close furnace and lavapool, desert blacksmith sucked, sent ocean without golem kill, bt after ship back to spawn coast, woodlight over going far for flint, took a while to light, got help from terrain to reach treasure better, random late pigs, no quadrants seemed good, went to break spawner, fish mode 1 helmet, new spawner seemed bad from the get go, low pearls so traded out, new deterioration unlocked, routed terrain pigs too, fully dripped out, 16 to fort, sub 450 blind, strongshaft icepie in ruined state, front 99"
4/19/2026 19:29:16,Full Shipwreck,Lava Pool,Bastion,00:22:37,00:06:51,00:09:11,00:15:17,00:17:15,00:19:18,00:19:57,00:20:55,00:21:42,9,1,11,1,0,3.62465E+18,Housing,Zero Cycle,0,0,9562,FALSE,"Narrator for $5k raised in Pirate, realisation hit little late to switch on narrator, nice shipwreck, went bt for extra food, dug for a while to find lava, far td hauss, backups to get 1 last obby, 7 garrots with leftover gold, mainly wall to 20 chunk fort, ""Victorious in a Sea Battle"" for RTS, rates cranked, 0.5 ch, looked at enderman through lava curtain, took cave shortcut to sh, mined into pr, redemption front 97 1/8, RIP TH big bad bat"
4/19/2026 19:04:55,Buried Treasure,Magma Ravine,Bastion,00:27:48,00:06:44,00:13:52,00:17:22,00:19:09,00:21:34,00:22:33,00:24:45,00:26:33,8,0,12,0,0,1.45487E+18,Stables,Half Bow,0,2,9561,FALSE,"Ukrainian language, Fns from rp, tested out axe on bee nest to recognise silk touch, sent ocean, trash UD ship, bt fragged, went back to enter ravine from earlier, no bathtubb allowed, aimbot skeleton, entities dipped as low as 180s on 32 rd for a while, 600 blocks out when loading something, didnt ever see a fort, got carried away during food restock in crimson, 1st stables of the day on run 18, that too 1k blocks out, ttmtg, hot tourist going to fort, 0.4 ch in 4th ring, chat lockedin to cross $5k - Double F5 (selfie mode) speedrun scheduled for next day at noon, 2.3k dist, awful ravine strongshaft, pr just past library but gross nav, sent front 90 on o58, didnt realise low beds and had to back out, 4 anchor perch setup"
4/19/2026 18:34:37,Village,Lava Pool,Bastion,00:20:02,00:06:45,00:07:34,00:13:13,00:15:13,00:17:16,00:17:16,00:17:53,00:19:08,8,0,12,0,1,-5.29697E+18,Treasure,Ground Zero,0,1,9560,FALSE,"Esperanto run, furnace, many floating trees, double blacksmith, only 1 was useful with pickaxe, golem dropped 3, spotted RP in forest, ripped fns and armor, weird lava completion, gravel fell into lava around portal, blocked trade hole on boomer, threw away stone wall from RP time - we blame jake, ghast in bottom, flikado (mending) sword, 16 diag to fort, lava curtains all around, 0.5 ch 1st ring, surprise icepie, spider dungeon, skeleton squad in the way of pr, overshot then undershot pearls for back small boi, bailed to do ground zero"
4/19/2026 18:07:39,Village,Lava Pool,Bastion,00:21:18,00:04:47,00:10:23,00:04:59,00:13:10,00:15:57,00:18:54,00:19:14,00:20:29,8,2,14,0,1,6.34184E+18,Housing,Ground Zero,0,2,9559,FALSE,"Palindrome run no., spruce village on other side diagonally of giant snow mountain, 2 iron picks from blacksmith, golem as well, largefern and decent food, mined into lavacave, staring at a fort, bastion somewhat far, some shieldless fort first action, basalt housing, chose to manhunt after picking up easyouter gb, pigs couldnt figure out way around basalt blockade, daycare on blind, 0.4 ch back to 1st ring, stil 500 blocks off, gross 2450 straight line with sub 0.4 ch, ground again"
4/19/2026 17:45:36,Structureless,Lava Pool,Bastion,00:19:21,00:06:54,00:07:50,00:12:10,00:13:54,00:15:15,00:16:47,00:17:25,00:18:56,9,0,16,0,0,4.5986E+18,Bridge,Ground Zero,0,1,9558,FALSE,"Spruce village pieray being weird, eray didnt work out, 1 iron 3 obby blacksmith, cooked potatoes on campfire, dipped to caving, lavapool flooded by random water and only 1 deep, better one closeby, instant eray, looped around massive wall to see brijj, cs, not a ton of pearls to keep chucking, ssv fort 20 away, 0.7 full straight, zombie troubling during pre-crafts, dug into pr, 2 pearl back zero not happening, flew on ground once"
4/19/2026 17:24:44,Structureless,Magma Ravine,Bastion,00:18:42,00:07:48,00:09:46,00:13:28,00:15:18,00:16:18,00:16:19,00:16:31,00:18:03,7,0,8,0,0,-3.40131E+18,Bridge,Half Bow,0,0,9557,FALSE,"Pirate-speak, sand misled to desert instead of ocean, skeleton wars in cave, cows enjoying a bath when some random guy lights them on fire, cave digdown enter, lost 1 pigface gb to basalt corruption, dk, ssv fort, ripped 350 blind dist in 2nd ring, icepie, easy nav, didnt force SS on 7 explosives, +$5 to charity"
4/19/2026 17:03:47,Village,Lava Pool,Bastion,00:25:01,00:05:15,00:07:18,00:16:59,00:19:44,00:21:20,00:22:23,00:23:01,00:24:07,8,3,18,0,1,-5.45168E+18,Treasure/Treasure,Other,1,2,9556,FALSE,"Narrator for $4k raised, Luxembourgish, AA ow with DT and village, only 1 iron, took major damage from spiders and got blown up by tnt, skeleton didnt learn from couri's earlier mistake, lavapool by village, walked off portal into lava pit trap, good block clutch, mined into trevor, pigs being idiots, dia sword, got a pearl hang off to fort awaiting bottom gold trades, mc was like nope its another trevor, almost died to random fall, big basalt wall to fort, kinda double spawner, fourk tnt, yikes 0.5 full diag, going near 150 150, 2.6k dist, creeper in starter, strongshaft, flew on 95, insta perched on ground"
4/19/2026 16:35:50,Full Shipwreck,Magma Ravine,Bastion,00:21:23,00:06:22,00:07:56,00:11:33,00:14:12,00:15:30,00:16:54,00:17:53,00:19:03,8,1,17,0,0,6.08707E+18,Housing,Ground Zero,0,2,9555,FALSE,"Ukrainian, Mapless spike too large from ruins, accepted death to trident guy having no tree nearby, ship then bt for loads of iron, small island faced tree extinaction, magma ravine near, Poundy's wonderful puns, pigs assisted on hoglin kill, no good pearl luck from housing AGAIN, fort 18 away, 1.3k dist, boated far away tho only 1 chunk off, lava ravine dropper under starter, weird nav, o58 cage and pearl low for zzero, dipped to ground, +$5"
4/19/2026 16:13:06,Structureless,Lava Pool,Bastion,00:20:41,00:06:16,00:06:36,00:12:45,00:15:14,00:16:42,00:17:28,00:18:07,00:19:49,8,0,13,0,1,-5.90104E+18,Housing,Half Bow,0,1,9554,FALSE,"The French gave a snow spawn, caved on the way to village, PartyHorse, decent food, zombie hoarde in cave, instant housing, tdm, zombie pig on tdm, piglin rush delayed mid gb mining, not a ton of pearls even with backups, terrain doid going to fort, blaze souffle, blind caved by 1 block, 0.8 ch, won the 50-50 on correct spike direction, too late from cage on back zero, perch for $5"
4/19/2026 15:21:16,Village,Lava Pool,Bastion,00:20:47,00:06:30,00:07:32,00:11:03,00:12:57,00:13:47,00:13:47,00:14:10,00:15:32,9,0,14,0,1,1.35812E+18,Bridge,Ground Zero,0,1,9553,FALSE,"Couri chooses another latin, insta acacia village, 5 iron golem and ripped emeralds for bucket, dropper cave digdown, gravel fell into lavapool, somehow lost water and had to go back up, sick beautiful GRIDLOCK underground teaser vid, ferusporcus hoglin, nice dk route, scared for a moment getting no trades but hadnt gravelled pigs, 26 chunk ssv fort, 9 rods, icepie on 650 block blind, pearl too low for back zero, almost fell out of boat mid air, crafted bars to ground"
4/19/2026 14:59:06,Structureless,Lava Pool,Bastion,00:22:17,00:04:29,00:05:50,00:11:11,00:14:22,00:16:36,00:18:07,00:18:48,00:21:20,7,1,19,0,1,-4.93458E+18,Treasure,Full Bow,0,1,9552,FALSE,"Latin, pierayed village, chat getting very silly with adding -us at the end of word, golem pathfinding took him on a loop around tree, dug straight into lava, 1 deep so easy save, piglin homoporcus, very silly language, pre-filled treasure trade hole, cubus magmatis, dia pants, 21 to fort, 0.7 ch, weird mispalce but had extra, caved under mountain, endermen fvuup, weird cage and back zero no chance, flubbed ground, 1 perch"
4/19/2026 14:34:16,Structureless,Lava Pool,Bastion,00:24:41,00:08:43,00:12:16,00:09:09,00:17:22,00:19:13,00:20:39,00:22:08,00:23:05,8,0,14,0,0,-5.22644E+18,Bridge,Zero Cycle,0,0,9551,FALSE,"Ukrainian language supporting the charity, caved for iron, animals far away in forest, fake lava jumpscare on digdown, real one next to it, warped fort at spawn, natural fort highway bridge over lava, getting sniped by strays in no man's land, pick on life support mining into brijj, cs, trades mainly went to fire res, leaving with 18 pearls, distracted by discord and had to use 1 to live fall, played just off 5 rd strays, shallow 1st ring sh, mineshaft giving big spike, whack island, front 94 SS"
4/19/2026 14:04:19,Village,Magma Ravine,Bastion,00:30:30,00:06:57,00:10:40,00:19:13,00:20:46,00:23:29,00:25:06,00:26:46,00:27:40,9,0,9,0,1,8.44536E+18,Housing,Zero Cycle,0,1,9550,TRUE,"Recent version 26.1.2 incentive for $3k raised, Lolcat narrator didnt brick pc SUCCESS, pause menu slightly laggy, somewhat annoying to listen to, sent ocean, sick looking mesa, half boat with nice food and map, kitteh swims in blob blob blob, bt bottom fragged on iron, village for more food and golem, mega lag spike opening inv too quick, exceptional 2 gb 8 garrots rp to enter, eray disfunctional at first,  telling baby ziglin to not carry spears, massive lavafalls around top housing, ripped looting 1 sword, loaded on garrots, ran past brute on lava housing route, elevatored in wrong spot, narrator full yapping mode throughout, 13 pearls from 21 gb not bad not horrible, fort 14 chunks away, 9/8 rods, turned off particales coz of unbearable lag, caved on blind, ocean shortcut to surface, 0.7 ch to 450 450, cutely said i love u to baby ziglin, spawned in amethyst geode, nailed triangulation, y30 starter, spawnerless dungeon, extra wood from library for beds, sent 2 pearl front 94 SS, mesa was ginormous and very mountainous, floating plus(+) sign over cave like bt"
4/19/2026 13:28:01,Structureless,Lava Pool,Bastion,00:27:25,00:06:34,00:10:19,00:15:39,00:18:38,00:20:34,00:22:20,00:25:17,00:26:42,8,1,19,0,0,-7.26402E+18,Bridge,Half Bow,0,2,9549,FALSE,"Lolcat, flower forest without trees, killed pigs then went for clay bolan, dug all the way to bedrock for enf iron, heard lava in between, no blocks left to build a bridge, 2 ghasts attacked during mining spree, had to make slabs for final part, crossbow guy shot a ziglin, rest is history, pivotted to benex route seeing many pigs on side terrain, 19 obby with pigface gold, pearl hang while getting backups failed miserably, 16 to fort, 0.8 ch, no wood left after pick break, portalled out early, fist mined a little netherrack, ocean exposed sh, difficulty finding infested stone spot to mine in, found library for wood, axe broke dealing with mob nation, creeper hellway, iron pick in altar chest, 1 in 1502 odds 20 redstone in 2 chests, didnt send backl zero, no iron for bar, perch soon"
4/19/2026 12:59:25,Full Shipwreck,Lava Pool,Bastion,00:22:35,00:05:36,00:07:45,00:13:00,00:15:15,00:18:21,00:20:07,00:20:53,00:21:42,8,1,12,0,0,-8.71699E+18,Housing,Zero Cycle,0,2,9548,FALSE,"Pirrrrrrate, snow tundra spawn, ship and close bt gave loads of iron and 7 salmon, small cave opening to digdown, no punish for pre-crafting dia sword with 3 more, distant eray, goated pigs traded some pearls and fire res, clutch for travel, fort along the way, tdm, slipped into gap from mid, bastion pigs absolute trolls on pearl trades, backups and outer didnt help much but enf to leave, iron for anvil, 0.7 ch, super shallow 1st ring coords, caved under snow hill, both sh coords around 950 insane (1340 radial), back 95 almost 2+2"
4/19/2026 12:29:58,Buried Treasure w/ tnt,Magma Ravine,Bastion,00:18:25,00:03:41,00:06:07,00:10:03,00:13:03,00:14:21,00:15:32,00:16:19,00:17:25,8,2,21,0,0,-5.66315E+18,Housing,Half Bow,0,3,9547,FALSE,"Pirate speak, mapless bt, dug for lava, close manhunt hauss, 30+ obby after chests, sub 10 fort, rates started out bad, 1.2k blind dist, TAS nav, great pearl for t103 top setup, backed out doing no kb, quick perch"
4/19/2026 12:10:20,Structureless,Lava Pool,Bastion,00:25:26,00:06:55,00:08:53,00:13:46,00:16:46,00:18:33,00:20:40,00:22:30,00:24:08,8,0,24,0,0,2.2668E+18,Treasure,Half Bow,0,0,9546,FALSE,"Narrator for $2k raised incentive in Pirate speak, chestless RP, played structureless, let out a very authentic moo, nether path pre-carved out, hoglin blockade going onto trevor bridge, clean route, half dia armor from bottom, ssv fort in 18, lived drop on 1 heart, 1.3 ch, sneaky wither attack, caved, eye didnt change direction much so surfaced, quite off for 1.3 angle, weird nav, didnt push back 1/8 to awkward terrain, crazy damage on one cycle"
4/19/2026 11:43:32,Village,Lava Pool,Bastion,00:24:30,00:06:27,00:08:43,00:16:31,00:18:12,00:20:14,00:21:50,00:22:08,00:22:57,9,2,10,0,1,1.73976E+18,Treasure,Zero Cycle,0,2,9545,FALSE,"Lolcat Narrator for $1k raised incentive, pierayed village in the distance, no hay in sight, pivotted to nearby ravine, mining at y10 for lava, insane basically $1k dono form jazzhack, one of the worst lava treasures ever, plumbed then went bottom while it drained, steal all diz thingz 1 (looting 1), nice garrots, routed top with some difficulties, random pig barged in late, crafted helmet for jazzhack armor,ssv fort, nice fire res clutch in lava, most peaceful withers, drought spell in the middle for rod rates, 0.4 ch awesome, animal pack food drop, 2.6k blind, front 95"
4/19/2026 11:17:40,Structureless,Lava Pool,Bastion,00:27:30,00:06:29,00:08:36,00:17:58,00:20:28,00:23:02,00:23:45,00:24:24,00:25:38,8,0,18,0,0,3.41979E+18,Bridge/Treasure,Ground Zero,0,1,9544,FALSE,"April month Charity Marathon supporting Razom for Ukraine in their efforts to establish a secure, prosperous and democratic Ukraine, raised $850 before starting runs, Lolcat language, meow ing for every $5+ dono, jungle spawn, 2 diamond and some flesh from jemple, nice cave nearby, rotten flesh ""tastes like broccoli"", lavapool RP for enter, 8 8 tech to mine into pigface, 2 rounds of cs, pigs full trolled not even giving 10 obby,  left seeing spawner was trevor, hoglin skydrop, lost 1 gb to lava and full inv, hit 20 obby off top trades despite getting nothing in chests, plumbed blaze spawner, 0.6 ch, rain fog, random lag spike, lost sub 25 to nav, went in for ground"
4/18/2026 20:11:36,Village,Lava Pool,Bastion,00:23:49,00:03:21,00:08:03,00:13:02,00:15:29,00:16:47,00:16:47,00:17:18,00:18:24,8,0,19,0,1,5.04698E+18,Stables,Ground Zero,0,0,9543,FALSE,"Spruce village, golem aand rare occasion of cod skip, sent enter with not much food, ginormous eray, crazy glowstone spot saving from big drop into lava, saving iron pick for wall, triple triple stables all for 10 pearls, life is fake, opened trade hole with 19 pigs and sent ttmtg, dealt with hoglin first, a million ziglins scared away pigs preventing entity cram, brain overstimulated with how many things went down in that gap, farmed outer hogs, spawner real despite signs indicating trevor, RP on mushroom blind, 900 dist, icepie, went for ground"
4/18/2026 19:46:26,Buried Treasure w/ tnt,Lava Pool,Bastion,00:20:42,00:05:42,00:07:19,00:15:43,00:17:30,00:18:47,00:19:14,00:19:18,00:20:04,8,2,10,0,0,-4.36981E+18,Treasure/Treasure,Zero Cycle,0,1,9542,FALSE,"Pink sheep off spawn, ripped mapless but only 5 iron, creeper blast created a gravel wall, tnt'd ore but somehow got lost , lavapool in same cave, set tnt off at another ore patch before dying to a billion mobs, escaped with items on low health 2nd try, death reset, one of the silliest overworld, lava on treasure bridge, pigs too stupid to cross even after making a path, dia chestplate, mega eray towards spawner, no other choice but to go break spawner, farmed hogs on the way, another big spike but this time prolly a fastion, 0.7 subspace blind, caved at y13, surfaced to see ocean exposed pr, back 99 but couldnt save sub 20"
4/18/2026 19:23:21,Village,Lava Pool,Bastion,00:14:24,00:03:09,00:04:16,00:07:16,00:08:39,00:10:26,00:11:24,00:12:45,00:13:59,8,0,16,1,1,7.07827E+18,Housing,Ground Zero,0,2,9541,FALSE,"Blacksmith village spawn, 2 iron 5 obby, grabbed furnace for fns iron, rare creeper gravel mining skip, dug into lavacave, 3 min enter at y101, close eray to hauss with spawner, tdm with ziglins didnt go great, 7 min fort, 1.0 ch, lockedin on math and blazes at once, stupid zombie dungeon gave wrong spike, also mineshaft, good early pivot on 2-way starter, miseed pearl to back small boi, cope of flying early, most clutch ground to secure B2b sub 14 and 2nd ever b2b sub 15"
4/18/2026 19:07:53,Structureless,Lava Pool,Bastion,00:13:34,00:04:45,00:05:42,00:04:45,00:08:59,00:11:07,00:12:02,00:12:30,00:13:19,8,0,19,0,1,-5.23118E+18,Housing,Zero Cycle,0,2,9540,FALSE,"Instant village, golem protecting well from zombies, extra iron going down cave, easy to miss gravel but found some at lavapool, fort spawn and instant eray, nice housing fastion making up for garbage seeds earlier, td, sub 8 fort, 0.6 ch, really far 1st ring, extra rod took a while, nice wormhole, front 95 for low 13, and 1st zero of the DAY "
4/18/2026 18:53:07,Half Shipwreck,Lava Pool,Bastion,00:17:07,00:06:28,00:07:49,00:11:25,00:13:25,00:14:59,00:15:00,00:15:25,00:16:42,8,0,14,0,0,9.38665E+17,Bridge,Half Bow,0,1,9539,FALSE,"Spotted ship miles away, tons of iron, dipped on bt to kill animals, dug for lava, far brijj, weird tree on cs, fort in 29, double debris right above spawner, blind in ginormous ravine under ocean, 1.2 ch, almost lost sight of it after eye throws, icepie, wormhole nav, didnt want to risk dragon flying on back zero, TAS bowshots, quick perch"
4/18/2026 18:34:39,Structureless,Lava Pool,Bastion,00:28:18,00:07:21,00:11:40,00:17:59,00:20:29,00:23:02,00:24:51,00:26:04,00:27:35,8,0,16,1,0,-7.81683E+18,Stables/Treasure,Half Bow,0,1,9538,FALSE,"Only jungle all around, caves didnt work out, set salmon cooking, W bolan worked out for iron and 8 diamonds, lavapool a little further, lava sneaked up when killing hog, dissapointment in killing one right after it stopped burning, gap route, low string,"
4/18/2026 18:00:13,Village,Lava Pool,Bastion,00:19:38,00:07:05,00:08:31,00:12:22,00:14:08,00:16:35,00:16:36,00:17:29,00:18:32,7,0,15,0,2,-8.87588E+18,Stables,Half Bow,0,0,9537,FALSE,"Furnace on 32, prophecy of snow village came true, saw a plains one near and pivotted to double golem kill, gridlock bed colors, haybales hiding in trees, surface lavapool enter, saw fort on the way to stables, ttg, backups for last extra trades, complaint strats worked on blazes, caved at y 59, 850 dist, ravinehold icepie, dragon flew on 99, 1/13 insta perch"
4/18/2026 17:39:32,Full Shipwreck,Magma Ravine,Bastion,00:23:40,00:07:57,00:09:44,00:14:15,00:14:59,00:16:47,00:18:35,00:19:54,00:21:08,7,1,18,0,0,7.92881E+18,Housing,Ground Zero,0,3,9536,FALSE,"Jungle spawn, jemple on the way more or less trash, gold pantss from RP, 900 blocks of ocean to find ruins with close map, crazy 16 iron, dug into underground magma, almost died on td, fort 25 full diag, weird 4-way arching roof above spawner, 0.3 ch, trevor near coords, portalled out slightly early to ""guarantee icepie"", missed after 3.2 ch, didnt even hit starter after triangulation, 2556 dist, stuck on pearl clip, nice save mid-ground"
4/18/2026 17:14:48,Structureless,Lava Pool,Bastion,00:22:35,00:05:55,00:08:13,00:13:41,00:16:16,00:17:34,00:18:47,00:18:50,00:21:36,8,0,17,0,1,7.12731E+17,Treasure,Half Bow,0,2,9535,FALSE,"Desert village on other side of hill, made furnace for no reason, frontloaded wood, Partially underwater RP had fns and 1 iron, TAS golem dropped 5 to leave, mined past fake lava to real one, saving iron pick on big wall, f2 bigfella spawns entering bottom treasure first, piglin sky attack, weird lava treasure with tree blocking stairs, 11 to fort, 0.8 ch, coords inside treasure, ocean exposed pr, trolled placing blocks for 103 setup, stupid dragon"
4/18/2026 16:49:28,Structureless,Lava Pool,Bastion,00:22:59,00:05:55,00:07:07,00:11:36,00:12:55,00:17:50,00:19:39,00:20:29,00:22:14,14,2,13,1,0,5.06812E+18,Bridge,Half Bow,0,2,9534,FALSE,"Ventured deep into cave for sufficient iron, running around with berries finding small animal pack, free pearl from daytime enderman, dk but not many pigs, big trevor vibes but prolly from so many magma cubes in direction of fort, spawned on acacia village house, 0.8 ch, rare blacksmith, fighting demonic ghasts,fireball caused misplace, had to go and trade brijj backups, bigfella backstab while mining, diagonal moment on radially far sh, almost died mispearling into ground, weird wormhole, not worth o58 back small boi, clean 4 rotation one cycle"
4/18/2026 16:25:40,Structureless,Lava Pool,Bastion,00:25:26,00:05:48,00:09:06,00:16:03,00:18:19,00:20:52,00:21:49,00:22:15,00:24:47,7,0,22,0,0,-5.52955E+18,Housing,Full Bow,0,0,9533,FALSE,"Ship faking mapless spike, BT far in complete opposite direction of guaranteed lava enter RP, dipped to play structureless style, ran out of leaves crossing big lava sea to hauss, had to crank out slabs, ziglin walked through at bad spot and time on tdm, 1 pearl trade from entire gap (bottom 1.6% luck), backups gave decent amount, 28 chunk fort past a wall, just awful blaze rates, 1.0 ch, mob convention at starter, trolled back 90 USS by not setting up all anchors, washed aim, good enf to 1 perch"
4/18/2026 15:58:36,Misc,Magma Ravine,Bastion,00:59:12,00:10:02,00:35:20,00:25:18,00:27:09,00:29:04,00:29:31,00:31:46,00:32:53,10,1,11,0,0,7.12482E+18,Bridge/Treasure/Treasure/Treasure,Ground Zero,0,1,9532,FALSE,"Fns hemet and axe from RP, nothing good in ocean for 1200 blocks, amazing 10 garrots RP, 1.7k out for 1st shipwreck which wasnt even good except more food, small dot map, another full ship gave enf iron, mineshaft weirdly cut off, bubbles after mining over 100 blocks, 8 min enter on basalt ledge, went for lunch break, 3rd RP of the seed, cs brijj, spawner seemed fake, no choice but to go break,"
4/18/2026 14:57:10,Structureless,Lava Pool,Bastion,00:25:32,00:05:14,00:07:17,00:13:09,00:15:57,00:19:21,00:20:29,00:23:33,00:24:47,17,2,28,0,0,4.27902E+18,Housing,Half Bow,0,0,9531,FALSE,"Structureless ow, mined into lava ravine, eray seemed fake and concluded nothing in 32, stiil headed there and turned out to be housing, trevor streak killer, almost armorless manhunt, garbage terrain to fort, 0.6 full diag, relogged in sh, still got a bajillion mobs, also mineshaft, horrible time navving, didnt send back zero, no bitrate one cycle "
4/18/2026 11:56:11,Structureless,Lava Pool,Bastion,00:29:32,00:06:46,00:07:46,00:21:39,00:25:38,00:26:13,00:27:30,00:27:57,00:29:12,8,1,22,0,0,1.48963E+18,Treasure,Half Bow,1,4,9530,FALSE,"Awful surface caves, pivotted to river gravel bolan, hit giant ravine with lavapool, forgot to put in coal to smelt iron, miscrafted a bunch of sticks, treasure nearby, so close to leaving just off top, hoglin and bigfella teamed up, hosed on string trades while leaving, misjudged lava pool depth after pearl hit a wall over it, death by Rowl moment, re-played overworld, saw fort from spawn, traded leftover bottom gold, loads of pearls again, decent amount of explosives, pearl hung to home portal, low fort height, spawner trolling with spawns and rates, educated travel, weird cave gen, nailed portal, fell while pushing front 99, insta diagonal perch, placed torch instead of last bed, couldnt reach dragon and had to detonate in front"
4/18/2026 11:22:06,Structureless,Magma Ravine,Bastion,00:28:32,00:09:20,00:18:23,00:10:04,00:21:39,00:24:16,00:26:17,00:26:32,00:27:50,9,0,18,2,0,3.32852E+18,Treasure,Ground Zero,0,1,9529,FALSE,"Nice cave on the way to spruce village, largefern, ofc village has a toolsmith and blacksmith which both have iron picks, made full tools + shears with iron from earlier, really good food chests, 2 picks really helpful in grueling mining operation, 4 diamonds just before lavapool, floating spawn, no bastion in 32, fort next door, ripped iron in chest for shield, something loaded right after leaving but prolly different warped fort strays, nailed down actual eray only after running for 800 blocks, always nice to see lava treasure 1,150 out, enf trades off top + mining some obby, subspace 0.5 blind to 4th ring, baby piglin snatched boat, mountain sh digdown, TAS pearl to t100, messed setup and didnt risk being stupid 11k in ow, closing out with 8 bed ground"
4/18/2026 10:50:58,Structureless,Obsidian,Bastion,00:20:26,00:04:10,00:04:25,00:10:38,00:13:05,00:15:28,00:17:24,00:18:21,00:19:35,8,1,14,0,0,7.6338E+18,Treasure,Ground Zero,0,0,9528,FALSE,"Lavapool in sight heading to RP, completable with mining 1 crying, caved for iron pick, overlapped cooking animals with mining, instant treasure, pigs cranked trades, forcing quadrants for pace didnt pan out, fort ended up 600 blocks out, 0.6 ch, mob army above sh, crazy low y8 starter, no read, threw an eye while filling portal, punished by not having enf pearls for back zero, ground pivot"
4/17/2026 20:54:12,Buried Treasure,Lava Pool,Bastion,00:21:12,00:07:28,00:08:18,00:14:12,00:15:40,00:18:15,00:18:57,00:19:33,00:20:22,9,1,12,0,0,4.44129E+18,Treasure,Zero Cycle,0,0,9527,FALSE,"Ship with close bt, dia sword, not great food wise, fake ocean ruins kelp, dug for a while to find lava, iron pick broke 1 gb short of full top, got the iron trades but not many pearls, ghast boat riding heading bottom, dia chestplate, 14 full diag fort through basalt, high plumbig work around spawner, nice block palette to expand platform, 1.0 ch, front 99"
4/17/2026 20:32:20,Structureless,Lava Pool,Bastion,00:18:24,00:05:29,00:08:01,00:13:40,00:14:14,00:15:09,00:15:10,00:15:48,00:17:26,8,0,3,1,1,-4.00823E+18,Treasure,Ground Zero,0,1,9526,FALSE,"Plains village in the dist, W cod skip, cave for shears as well, no pearl drop, dug into lavacave, intersting dig in spot for trevor, ta crossbow guy, not a lot of top gold or obby, ripped looting 3 in bottom, same tunnel out towards fort, quick 8/3 rates, 330 block blind, icepie, forgot to pre-craft and o58 cage, saved fireball fro ruining ground"
4/17/2026 19:48:27,Full Shipwreck,Lava Pool,Bastion,00:19:10,00:04:56,00:05:39,00:09:08,00:14:42,00:13:01,00:14:18,00:14:49,00:15:34,8,0,22,0,0,-7.45239E+18,Stables,Zero Cycle,0,0,9525,FALSE,"Ship + bt ow, dia sword, ocean ruins in plains, dug from ocean cavee to lava, frighteningly low entities for a stables, total not even past 100, ssv shenanigans, fortunately good gap, committed early to home portal, fort direction based off pieray and quadrants, sub10glorp, educated travel, creeper-spider duos everywhere, pushed front 99"
4/17/2026 19:27:49,Structureless,Lava Pool,Bastion,00:33:53,00:06:58,00:08:01,00:13:07,00:14:20,00:15:38,00:15:49,00:17:04,00:32:14,8,1,7,0,0,6.39964E+18,Bridge,Other,1,1,9524,FALSE,"Floating horse, only 6 iron in cave, set animals cooking in smoker, dug into lavacave with supplies for fns, cs, looting 1 RP on route to fort, above avg 8/7 rates, 0.8 ch going near -450 -450, caved near same magma ravine as sh in backrooms, front 94 SS, weird rotations, fraud dragon flew after 5 beds, placed ONLY obby 1 higher than normal one cycle setup, practiced correction with raising platform and placing block, failed execution to no muscle memory, lost all beds during cycle, no arrows, death only good solution, spider dungeon in cave, sheared sheep, carried both lava and water buckets back, diagonal perch flipped"
4/17/2026 18:46:32,Half Shipwreck,Lava Pool,Bastion,00:21:00,00:06:25,00:09:33,00:13:22,00:15:59,00:16:41,00:18:37,00:19:25,00:20:17,8,1,22,0,0,-1.55085E+18,Treasure,Zero Cycle,0,0,9523,FALSE,"Nice UD ship, bt pretty far, free fns in RP, dipped to kill animals, secret 6 diamonds in gravel patch above lavapool, eray on 32 full diag, top trades sufficed, relog immunity abuse, diamond chestplate, fort 22 away, connectting bridge for double spawner, caved at y12, could have retrieved educated eye if not for lava, next portal in a weird Recent version like valley, 1.8 ch, 2 chunks off, silverfish hunger reset, small boi 95"
4/17/2026 18:24:05,Structureless,Lava Pool,Bastion,00:28:50,00:07:08,00:08:04,00:15:53,00:17:46,00:19:40,00:20:26,00:26:27,00:27:16,9,4,16,0,0,-6.96796E+17,Treasure,Zero Cycle,0,0,9522,FALSE,"Played structureless rather than pushing for campfire, skeleton's sky attack in huge ravine failed miserbaly, dug right under fake lava next to cave spider spawner, y8 lavapool, worst ever treasure deterioration ate the entire staircase around trade hole, no obby from top, bigfella backstab when breaking spawner, pigs all walkign into lava, dia helmet & CoV sword, fort on full 32 rd, 0.3 ch ouh, nailed portal going almost full 0.4 (2550 dist), library behind starter, skeleton and nation, hunger reset multiple times, full cleared multiple paths, nav of doom and despair, caught on fire from jumping on netherrack in pr, back 95"
4/17/2026 17:54:24,Structureless,Magma Ravine,Bastion,00:26:22,00:08:02,00:10:30,00:16:29,00:19:53,00:23:28,00:24:17,00:24:48,00:25:34,13,2,21,0,0,3.5365E+18,Bridge/Treasure,Zero Cycle,0,1,9521,FALSE,"Ocean sucked, chose to play structureless, almost lit wolf of fire, barely escaped mob death trap going for digdown, decent terrain for entering without leaves, pigs somehow got stuck in a bad spot on cs, treasured 26 chunks away, soul speed + jump + hoglin gave immense pearl boost, fort 14 away, subspace blind next to a monument, immediately lowered RD, 0.5 ch, somehow didnt get donged even while picking eyes, ragebait baby hoglin while making portal, ocean exposed pr, silverfih hunger reset, clean front 99 zero"
4/17/2026 17:26:57,Full Shipwreck,Magma Ravine,Bastion,00:15:51,00:02:25,00:03:47,00:07:43,00:09:37,00:12:01,00:13:20,00:13:17,00:14:52,7,1,17,0,0,2.44244E+18,Housing,Ground Zero,0,2,9520,FALSE,"Another perfect mapless spike but this time ship was right off the coast and needed eyeballs, light from RP, amazing shipwreck, crafted tnt for wood, sub 3 enter in ravine, td hauss, accidentally toggled to peaceful for a second, o7 unverifiable run, no spawner in 32, loaded soon sending extra regional, 7:30 fort, 0.8 ch, 2nd portal on y161 shattered savanna within clouds, worst terrain for triangulation, creeper divebomb, could avoid horrible mining spot, insta nav, fully botched going for 1/8, dipped to ground, crosshair moved and dragon broke bed on 1st attempt"
4/17/2026 17:08:13,Full Shipwreck,Lava Pool,Bastion,00:23:22,00:10:40,00:12:11,00:17:19,00:19:15,,00:21:34,00:21:52,00:22:44,8,0,9,0,0,-8.28642E+18,Treasure,Zero Cycle,0,0,9519,FALSE,"Perfect mapless spike but no success somehow, mushroom island close to buried full ship, fully mined out for 2 iron chest, very confusing attempt at locating map chest, took like 3 min, swapped boat for map, another pathetic ship on the way to bt, 2 gb and armor from RP near ocean lava ravine, mega rare 10 diamond vein, basalt nicely corrupted treasure, 3 pig route, enf loot off top tho 2 fire res not great, half dia armor coz why not, fort 16 away, passed by home portal, b2b RTS, extra obby mining, 1.1 ch, 3 diamond altar chest, front 95 almost 2+2, mapless spike turned out to be a fullllly buried ship under coast"
4/17/2026 16:43:26,Structureless,Lava Pool,Bastion,00:28:18,00:04:47,00:07:01,00:19:14,00:21:09,00:22:56,00:25:01,00:25:27,00:27:17,8,1,16,0,0,-3.37633E+18,Stables/Treasure,Half Bow,1,0,9518,FALSE,"Lavapool next to outpost, wood skip to play structureless + some food, another lavapool in iron cave to enter, awkward in stables without getting armor from chests, skeleton on gap route took full force of pigs, deaggro from that caused a sword guy to arrive late and 2-tap kill while mining gold, nether spawn area covered in massive lavafalls, only 6 gb in gap, absurd 50+ pearls and only 1 obby trade (~1 in 1,000), chests luckily lockedin, nothingburger RP, spawner turned out to be trevor, holy stray mob congregation, pushed further until hitting fort 1.2k out, 0.7 full diag ch back to 3rd ring, TAS swamp sheep for extra beds, nice ravinehold, no chance of 5 explosive USS or ground, almost trolled by detonating anchor late"
4/17/2026 16:14:15,Village,Magma Ravine,Bastion,00:17:17,00:03:31,00:05:48,00:10:31,00:12:47,00:14:12,00:15:19,00:15:40,00:16:26,9,0,15,0,0,-2.71728E+18,Bridge,Zero Cycle,0,1,9517,FALSE,"Structure nation ow, ship in sight with 15 iron, village for food instead of bt, magma ravine nearby, double single dk, didnt wish to force extra regional with less than 20 obby, look for good eray in inner quadrants, home portal pearl hang landed same time as one to fort, 9 rods, trusted 0.8 ch despite boat moving, mieshaft in way of pr, back 95 2+2"
4/17/2026 15:30:35,Structureless,Magma Ravine,Bastion,00:26:41,00:08:24,00:09:58,00:20:49,00:22:58,00:24:36,00:24:36,00:24:53,00:25:46,8,0,12,0,1,7.46902E+18,Stables/Housing/Treasure,Zero Cycle,0,2,9516,FALSE,"Insta village, got launched into treetop by golem, unprecedented line of attack, iron for fns on digdown, fake lava baited, lavapool on other end too small to make portal, mined iron for new pick, found good lavapool after a long while, sub 9 enter, DBNT strikes again, nice for drip and 19 obby, new eray fake to prolly crimson mobs, real one still quite the journey, manhunt got few pigs, hosed on trades before going for backups, all that to see stupid trevor, chestplate upgrade, fort 2 pearl throws away, menacing bad part looked like trevor at first glance, ripped 5.3 ch in 3rd ring, icepie,back 95 came down to last anchor"
4/17/2026 15:02:27,Misc,Lava Pool,Bastion,00:21:02,00:06:15,00:08:39,00:13:57,00:16:21,00:18:00,00:18:08,00:19:53,00:20:40,7,0,17,0,0,-1.64794E+18,Stables,Zero Cycle,0,5,9515,FALSE,"Mesa spawn, gapple pull in minecart, chopped trees with gold axe, looted RP before heading into ocean, UD ship kinda awful, bt more than made up with 8 salmon and loads of iron, lava ravine under ocean, entering in shallow ring coords, RP outside double bad singlle triple stables, chests cranked on obby and extra gb, pigs complied with other trades, mostly wall to reach fort, 300 block blind, almost left on 5 rods, caved above sh, crazy deep in backrooms, took a while just to get to starter, cave shattered, 1 in 230 odds 5 eye portal, front 95"
4/17/2026 14:40:27,Structureless,Lava Pool,Bastion,00:24:52,00:08:12,00:10:25,00:17:50,00:20:09,00:22:04,00:22:51,00:23:29,00:24:20,7,2,20,0,0,-6.7776E+18,Housing,Zero Cycle,2,2,9514,FALSE,"Enter mob cap in a single cave-ravine, creeper spleefed to 1 heart then skeleton shot out of nowhere, time save seeing surface lavapool, spleef self to 1 heart again trying to mine gravel, no way to escape mob blockade without dying a 2nd time, got back safely to items, killed loads of animals before 8 min enter, tdm ruined by ziglins, rare 0.21% odds 3 gb double chest, stacked on pearls, hoglin vs piglin staring contest, fort playing hide n seek and being a pain to find, 0.6 ch, 1 chunk off, awful ravinehold, pr near library, time to spare for front 99, arrow flying through dragon"
4/17/2026 14:14:11,Full Shipwreck,Lava Pool,Bastion,00:22:52,00:06:28,00:08:28,00:13:46,00:17:48,00:19:35,00:19:44,00:20:00,00:21:13,8,0,24,0,0,6.95681E+18,Treasure,Ground Zero,0,2,9513,FALSE,"Saw lavapool heading to ocean, played ship and bt before entering, so many trevor pigs, not much top gold, nice obby side chest, pieray being weird, crazy fort, rates started off 1/17 (0.013% or 1 in 7281) tgen caught up, misread angle change at 1.3 instead of 0.9, chat backseat worked, had 30+ obby so no worries, caved above sh, insta went for ground"
4/17/2026 13:23:22,Full Shipwreck,Lava Pool,Bastion,00:27:59,00:08:15,00:10:23,00:15:46,00:17:46,00:19:28,00:20:12,00:23:20,00:25:13,7,0,20,0,0,-7.59603E+18,Bridge/Treasure,Half Bow,0,1,9512,FALSE,"TAS crawl into ship window, amazing loot, 5 diamonds on huge mining operation for lava, chungused portal and had to mine 1 obby, far brijj, cs, pigs traded fire res for eons, treasured then no spawner in 32, terrain carried to basalt fort 1.3k blocks out, pearled into blaze, subspace blind, 1.2 ch to shallow 4th ring, mineshaft and mob hell made nav horrible, pr quite deep, horrible pearl to back tower, dragon didnt perch for sub 25"
4/17/2026 12:37:04,Misc,Magma Ravine,Bastion,00:23:59,00:06:38,00:09:43,00:14:38,00:17:03,00:19:55,00:21:25,00:21:43,00:22:33,9,0,27,0,0,-5.00093E+18,Bridge,Zero Cycle,0,2,9511,FALSE,"3 iron lavapool RP, sent ocean, horrible full ship, mined out map chest, magma ravine near, lost spawner heading to far brijj, tnt pigface, cs, killed hogs on the way to fort, RP allowed for triple travel, 0.5 ch to 3rd ring, almost satisfying looking coords, caved 5 blocks under despite building portal above y100, pushed fro small boi 93 height"
4/17/2026 12:09:07,Structureless,Lava Pool,Bastion,00:28:36,00:05:32,00:07:28,00:17:31,00:19:38,00:20:55,00:22:08,00:23:13,00:24:28,8,1,19,0,0,7.8451E+17,Stables/Bridge,Ground Zero,0,4,9510,FALSE,"Casual ravine from running around, pigs nearby, droppered into lavacave, spoke too soon abt fastest enter of the day and poundy portalled, played double triple stables the wrong way around, trades didnt hit, erayed nearby brijj, million crimson pigs on dk, lost some food to hoglins stupidity, fort 23 diag with bad terrain, 700 block blind, avoided mountain digdown, mob nation gave no read, didnt push back zero on low health, ground pivot"
4/17/2026 11:38:15,Full Shipwreck,Lava Pool,Bastion,00:19:33,00:07:38,00:09:20,00:13:02,00:15:21,00:16:38,00:16:47,00:17:43,00:18:31,9,0,14,0,0,7.82684E+18,Stables,Zero Cycle,0,1,9509,FALSE,"Horribly buried shipwreck giving mapless spike, small dot map from ruins, 8 garrots RP on the way, bt good enf, heard bubbles on digdown, wall portal enter, ttmtg, got eyesight for spotting thin fort leg in the distance, brain lagged in attempt to jump 2 blocks high, a little carried away on rods, 0.6 ch, almost icepied, front 99"
4/17/2026 11:03:46,Full Shipwreck,Lava Pool,Bastion,00:34:56,00:14:21,00:23:05,00:14:16,00:17:01,00:18:13,00:18:53,00:19:16,00:20:02,8,0,25,0,0,-5.38605E+18,Treasure,Zero Cycle,0,0,9508,FALSE,"Full concentration on annoying fly in the room, Nice protection armor and food from 2 ship, swam miles for full boat, stew nation, close bt kinda pathetic, dark oak tnt replaced shears, combined 7 diamonds before lavapool, treasure close to spawn, multiple things distracting IRL, mined bottom treasure first, stupid pig stuck in backwalls, spawner only loaded on one side of rampart, garrots with extra gold, pearling never been easier with prot 4, eyeball challenge for spawner right in front, double at that, quite low, 0.7 ch, mushroom island near sh, spikeless nav, pushed top 103 standing, barely missed sub 20"
4/16/2026 18:47:03,Structureless,Lava Pool,Bastion,00:23:39,00:06:28,00:07:49,00:14:37,00:17:38,00:19:07,00:19:07,00:20:48,00:22:19,10,1,14,0,0,-3.14021E+17,Bridge,Ground Zero,0,1,9507,FALSE,"Sad looking ocean, W cobble skip for caving, took a while to find lava, weirdly high eray for brijj, terrain pigs partially explsining, dk, lava in trade hole, close spawner stupid trevor, lowish pearls but didnt want to trade, sent extra regional, nice fire res clutch in lava, fort 700 blocks out, 700 block blind, icepie in awful looking ravinehold, no gravel, waited for silverfish to spawn for hunger reset, good comms on hard toggle, dragon didnt stay for 88 front 1/8, ground pivot"
4/16/2026 18:22:26,Buried Treasure w/ tnt,Lava Pool,Bastion,00:16:11,00:05:14,00:06:38,00:08:50,00:11:15,00:13:25,00:13:26,00:14:01,00:15:18,8,3,14,0,0,4.69317E+18,Bridge,Ground Zero,0,0,9506,FALSE,"Minecraft released teaser for supposed Minecraft Arena at Twitchcon, Shipwreck ruins overlap, not an amazing bt but got loads of iron, fake magma ravine, jumped into lavapool, brijj fastion, cs, sick trades, sub 9 fort, strays too scary, 0.7 ch, threw eye despite icepieing, gross sh, insta b-lined for ground"
4/16/2026 18:00:19,Village,Lava Pool,Bastion,00:20:21,00:06:16,00:07:48,00:12:07,00:14:22,00:15:58,00:16:29,00:17:19,00:19:36,8,0,15,0,1,8.82378E+18,Bridge,Half Bow,0,1,9505,FALSE,"Blacksmith village far away, only good for sword to kill golem quick, caved after for high quality enter, almost died to hogs at pigface, dk but single, 17 chunk fort, RTS from spawner, eye in the portal, 0.7 ch, sh on z axis, nice portal fill rhythm, cranked back 92 1/8 but dragon flew, perch to sub 20"
4/16/2026 17:38:42,Full Shipwreck,Magma Ravine,Bastion,00:24:42,00:06:10,00:08:11,00:14:11,00:16:03,00:19:00,00:19:53,00:20:16,00:23:03,8,0,14,0,0,8.4362E+18,Stables,Full Bow,0,1,9504,FALSE,"Closest tree miles away from spawn, obby completable rp but no supplies yet, swam ages before getting dolphin, grandmay on call Aloo, ship then bt for iron nation, enter ravine nearby, buried single triple stables,Closest tree miles away from spawn, obby completable rp but no supplies yet, swam ages before getting dolphin, grandmay on call Aloo, ship then bt for iron nation, enter ravine nearby, buried single triple stables, ripped pearls but only 11 obby, crazy 17 obby single chest saved the day (1 in 1652), insane pearl clip through spawner floor, caved under ocean, 0.4 ch in 1st ring, life is doomed, creeper went through portal, another fort at coords, 2 anchor perch setup, nice 9/10 halfbow, trolled beds and couldnt kill, easy fix"
4/16/2026 17:13:11,Structureless,Lava Pool,Bastion,00:19:12,00:06:02,00:06:44,00:10:19,00:12:17,00:14:25,00:16:00,00:16:48,00:18:28,8,2,16,0,0,-1.64489E+18,Housing,Half Bow,0,2,9503,FALSE,"Unhelpful late cobble skip, no flint at first, used smoker to cook animals, found gravel goign down to lava ravine, tdm, 14 to fort through wall, saved blaze from skeleton only to later kill it, 0.5 very diag in 1st ring, close to 150 150, skeleton war began during hunger reset attempt, dug into pr, setup for perch with low explosives, TAS halfbow, dragon barely lived after beds"
4/16/2026 16:53:20,Full Shipwreck,Magma Ravine,Bastion,00:25:39,00:08:50,00:10:44,00:14:38,00:16:43,00:18:05,00:18:06,00:22:19,00:24:58,8,0,15,0,0,-6.83681E+18,Stables,Half Bow,0,1,9502,FALSE,"Swam to RP with gapple and glistering melons to distract, 2 bad boats for tons of food and ff1 boots, nothingburger ruins, well within ring to find good ship with enf iron, DS1 pull in another RP before entering, RP #3 right by spawn, crafted 14 garrots, double good stables, spawner didnt seem great but turned diagonal to fort, ripped 360 block blind in 2nd ring, offset icepie, cave spider spawner down mid, sh looked insane from mineshaft shattering, amazing minecart in a block, 1-way starter, one of the grossest navs ever, not many explosives to push zero, weird island terrain, pearled in late for perch but setup anchors did well"
4/16/2026 16:26:28,Structureless,Lava Pool,Bastion,00:19:48,00:06:24,00:08:52,00:13:18,00:14:43,00:17:01,00:17:40,00:17:59,00:18:54,7,0,13,2,0,-3.73348E+18,Treasure,Zero Cycle,0,3,9501,FALSE,"Jungle spawn, exactly 6 iron in cave, farmed melons before killing cows, underwhelming jemple loot, awkward digging under lavapool, far eray but fort visible from spawn, trevor buddy, -1 gb to piglin, mined blackstone for furnace to cook beef, fake turning on with a lever, DanDannyBoy important voice msg, didnt turn off the level before leaving, surely pigs have fire safety in place, hole in oned through bottom rampart roof heading to fort, 1.0 ch taking near -150 150, pr past a cobble wall, front 94 SS"
4/16/2026 15:39:12,Buried Treasure w/ tnt,Lava Pool,Bastion,00:32:38,00:06:00,00:08:27,00:16:07,00:18:26,00:23:26,00:26:44,00:28:27,00:30:30,7,0,19,1,0,-2.94212E+18,Housing,Half Bow,0,3,9500,TRUE,"50% of the way from 9k to 10k, loads of iron from ship and bt, tas tnt spot, dug from ocean cave, distraction gold ore, +1 pearl and 2 diamonds pre-lavapool, eray led to housing, diamond pick and smite sword along with loads of garrots, unreal brute reach angle and range, tdm, insane luck on leaving with 19 pearls from ~18 gb (10%) and tons of string, stupid circular render pieray, 17 chunks fort, 0.4 ch in 2nd ring, mined 4 obby, last rod taking a while, bad terrain to coords, caved at y88, sneezed and eye went down, y-40 starter, deep dark infestation, weird nav, forgot to change settings on end enter, solid time for RV, last 50% of the grind to go for 10k"
4/16/2026 15:02:16,Full Shipwreck,Magma Ravine,Bastion,00:29:01,00:05:58,00:06:35,00:10:06,00:23:07,00:24:45,00:26:26,00:27:16,00:28:04,7,0,17,0,0,1.14296E+18,Stables/Treasure,Zero Cycle,0,0,9499,FALSE,"Last run of one of the weirdest splits, sub 22 avg on the line, Trident guy interruption looting chest, got map to bt, killed wolves after tnt aggro'd them, crazy stables fastion with slight overlap in outer, holy ziglin convention and hog at mid, ttmtg only got the 3 pigs from backup blocks, somehow routed another one from outer into gap, ttg pig better late than never, set pigs trading and left to kill blazes, annoying roadblock to exit blaze lit tnt from cool tnt bed and blew up spawner, found other one relatively easily, returned to see like no pearls or obby, worst fastion experience, no bastion in 32, garbage basalt terrain, ran into another fort 600 blocks away before loading a bastion, ziglin responsible for suffoctaing after boat hijack, almost no terrain to trevor, chests cranked obby, subspace blind, 1 break and had left on 7 rods only, 0.6 ch 3rd ring, way further to mismeasure and ocean non exposed by 2 blocks, cranked front 99 to secure sub 22 split by less than 8s. new most zero cycles in a split (126)"
4/16/2026 14:28:51,Full Shipwreck,Magma Ravine,Bastion,00:25:05,00:04:24,00:07:23,00:16:19,00:18:29,00:20:04,00:21:05,00:22:01,00:24:07,8,0,14,0,0,1.54196E+18,Stables,Half Bow,0,2,9498,FALSE,"One ship for nice food and other for iron, insta double ghast attack on nether enter, sucky terrain to stables, crazy 11 cooked pork chest (0.07% or 1 in 1433), hosed on obby trades after both good gaps, went onto trade both triples as well with one of them being lava infested, 4 trade holes in 1 bastion, fort 23 away, relogged during eye throw, 0.3 ch from horrible coords to shallow 2nd ring, cool ice spikes at 2nd portal, nailed axis, jumped over cave spider spawner in sh, lookeed horrible, absurd pr spike, trippy end island, dragon flew on back 95, no bars for ground, 4+1 one cycle"
4/16/2026 14:01:52,Structureless,Lava Pool,Bastion,00:27:28,00:08:34,00:10:39,00:17:16,00:18:44,00:20:25,00:20:25,00:21:17,00:26:45,10,2,12,0,0,-4.54329E+18,Bridge/Treasure,Full Bow,0,1,9497,FALSE,"Only forests in sight around spawn, structureless ow, 4 diamonds mining to lava, nether tunnel operation underway, ran through mob hell to reach pigface, cs, fall guys challenge, sudden eray spike for spawner, turned to extra regional, low on food and pearls on finding fort, 0.7 ch, coords on z-axis, surprise icepie, pr right above double creeper room, took big fall on tower, did realise low explosives for ground and trolled, early fly bug making it 1 hit per perch, cringe end fight"
4/16/2026 13:28:27,Structureless,Lava Pool,Bastion,00:18:05,00:04:40,00:06:54,00:10:50,00:13:00,00:15:06,00:16:01,00:16:30,00:17:22,8,0,15,3,0,7.24559E+18,Stables,Zero Cycle,0,2,9496,FALSE,"Saw RP in lake only post cave, nice 6 garrots alongside large pack of steak, sub 5 basically structurless enter, insta ghast spawn, 2/2 pearl drops, warped stables fastion, mtg, pigs trolled giving only 13 pearls, playable but annoying, 1st eye goes in portal, thought was rreverse icepieing but not even close, 0.7 ch, back small boi 95"
4/16/2026 13:07:05,Structureless,Lava Pool,Bastion,00:19:04,00:04:40,00:06:46,00:12:05,00:14:46,,00:17:08,00:17:36,00:18:30,8,0,18,0,0,-8.89721E+18,Bridge,Zero Cycle,0,0,9495,FALSE,"Misled by water body into thinking ocean, surface lavapool consolation, dipped to ravine and animals, destroyed home tree of bees, stupid skeleton ran off bridge, x-rayed brijj through wall, said no to dk coz of lavafall, cs scary version, ssv fort, 250 off on 0.6 ch, front 95 barely not 3+2"
4/16/2026 12:46:38,Full Shipwreck,Magma Ravine,Bastion,00:22:36,00:07:03,00:08:36,00:11:37,00:13:28,00:15:45,00:16:42,00:20:37,00:21:55,8,1,13,0,0,-2.80389E+18,Bridge,Perch,0,2,9494,FALSE,"Swam super far for food wreck with 4 carrots, ruins for map, pagman 19 iron bt, trash flints rates into double at the end, magma in ocean ravine, fort and brijj in sight at once, never before seen donkey kong benex route collab worked out very well, 0.6 ch, failed pearl hang to coords while still killing blazes, Left with 13 eyes but pearl hung back just in case, didnt need it with no eye breaks, nav made fully no sense, wall moved, dragon flew on front 95, dragon co-operated even with no arrows for half bow"
4/16/2026 12:23:16,Structureless,Magma Ravine,Bastion,00:22:44,00:05:36,00:07:44,00:12:09,00:13:53,00:15:59,00:17:24,00:18:28,00:19:21,8,1,15,0,0,4.84496E+18,Treasure,Zero Cycle,0,2,9493,FALSE,"Hit cave on mining straight down, forest fire exposed lavapool, river salmon for food, tons of trade off top trevor, fancy pearl-chest check tech failed, hoglin pushed his friend off a ledge, 25 to fort, drowned hit only after measuring 0.6, TAS triangulation, ravine strongshaft, pr right behind starter, gravel hunger reset, back 95 USS"
4/16/2026 11:58:41,Structureless,Lava Pool,Bastion,00:19:50,00:06:27,00:07:39,00:10:56,00:12:56,,00:16:50,00:17:11,00:19:23,8,0,14,0,1,7.08533E+18,Stables,Half Bow,0,0,9492,FALSE,"2 close desert houses looked like blacksmith from afar, caved after golem, weird tree growing out of indent in the ground, 5 diamonds mining to lava, mtg almost disastrous from piglin blockade, chests clutched on extra obby, fort in 14, 0.3 ch, going full 0.4, diamond pick making basalt wall travel smooth, nailed 2nd portal, dragon flies on 95, waited for perch"
4/16/2026 11:33:18,Structureless,Lava Pool,Bastion,00:23:52,00:06:09,00:07:17,00:13:05,00:15:02,00:15:33,00:16:43,00:22:30,00:23:20,8,3,12,0,0,-5.96038E+18,Treasure,Zero Cycle,0,1,9491,FALSE,"Far UD ship, stew nation, map looked like the United Kingdom, 6 iron, tnting tree exposed convenient iron, lavapool under ocean ravine, top + bottom treasure, fort 29 away, almost messed up triple tnt, educated travel, caved again, did axis then right away saw sh ocean exposed, absurd mob metropolis, only took like SIX minutes to find pr, front 92 1/8"
4/16/2026 11:07:56,Structureless,Lava Pool,Bastion,00:21:59,00:04:48,00:07:09,00:13:45,00:16:17,00:19:44,00:19:57,00:20:38,00:21:30,8,0,14,0,1,-8.03735E+18,Housing,Zero Cycle,0,1,9490,FALSE,"Spoonfeeding village spawn, wheat skip, golem and villagers not nice, more iron and gravel in cave, creeper hopped into digdown hole, lived on 0.5 heart, poor terrain to hauss, td, brought backups for 20 obby, not tons of pearls, fort barely in 32, 0.7 ch, caved with library overhead, cranked front 99"
4/16/2026 10:44:44,Full Shipwreck,Lava Pool,Bastion,00:14:57,00:03:40,00:05:06,00:09:47,00:12:05,00:13:22,00:13:22,00:13:40,00:14:29,8,0,16,0,0,7.62465E+18,Treasure,Zero Cycle,0,1,9489,FALSE,"Spawned on tapered edge of island, insta full ship, collected tree supplies before going to spawn location for bt, lavapool in ocean cave opening, sub 4 enter, hallucinating fort from crimson terrain, mined bottom treasure before heading up, weird gen + stupid pigs = bad combo, 20 chunks to sub 10 fort b2b, fourk tnt, spider cheated its way through anti-spider tech, 2.2 ch, icepie, sub 15 with clean back 95"
4/16/2026 10:28:18,Structureless,Lava Pool,Bastion,00:16:37,00:05:31,00:05:31,00:09:38,00:11:41,00:13:28,00:13:55,00:14:09,00:15:49,7,0,11,0,0,-8.38152E+18,Stables,Half Bow,0,3,9488,FALSE,"Structureless ow, farmed sat stew with no animals in sight, spawned inside outer stables, ttg, spawner also close, chests locked on obby, leaving with negative explosives, sub 10 fort, sheep and spider nation on blind, 0.9 ch, big slime visible while boating, ocean exposed library, backnavved into pr, good enf beds to sword kill for sub 16"
4/15/2026 20:09:42,Village,Lava Pool,Bastion,00:29:29,00:06:04,00:08:23,00:12:46,00:14:43,00:18:37,00:19:50,00:21:06,00:22:58,8,0,14,0,1,5.32788E+18,Stables,Half Bow,0,2,9487,FALSE,"Acacia village no. 10 million today, golem dropped 3, ran into double blacksmith desert village, 3 obby not enf for portal, also no supplies for fns, lavapool nearby to woodlight, bastion in 28, could see fort near spawn, one of the most hilarious moments - went to trade some gold with stray pigs, chased after snatcher baby pig, meanwhile both adult pigs threw away trades into lava, still getting chased after, : axed piglin with pickup priority on gold, almost died, divorced double triple stables, set 2 trade holes, helmet nation RP chest, completable but got 20 obby anyways, ripped pearl back to fort, trident guy hijack during 1st eye measure, 0.6 ch, was more sub 0.5 even, skeletons shielding pr spike, set for perch having like no explosives, horrible early bed but clutched up to kill with axe, 16 treeasures + 7 deaths day"
4/15/2026 19:38:26,Structureless,Lava Pool,Bastion,00:23:01,00:04:34,00:06:22,00:15:32,00:18:00,00:19:27,00:20:13,00:21:04,00:22:30,9,2,24,0,0,-3.15106E+18,Bridge,Half Bow,1,0,9486,FALSE,"Ship + bt, y6 lavapool on ravine digdown, basalt spawn, saw fort on the way, good change of pace with brijjette, roadblocked by hogs and bastion terrain and died, assumed stuff burned and caved for pick before re-enter, 3 iron in 1st chest and most stuff safe, both hogs still bullying, lost a gb during tnt pigface,  dk with ziglin, got a very good pearl hang off, blaze squad at the ready, 1 rod rolled off the edge, roaring thunder, 1.1 ch, creeper blew up on its own almost losing all items on hunger reset, weird trench opening in cage back, couldnt force back t97, perch soon"
4/15/2026 19:12:51,Full Shipwreck,Lava Pool,Bastion,00:25:01,00:05:31,00:07:26,00:16:55,00:19:39,00:21:39,00:21:40,00:22:25,00:23:41,8,0,19,1,0,-2.93449E+18,Treasure/Treasure,Zero Cycle,0,1,9485,FALSE,"2-dimension mc spawn, coal nation ship, bt more like villager's secret stash, ocean digdown landed 1 block off lavapool, first try flint in same cave never punished, bonus pearl pre-enter, treasures showing up non-stop, left off top with not that many pearls for a 32 chunk spawner, seemed treasure anyways so not much harm, rare instance of ghast fireball launching falling gravel entity, pig taking no kb, mined bottom and traded at top, gapples with extra gold, fort taking further 26 chunks radial, hot tourist, using ziglins as bodyguard vs skeletons, ripped 800 block blind in 4th ring, coords almost on RP, icepie deep in backrooms, spikeless, dug into pr under library, no shot of back 1/8 on o57 cage, ground pivot"
4/15/2026 18:45:40,Full Shipwreck,Magma Ravine,Bastion,00:18:57,00:04:27,00:04:47,00:11:50,00:14:12,00:15:57,00:15:58,00:16:49,00:18:19,7,1,15,0,0,-6.82068E+17,Treasure,Half Bow,0,1,9484,FALSE,"Full ship with aqua affinity helmet, decent iron after bt, 2x1 portal, instant treasure, went bottom 1st, dia chestplate and sword, big lavafall covering entire right side, t_wagz pivot, 430 entities and no spawner in 32, took a while to load but real, ran out of food, fourk tnt, ocean blind near mushroom island with no sprint, pearl clipped through obsidian into water trying to hunger reset, 1.8 ch, icepie, pr was same way from starter as nether portal, didnt push t97 with barely any explosives, quick perch"
4/15/2026 18:25:51,Village,Magma Ravine,Bastion,00:22:04,00:06:06,00:08:33,00:12:52,00:15:49,00:18:10,00:19:01,00:19:55,00:21:07,8,0,28,0,1,-8.19361E+17,Treasure,Ground Zero,0,0,9483,FALSE,"Jungle spawn, lavapool on the way to acacia village, chud villagers, woodlight enter, fort visible from spawn, yapping abt travel plans for TwitchCon, traded out bottom treasure to 10 obby coz home portal right there, stray nation, horrible 8/28 rates, 0.5 ch, ghast pre-fireball broke portal returning to nether, sick pearl landed right on ziglin, strongshaft, o57 cage, didnt push small boi, weird rotation on ground"
4/15/2026 17:41:17,Structureless,Lava Pool,Bastion,00:22:34,00:06:49,00:08:44,00:15:44,00:18:31,00:19:32,00:20:20,00:21:16,00:22:03,8,0,19,0,1,1.38107E+18,Treasure/Treasure,Zero Cycle,0,1,9482,FALSE,"Bell led to acacia village, ripped bucket house, caved for higher quality ow, no hay so also had to kill animals, RP detour fruitless, lavapool under desert hill, close to extra regional treasure, traded out bottom too for almost 30 obby, quadrants and eray suggested treasure, sent different way, RP near fort clutch for gold picks with iron one low durability, left on half heart from big fall, 0.5 straight line, zombie nation on the way to pr, great pearl somehow didnt break crystal, pushed top 103, first blue color in 20 runs"
4/15/2026 17:17:31,Structureless,Lava Pool,Bastion,00:41:19,00:06:04,00:19:37,00:06:11,00:34:37,00:37:23,00:38:48,00:39:06,00:39:57,16,2,34,0,0,-6.13562E+18,Stables/Stables,Zero Cycle,1,1,9481,FALSE,"Played ravine cave near spawn, 4 diamonds at lavapool, fort instantly in sight, played spawner with shield, gold pick and gapple from RP, died to lava appearing out of nowhere mining straight up, miscrafted hoe while caving, took death by spider to surface, decided to go fort later, grabbed RP gb going to stables, DBNT, farmed whole outer hoglin populus, only 2 extra gb to trade, only 1 pearl trade with next bastion miles away, pearl hung happened to be towards another fort, played the one from earlier before journeying out, weird moment of pearl clipping into hidden lava, another stables past basalt in a warped, mtg gave all trades, 0.5 ch, gross 2400 block blind, insta nav, front 99 offset, clutched up end game to sub 40"
4/15/2026 16:34:42,Structureless,Lava Pool,Bastion,00:33:10,00:05:10,00:10:54,00:26:33,00:28:38,00:30:30,00:30:30,00:30:49,00:31:50,7,2,23,1,1,-6.46791E+17,Treasure/Treasure/Treasure/Treasure,Zero Cycle,1,3,9480,FALSE,"Caved on the way to village, Jake's eagle eyes spotted haybales, dug for lava, cranked speedbridge over lava and fell in, pick barely missed land upon death, had to fully recave, daytime enderman helped cross lava sea to treasure, 19 obby off top, dia helmet, spawner only loaded after leaving, chat called getting treasured earlier, prolly lost it to going highly diagonal,"
4/15/2026 15:59:21,Village,Lava Pool,Bastion,00:18:07,00:07:20,00:07:53,00:11:18,00:13:46,00:15:25,00:15:26,00:16:41,00:17:29,8,0,14,0,1,4.24351E+17,Housing,Zero Cycle,0,1,9479,FALSE,"EDCR rolled a disgusting corrupted portal room in ranked but frames cant get corrupted, Vanilla MC they get eaten nicely, acacia village in sight, low hay so also killed pent pigs, villagers stupid as ever, no lava in desert, digdown it is, insta housing eray, armorless tdm, fort in 15, 1.6 ch, icepie deep in backrooms, back 95"
4/15/2026 15:16:05,Village,Lava Pool,Bastion,00:25:53,00:06:26,00:07:30,00:21:04,00:21:53,00:22:51,00:23:54,00:24:12,00:25:17,8,0,8,0,1,-3.81037E+18,Bridge/Treasure/Treasure,Zero Cycle,0,0,9478,FALSE,"Sent ocean after playing acacia village, gapple in RP, no kelp, dig into y8 lavapool, instant RTS, basalt brijj fun, cs only choice to corruption and triple rampart perspective, not great trades, felt spawner would be fine coz eray too diagonal but was actually spell of doom, stupid pig bounced around into lava, got like barely any pearl trades again, next spawner treasure also so left for it, called looting 2 pull in RP, still not the best trades but good enf, moment of hesitation on diagonal spawner being trevor but turned out real, looting underperformed with 8/8 rates, educated on gettign caved, kinda nailed it, wormhole nav, front 94 SS"
4/15/2026 14:49:20,Village,Lava Pool,Bastion,00:20:07,00:04:58,00:05:44,00:13:34,00:15:30,00:16:41,00:18:20,00:18:57,00:19:45,8,0,15,0,1,8.14186E+18,Treasure,Zero Cycle,0,1,9477,FALSE,"Pierayed to village with lavapool, 5 iron + cod, close treasure, bottom for more obby, fort 19 fully diag, almost rowl moment dropping into lava, 1.1 ch, caved, trusted mining with eye throw, rare moment eye going upwards, back 95 to secure sub 20"
4/15/2026 14:27:32,Structureless,Lava Pool,Bastion,00:34:44,00:10:36,00:13:18,00:20:44,00:23:39,00:25:44,00:31:57,00:33:12,00:33:58,7,1,21,1,0,-3.69055E+17,Stables/Treasure,Zero Cycle,1,1,9476,FALSE,"Ran far to find cave, little iron to start, took revenge of last run's death on a baby zombie, heard insane mobs on other side of a wall, day care train attack followed by the most insane gathering of at least 15 mobs in an area, killed all to get iron, died to skeleton duo on the way out, x-rayed items in attempt to pieray furnace, less aggressive spawns but still many, poundy portalled, 1 diamond, sub 11 enter, ttg + chests didnt give enf obby, pigs lockedin with outer gb, spawner surely treasure,sent different quadrant, sniper ghast, fort hiding behind basalt pillars, sky attack by bigfella, rates took a while to begin, 0.6 ch, magma cube took lava elevator, bad eye breaks without fully triangulating, missed digdown and landed in another mob pit, had to surface and re-triangulate, 2nd one landed in gross strongshaft, stupid bats, redemption front 99 3+2"
4/15/2026 13:51:39,Village,Lava Pool,Bastion,00:30:56,00:05:55,00:07:15,00:11:04,00:14:05,00:20:40,00:21:58,00:27:03,00:30:08,9,2,12,0,1,7.41096E+18,Bridge,Full Bow,1,2,9475,FALSE,"Far away village on pie, instant bucket strats, cod lives to see another day, dug into lavacave, hogs and pigs coordinating attack on brijj entry, pre-crafted garrots, pigs hitting unnecessarily, ""this wont end well"" right before blaze bedding on a lavafall, rebounded ghast fireball onto self, realised 18 obby late, brijj luckily nearby to get from other triple, insane baby trident guy went 4/4 on shots to get the kill, long walk to get back, 0.4 ch 1st ring and going back to fort, horrific ravinehold mineshaft, emerald ores plural, zombie dungeon explained the mega spike, absurd nav for almost 5 min, no glowstone to charge anchors, misfired double bed on last but one rotation and trolled ground, did well enf to make it 1 perch but not sub 30"
4/15/2026 13:19:47,Structureless,Lava Pool,Bastion,00:22:50,00:05:55,00:13:44,00:16:28,00:18:11,00:19:05,00:19:39,00:21:14,00:22:08,8,2,10,0,0,3.99985E+18,Housing,Zero Cycle,1,2,9474,FALSE,"0.5% apple drop, structureless ow, mining at y10 instead of 11, didnt survive fire tick from b2b wall lava trap, back quickly, saving iron pick durability, lava trap no. 3, fort and housing in sight together, TAS distraction armor throws on td, W comms for hard toggle, DT blind, 0.8 ch, bat city, back 88 1/8, down to 0.5 heart at one point but sick zero"
4/15/2026 12:51:46,Full Shipwreck,Lava Pool,Bastion,00:25:59,00:04:17,00:05:50,00:13:03,00:16:47,00:20:06,00:21:57,00:23:16,00:25:08,8,0,21,0,0,-4.09418E+18,Stables,Full Bow,0,3,9473,FALSE,"Garbage shipwreck off spawn, close bt just saved iron-wise, lavapool right under ocean ravine, misjudged bad gap for ttg, both bad infact, pigs refusing to arrive at mid to trade, jazzhack armor, exactly 12 pearls, hoglin nation rushed in to attack, 3 gb outer chest saved the day, left with 18 obby coz fort near spawn anyways, ripped chest with 3 diamonds, sand caved in above portal, 0.5 ch, hot tourist on coords, slight mismeasure cause of being 400 off, pr past mob convention, not much in terms of explosives, just enf damage to axe kill"
4/15/2026 12:24:38,Full Shipwreck,Lava Pool,Bastion,00:20:45,00:05:27,00:07:52,00:11:37,00:13:34,00:16:36,00:17:57,00:18:48,00:19:42,8,0,23,0,0,8.29168E+18,Bridge,Zero Cycle,0,0,9472,FALSE,"Ocean spawn from loading screen, very pathetic except for ruins with map, blue pick and loads of iron, tiny lava patch visible on map too which turned out real, threw out gold to distract pig while mining pigface, left for fort with 14 obby, +2 in chest, 0.9 ch, ocean non exposed, great pearl to dip to back 95 USS"
4/15/2026 12:02:49,Full Shipwreck,Magma Ravine,Bastion,00:19:42,00:05:38,00:06:48,00:13:08,00:15:22,00:16:34,00:17:32,00:18:04,00:18:57,7,1,13,0,0,2.08372E+18,Stables,Zero Cycle,0,0,9471,FALSE,"Map from ship, goated bt, magma ravine very fake but found a real spot on other side, new L portal tech with minor inconveniences, sword guys meetup in outer, started ttmtg with 12 obby and ended on 18, extra gold around helpful, 21 to fort, 0.7 ch, nice mineshaft over starter, front 95"
4/15/2026 11:39:38,Structureless,Magma Ravine,Bastion,00:20:09,00:06:30,00:07:32,00:14:36,00:16:37,00:18:10,00:18:26,00:18:58,00:19:47,8,0,12,0,0,-4.8432E+18,Treasure,Zero Cycle,0,3,9470,FALSE,"6 iron from surface cave, killed salmon, dug into mineshaft to get rest iron, short tunnel to lava, overlapped making portal with cooking, chat locked on difficulty toggle from unnecessary woodlight, ziglin bodyguard on boomer, still a good amount of pigs, spleefed piglin in bottom, drilled through massive wall to fort, 1.0 ch, in same cave as sh, mob nation in pr nav, front 95"
4/15/2026 11:16:03,Full Shipwreck,Magma Ravine,Bastion,00:17:34,00:05:18,00:07:51,00:12:01,00:14:03,00:15:22,00:15:48,00:16:08,00:17:00,8,0,17,0,0,-2.90834E+18,Treasure,Zero Cycle,0,2,9469,FALSE,"Island spawn right after restarting game, great shipwreck, y50 bt buried 5 deep, fake kelp from earlier, wall portal in weirdly flooded lavapool, big bertha ate away terrain, mined bottom treasure 1st, pig jumped in lava without notice, t_wagz like pivot to many side terrain pigs, fort close enf to be divorced fastion, double spawner cranked, 600 blind dist, ravine shortcut, reached 99 with time to spare"
4/15/2026 10:57:14,Full Shipwreck,Lava Pool,Bastion,00:18:03,00:06:13,00:08:13,00:11:24,00:13:34,00:14:31,00:14:31,00:16:11,00:17:32,7,0,11,0,0,7.28064E+18,Housing,Half Bow,0,1,9468,FALSE,"Weird ocean ruins - mineshaft collab, 2nd try map chest, sand caved in around bt, random hole in the ground going to mineshaft, random water flooded lavapool in ravine, 4 diamonds at a good one, hunted pigs going to hauss, remembered to toggle difficutly on tdm, blaze tnt angered ziglins, 2.3 ch into icepie, clean 2b2a one cycle"
4/15/2026 10:37:08,Village,Lava Pool,Bastion,00:24:55,00:04:35,00:07:46,00:12:22,00:18:22,,00:22:45,00:23:27,00:24:15,8,1,13,0,1,8.37892E+18,Housing,Zero Cycle,1,2,9467,FALSE,"Acacia village with lavapool in sight, meanie golem gave 3 iron, killed sheep on the way to carpet light portal, far td hauss, outer chests and extra gold helped with obby, 18 full diag fort, got 1-tapped by withers to hard difficulty, easy return, main loss obsidian and glowstone, lava fall caused by blaze bed, loads of pearls, decided to ow travel through home portal, radial not too shabby, front 95"
4/14/2026 18:48:10,Structureless,Lava Pool,Bastion,00:27:48,00:05:47,00:07:57,00:11:35,00:13:49,00:15:47,00:17:30,00:17:53,00:26:59,8,1,13,0,0,4.4539E+18,Housing,Zero Cycle,1,1,9466,FALSE,"Structureless ow, mazed around outer housing to reach main gap, weird middown style route, low string leaving for fort, 0.6 ch, sheep on the way, ocean exposed starter, easy nav over a mineshaft, cranked back 97 1/8, crazy last anchor got the kill but then got knocked off on 2.5 hearts, failed boat clutch, gapple in rp, grabbed food from village for 9 min return journey"
4/14/2026 18:19:45,Structureless,Lava Pool,Bastion,00:20:04,00:05:44,00:07:28,00:13:05,00:15:26,,00:18:07,00:18:34,00:19:45,8,1,12,0,0,5.07419E+18,Housing,Ground Zero,0,1,9465,FALSE,"Cave-ception, doubel pig light, mineshaft went to lavapool with 2 diamonds, tdm, outer chests gave hope of getting 20 obby with backups, wither convention at spawner, sub 250 block blind, went ow and had to dig on y130 mountain down to y46 yiiikes, forced ground instead of back zero on cage "
4/14/2026 17:58:57,Full Shipwreck,Magma Ravine,Bastion,00:19:13,00:05:38,00:07:01,00:13:23,00:15:36,00:17:01,00:17:28,00:17:53,00:18:42,8,1,15,0,0,3.52595E+18,Treasure,Zero Cycle,0,0,9464,FALSE,"Nice mapless spike turned bad soon, decent ship, map took back to spawn island, hoglin appeared in top treasure, went bottom no expecting good trades, got boxed in a 1x1 corner with 2 aggro pigs somehow on the side wall, chests cranked obby, way too much spare gold, fort visible from spawn but just low rd earlier, ripped 400 block blind, caved 1 chunk off, back 99 came down to last anchor"
4/14/2026 17:38:45,Full Shipwreck,Magma Ravine,Bastion,00:16:27,00:03:31,00:04:46,00:09:37,00:11:03,00:12:54,00:12:54,00:14:56,00:15:47,7,0,10,0,0,-1.85888E+18,Stables/Treasure,Zero Cycle,0,0,9463,FALSE,"Good iron in ship, pushed bt for more food, also near ravine, pig yoinked gb then transferred it to his friend on death, pig nation on dk, hogs on the way, prolly lost treasure going diagonal and loading a new one, some eray but turned out real to sub10glorp, icepie on 0.4 ch, under cave ocean, mineshaft pops up at a bad time, bad nav, weird overhang, back 95, new fastest 2 bastion run beating out old 16:00"
4/14/2026 17:19:31,Buried Treasure w/ tnt,Magma Ravine,Bastion,00:25:09,00:04:26,00:06:29,00:12:17,00:17:44,00:19:59,00:20:54,00:21:30,00:23:59,8,0,19,0,0,4.54801E+17,Stables,Half Bow,0,1,9462,FALSE,"Ship and bt combined for enf iron and 6 tnt, bonus 2 dia, buried stables, surprise hog almost knocked into lava, gap route after dealing with hog at mid, farmed tons of food, left after getting 10 obby, 1st pearl hang failed, fort buried under basalt, fourk tnt, blazes spawning at snail pace, underestimated journey to home portal, iceberg more like eyesberg, hole in oned through the centre, 0.7 very diag, only pushed 93 and dragon flew"
4/14/2026 16:53:35,Full Shipwreck,Magma Ravine,Bastion,00:25:55,00:06:38,00:07:26,00:15:39,00:19:16,00:21:11,00:21:58,00:23:19,00:25:23,8,2,22,0,0,-8.88474E+18,Bridge,Half Bow,1,1,9461,FALSE,"Left stranded by dolphin in middle of ruins, dodged tridents like a pro, 3rd try map chest, only then saw a ship, awful iron but very much needed for even more atrocious bt, magma ravine near, another death to piglins being blind, miscrafted 38 sticks, back in 4 min, hoglin launcher onto dk, almost died again while checking chests, only 12 obby, pearl hung from fort to home portal, 1.0 ch to shallow coords, couldnt force zero to like no health, weird 1st perch, again no health so didnt push, killled on 2nd one"
4/14/2026 16:27:06,Structureless,Magma Ravine,Bastion,00:26:55,00:07:44,00:09:52,00:15:11,00:17:42,00:19:26,00:20:09,00:21:55,00:25:40,8,0,14,0,0,-1.15539E+18,Treasure,Half Bow,0,0,9460,FALSE,"2 gapples and light on RP, caved then headed out to ocean for kelp, turned out fake, encountered like every ore, big bridge over lava, survived boomer route, like no pearls off top again, helmet upgrade, 23 to fort, 1.7k blind, fyroah's law in really weird nav and cave ruin, great pearl but still got launched pushing for top 104, scary almost pearling into dragon during half bow, no sub 25 to bad rng"
4/14/2026 15:30:09,Structureless,Lava Pool,Bastion,00:23:55,00:06:50,00:11:44,00:16:05,00:19:02,00:21:17,00:22:18,00:22:31,00:23:21,9,2,15,1,0,2.37406E+16,Stables/Bridge,Zero Cycle,0,3,9459,FALSE,"Structureless ow, failed 3 bucket mlgs, zombie dungeon in mineshaft, mob central protecting 6 diamonds, another 3 at lavapool but left 1 lonely forever, DBNT stables pops up, insta pivot to new eray, saw warped fort on the way, mined into lavafall under brijj left triple, build around lavafall to bring triple pigs as well, only 1 fire res, bigfella convention in fort, lava spawner, 0.5 full diag with no fire res no food, ocean exposed pr, back 99"
4/14/2026 15:04:38,Structureless,Lava Pool,Bastion,00:20:39,00:05:20,00:12:40,00:05:42,00:15:32,00:17:15,00:18:00,00:18:55,00:19:44,9,2,16,0,0,6.52764E+18,Housing,Zero Cycle,0,2,9458,FALSE,"Lavapool at spawn, ocean more like a lake, dipped to play structureless, fort spawn, bathtubb loaded on 25, fort first it is, sort of double spawner, 9 rods, trash terrain to manhunt hauss, top and mongey chests clutched on obby, 0.7 ch, spider jockey, mined into pr, crazy back 95 USS 3+2"
4/14/2026 14:42:22,Village,Lava Pool,Bastion,00:28:35,00:05:38,00:07:13,00:18:05,00:19:28,00:21:58,00:24:23,00:27:04,00:27:56,8,1,13,0,1,2.00444E+17,Treasure/Treasure,Zero Cycle,1,0,9457,FALSE,"Coastal village spawn, amazing hotel chest for cod skip, golem dropped 3 but saved by ship, dug into mineshaft, lava ravine with 6 diamonds further, lot of bridging to treasure, threw out gold like a mad man but still died to the most blind pigs, grabbed food and returned in 5 min, stupid pigs still refusing to get in trade hole, enf trades off top, another treasure closeby, forced extra regional towards basalt, low on pearls reaching fort, blaze bed broke portal, spawner cranking, 0.4 ch rubbing salt on wound, rushing through gold picks, yikes 2600 dist with 0.375 actual change, awful ravinehold, real spike - only way to reach is a ravine corrupted staircase, back 95"
4/14/2026 14:12:38,Full Shipwreck,Magma Ravine,Bastion,00:37:19,00:11:37,00:13:58,00:23:53,00:25:46,00:27:37,00:28:56,00:31:51,00:32:38,8,3,14,0,0,-7.21318E+18,Treasure,Zero Cycle,2,0,9456,FALSE,"Gold axe from RP, swam and boated for well over 4 min without any signs of a ship, pivotted to ocean cave, water abruptly ended into big dropper, insta sniped killed by skeleton, immediately saw ship on other side of spawn, 100% time save death, saw enter on the way to bt, 2 dia for sword, robbed RP gold guarded by drowned army, sub10 enter with dolphins dying, every mob out to get him, buried trevor, shot into lava moat by crossbow pig, couriway pause planning, missed block clutch and died with most stuff burning in lava, grabbed amazing unlooted ship from earlier before going back, gb survived, continued route, skeleton took full brute force of every pig, like no pearls off top, blaze killed by blaze bed, educated on being caved, wood acquired after chat's insistence, giant angle change on 2nd portal so didnt even need 3rd one, zombie nation, sickening nav, front 99 3+2"
4/14/2026 13:26:45,Village,Lava Pool,Bastion,00:19:39,00:04:52,00:06:54,00:11:25,00:13:48,00:15:15,00:15:58,00:18:02,00:19:05,13,2,17,0,1,8.24888E+18,Treasure,Zero Cycle,0,1,9455,FALSE,"Ripped iron pick and sword in desert blacksmith, not tons of food, succeeded in finding lavapool wandering desert, skeleton nation attack, usain bolt pigs on boomer, let pigs in through t_wagz pivot tunnel, skeleton invading personal space, enf trades off top, 22 to fort, 1k blind, mineshaft giving wrong spike, really weird nav, 2 hunger resets coz creeper in pr, end island from hell, crazy low pearl to being in valley, pushed 90 SS"
4/14/2026 13:06:14,Village,Lava Pool,Bastion,00:23:49,00:05:01,00:05:59,00:16:11,00:18:22,00:20:36,00:21:31,00:21:56,00:22:48,8,0,12,0,1,-4.45495E+18,Stables/Treasure/Stables/Treasure,Zero Cycle,0,1,9454,FALSE,"Lavapool under surface, village 18 chunks away, ripped 5 emeralds food chest, golem dropped 3 so woodlighting, ttmtg, spawned endermite in gap that could have given a funny death, 10 obby but triple triple chests cranked, 1 in 108 bastion, 22 chunks to get treasured, half dia armor, no spawner in 32, hot tourist, stables pitstop for food gathering, new bastionagami unlocked with another treasure, fort finally 29 chunks from there, both coords over 1k, subspace blind perfectly between 4th and 5th ring, 0.7 ch taking 5th ring, front 95, 2nd fastest run with 4+ bastions"
4/14/2026 12:38:23,Village,Lava Pool,Bastion,00:18:12,00:04:31,00:06:56,00:11:46,00:13:39,00:15:07,00:15:34,00:16:07,00:17:21,8,0,11,2,1,2.08428E+18,Treasure,Ground Zero,0,4,9453,FALSE,"Spawn near village, dug into lavacave weirdly flooded, close trevor, pigs cranked out obby at the end to put above 20, only going to break spawner, fort full 32 chunks away, avoided mining up into wither squad, mesa blind, 0.8 ch, barely ocean exposed, insta b-lined to ground"
4/14/2026 12:18:50,Full Shipwreck,Lava Pool,Bastion,00:21:54,00:09:12,00:11:15,00:15:02,00:17:22,00:17:49,00:19:23,00:19:39,00:21:41,8,0,13,0,0,2.02058E+18,Bridge,Half Bow,0,1,9452,FALSE,"Jungle spawn under weird overhang, RP burning down forest, free light, carrots and small dot map, 2nd RP for armor, bt over 900 blocks away inside sh ring, dugdown with no ravine in sight, baby lavapool not completable, better sized one further, sub 10 enter close to 150 150 in nether, close cs brijj, 13 obby after all everything, pearl hung to home portal from fort, educated close, bad radial made it still 500 off, o58 cage, only pushed back 90 but dragon flew before, clean 4+1"
4/14/2026 11:51:13,Village,Lava Pool,Bastion,00:20:54,00:06:40,00:09:17,00:13:10,00:15:24,00:16:47,00:16:47,00:19:24,00:20:14,8,0,13,0,1,-1.92049E+18,Stables,Zero Cycle,0,3,9451,FALSE,"Frontloaded wood for desert village, pink sheep above digdown spot, set for woodlight coz forgot flint, fort on the way, good gap stables finally locks in for trades, hoglin blockades in the most random places, chests also fragged on obby, ssv fort, 1.4 ch, corrected math on the fly, strongshaft icepie, skeleton dungeon fully jebaited, caves nightmare nav, weird island but still great pearl to push 95"
4/14/2026 11:27:57,Structureless,Lava Pool,Bastion,00:24:12,00:05:45,00:08:49,00:16:05,00:19:52,00:20:57,00:20:58,00:21:11,00:23:33,8,0,12,0,0,2.25286E+18,Stables,Full Bow,0,3,9450,FALSE,"Close furnace, abandoned plains village, blacksmith not helpful enter-wise, 5 obby still nice, river very chopped for bolan, couriway bolan full proof always works, surfaced to see RP on mountain, part of village but hidden behind a house, completable with 1 obby from earlier, double eray in similar direction, one stables and other prolly fake, mtg, maybe installed wrong datapack which gives worse trades particularly in stables,"
4/14/2026 11:03:13,Buried Treasure,Magma Ravine,Bastion,00:16:57,00:04:56,00:06:04,00:09:20,00:11:21,00:13:43,00:14:35,00:15:04,00:16:06,8,0,16,0,0,-5.14793E+18,Housing,Zero Cycle,0,1,9449,FALSE,"Loads of iron from ship and bt, gold pick and free light in RP, 2x1 portal, manhunt hauss, good pearl trades, sub 10 fort farming hogs on the way, double spawner divorced by trees, bamboo jungle blind, leaves in the way of eye, one eye landed on a bamboo shoot, 0.5 ch just barely in ring, went shallower, nice triangulation, mined to pr, good back 90 SS zero to bounceback from death"
4/14/2026 10:45:23,Structureless,Lava Pool,Bastion,00:34:18,00:08:22,00:09:52,00:15:21,00:17:09,00:20:15,00:20:58,00:21:48,00:31:50,7,1,9,0,0,-5.42033E+17,Stables,Other,1,1,9448,FALSE,"Structureless ow, ravine digdown to lava, 6 diamonds, piglins hijacked boat, mtg, horrible outer section, only got to 13 pearls and 13 obby, ran 18 chunks to fort, 0.9 ch, overlapped 7 obby mining with blaze spawns, 2 pearls left to push front zero, fell off building up to 95, failed boat clutch and doid, mushrooms saved from losing sprint on return journey, took ~7 min, craziest diagonal e-w n-s perch"
4/13/2026 21:58:26,Village,Lava Pool,Bastion,00:29:36,00:05:18,00:07:26,00:17:19,00:20:08,00:23:29,00:25:13,00:27:05,00:28:33,9,0,23,0,1,5.47664E+18,Bridge/Treasure,Half Bow,0,2,9447,FALSE,"Acacia village in sight, bucket house can into picture after trading emeralds, used barrel to block golem, ravine digdown enter, cs, used side terrain to bring pigs stuck in weird spots, very little string, spawner turned full diag into a trevor, all quadrants seemed like bastions hence forcing extra regional, endured a lot of basalt mining to fort, 0.6 full diag, neat underwater pearl hang for grabbing village beds, pretty flower forest, diagonal moment, insta fireballed on front 94 SS, 5/5 arrows hit crystals, crazy perch timing with no visibility to breath above fountain"
4/13/2026 21:28:12,Misc,Lava Pool,Bastion,00:24:59,00:06:46,00:09:46,00:14:00,00:17:06,00:18:46,00:20:39,00:21:37,00:22:23,10,1,15,1,0,-9.98699E+16,Housing,Zero Cycle,0,0,9446,FALSE,"Went for campfire, largefern and good food, crazy 11 iron blacksmith (0.6%) + armor, mined down into zombie dungeon, long tunnel for lava, far td hauss, lost diagonal for fort and loaded a whole new one in extra regional, 0.8 ch, caved under y70 jungle, baby strongshaft, fyroah's law, front 95 small boi 2+2"
4/13/2026 21:01:15,Full Shipwreck,Magma Ravine,Bastion,00:45:42,00:07:15,00:09:44,00:15:12,00:16:54,00:19:35,00:22:24,00:22:46,00:24:05,9,0,14,2,0,-8.40126E+18,Bridge/Treasure,Ground Zero,0,1,9445,FALSE,"Brilliant shipwreck, tnt'd dirt for blocks, wrong liquidpool 1st on digdown, fake lava baited in the smallest ravine, bubbles further, lavafalls ruined warped, hoglin at Pigface, insta crafted 15 garrots, 3 cs streak, so many pigs stuck behind rampart, Dinner break, beautiful single chest while leaving, tried forcing spawner direction with lower eray but got treasured, mined into it from under, went onto bridge to see ssv fastion in full extent, blind in cave with mineshaft spawner, 0.4 ch way too shallow, went -x instead of +x, around 600 off, dungeon in starter room, pearled into t99 crystal, pushed for 104 but got fireballed at wrong place, dipped to ground"
4/13/2026 20:11:46,Structureless,Lava Pool,Bastion,00:21:39,00:06:23,00:07:16,00:13:18,00:16:32,00:17:39,00:18:44,00:19:07,00:20:27,10,2,21,1,1,-6.71503E+18,Bridge/Treasure,Ground Zero,0,1,9444,FALSE,"Spawned on mountain cliff, pierayed furnace, good intuition to go diagonally to plains seeing no campfire, not bad 1 iron, low hay, weird cave ravine gen, pearled across huge terriain gap to brijj, cs, only 14 obby, spawner clearly treasure, forced towards lower eray and hit the jackpot, pearl hung to spawn right away, bajillion wither strays, rival spawners, rates slowed down towards the end, best home portal educated of all time, dragon flew way before reaching 90, low bitrate ground"
4/13/2026 19:49:20,Village,Lava Pool,Bastion,00:20:25,00:06:22,00:10:18,00:14:56,00:16:57,00:18:29,00:18:30,00:18:59,00:19:52,12,1,13,0,0,-2.86581E+18,Bridge/Bridge,Zero Cycle,0,0,9443,FALSE,"Ocean over desert village, rotten flesh floting over water, 18 iron ship with empty map, pivotted to abandoned village for food, RP on coast to enter, brijjtosis after big wall, cs, pealred over to other one without fire res in case of obby shortage, almost ended badly, loads of pearls finally, 18 to basalt fort, pearl damage cancel with skeleton, blazes running away from home, 1.3 ch, nether zombie, icepie, forced back 98 to sub 20 "
4/13/2026 19:27:46,Village,Magma Ravine,Bastion,00:26:49,00:04:36,00:05:32,00:11:43,00:20:57,00:23:21,00:24:53,00:25:14,00:26:14,8,0,16,0,1,-1.73924E+18,Stables/Stables/Housing,Zero Cycle,0,2,9442,FALSE,"Classic plains applesmith, co-operative cod strats, 5 diamonds mining to lava, saw fort while entering stables, mtg, all luck goes into 15 obby chest (1in 462) instead of pearls (bottom 2%), played fort then left for new bastion, DBNT almost lost mind over it, next stop housing, played manhunt, generationally awful luck on pearls, 26 or less from ~264 gold is 0.6%, 0.9 ch, sent dig on getting caved, , x-rayed mobs but of different cave, mined into library, backnavved hearing silverfish, back 90 SS"
4/13/2026 18:59:29,Structureless,Lava Pool,Bastion,00:22:09,00:05:36,00:06:20,00:13:23,00:14:44,00:16:45,00:17:36,00:19:45,00:20:38,8,0,16,0,0,-5.99635E+18,Housing,Zero Cycle,0,0,9441,FALSE,"Awful mineshaft iron wise, looped all the way around in finding enf, surfaced and saw lavapool, loaded in a billion entities, 0.5 heart on td, hosed on trades again, backups for playable amount of pearls, mongey chest clutch on obby, hoglin family all attacking at once, skeleton and ghasts joined the party too, more obby in RP gave chance of triple travel, 3rd time's the charm for eye not going in tree, 0.5 ch, great pearl from fort to fort, shortcut mountain opening, lava above starter, absurd deep nav, parkoured around tower with obby to make 94 SS"
4/13/2026 18:36:38,Structureless,Lava Pool,Bastion,00:33:36,00:07:29,00:12:07,00:25:38,00:26:57,00:28:20,00:28:27,00:31:24,00:32:14,7,0,10,0,0,-7.79736E+17,Stables/Treasure,Zero Cycle,0,0,9440,FALSE,"River bolan worked on +4 rather than +7, RP in view on mountain while killing animals, built portal using lavapool in it, saving iron pick on miles long dig, ttg spoiled by both bad gaps, 5 extra gb from outer and 1 from RP, another triple to trade, all this for just 15 pearls, 25 chunk spawner turned out treasure, traded out bottom, ssv fort 23 from there, blind just past 3rd ring, 0.6 ch, almost died near coords, library icepie, very gross nav, improvised 99 offset on t100 from watching girloffs"
4/13/2026 17:55:07,Full Shipwreck,Magma Ravine,Bastion,03:10:19,00:08:10,00:10:25,00:13:44,00:16:05,00:18:58,00:20:08,00:20:38,00:21:33,8,0,15,0,0,-5.2342E+18,Stables,Zero Cycle,0,2,9439,FALSE,"Gigantic mapless spike, persistence only wasted time, ship for mainly map, 4 dia bt, 8 ow garrots, ttok massive tnt damage, kelp turned out fake, dug for lava, 3rd time ever y117 spawn, mined into stables, gap route, almost fatal hoglin, crazy 11 obby bad gap chest, 15 to fort, cool tnt bed, ended stream to go for a meeting, no. 11 ||||||||| back ~3 hrs later, 1.0 ch, 1 obby to mine, out of fire res, brought out shield, pushed back 95 small boi"
4/13/2026 14:43:42,Full Shipwreck,Lava Pool,Bastion,00:20:52,00:04:14,00:07:10,00:13:42,00:15:23,00:16:49,00:17:07,00:17:13,00:18:55,9,0,11,0,0,-5.12517E+18,Bridge,Half Bow,0,0,9438,FALSE,"Spawns on beach, rides with dolphin to sw, goes back to beach for bt, finds rp with no chest, goes ocean, finds ocean cave ravine, enters with lavapool, spawns in soulsand valley, dangerously bridges over lavalake to crimson, runs out of blocks due to excessive bridging, enters bridge bastion, goes dk, piglin steals gold block, navs to fort, avg rates, 0.6 blind, nethertravels into ocean with exposed sh, goes for zero cycle but dragon troll "
4/13/2026 14:20:32,Village,Lava Pool,Bastion,00:24:12,00:06:31,00:10:09,00:16:09,00:18:28,00:20:29,00:20:55,00:21:43,00:22:42,9,0,12,0,1,3.87422E+18,Stables,Zero Cycle,0,1,9437,FALSE,"Spawns in plains, goes for nearby village, looks around for haybales but apparently all the farmers are chuds, rides with dolphin to iron chest only sw, goes cavediving for lava, builds portal in lavapool, spawns in netherwastes, spends all time and resources crossing a giant lava lake to get to bastion but get’s sniped by ghast forcing him to retreat to mine netherack, then fighting back to reclaim the bridge and continues to expend more resources, eventually gets to stables bastion, goes double triple to gap, gets trolled by piglins the whole time and has GarbageLuck, gets double gap gold, pearls to fort, avg rates, 3.0 blind, nethertravels to surface, digs down to sh, get’s lock in a room with a creeper, avg nav, finishes off with zero cycles BANG"
4/13/2026 13:55:05,Structureless,Lava Pool,Bastion,00:22:55,00:06:19,00:07:45,00:11:22,00:13:08,00:13:58,00:14:09,00:14:30,00:15:32,8,0,16,0,0,-1.42254E+18,Housing,Perch,0,1,9436,FALSE,"New cobbleskip pb of 10, typical cave ow, 7 min niceRTA, stablesy eray but td housing, didnt get a lot of pearls, 17 chunk fort, 2.6 ch, basically icepied next to library, dragon flew after pushing 90 from cage, perched while setting up ground"
4/13/2026 13:30:17,Misc,Magma Ravine,Bastion,00:18:31,00:03:58,00:04:58,00:09:42,00:12:24,00:13:47,00:14:37,00:15:09,00:15:59,8,1,13,0,0,5.38656E+18,Treasure,Zero Cycle,0,3,9435,FALSE,"Good iron and food from shipwreck, ghost bucketed 2x1, pivot to L portal, sub 4 enter, scary holes in terrain, enf trades off top, left with 10 obby highrolling quadrants for pace, spent ~2.5 min finding fort, sub10glorp, wither squad at spawner, home portal not that far, 0.7 ch, slight math error, might have icepied, cranked back 99"
4/13/2026 13:04:55,Buried Treasure w/ tnt,Magma Ravine,Bastion,00:24:00,00:03:51,00:09:13,00:13:13,00:14:37,,00:16:52,00:17:32,00:20:02,7,0,16,0,0,8.08803E+18,Housing,Half Bow,0,1,9434,FALSE,"Ship + bt, dark oak tnt replacement for shears, forgot to get gravel before magma enter, went through big wall to basalt bridge, nice corruption around all setup areas, played cs, 19 to fort, insane 140 block blind, within portal link territory so going ow, zombie in nether, heard silverfish, block clutch on 1.5 heart pushing for zero, dragon didnt cooperate for sub 20 ͏"
4/13/2026 12:35:29,Structureless,Magma Ravine,Bastion,01:08:09,00:08:16,00:12:12,00:20:19,00:22:02,00:24:49,00:25:42,00:26:43,00:28:41,8,1,17,0,0,-1.00296E+18,Housing/Treasure,Half Bow,0,0,9433,FALSE,"10K at TwitchCon Officially Confirmed BANG LETSGO, Live on 31st May commentated by Fulham and Feinberg at the new Minecraft Arena's Main stage, Immediately followed by GRIDLOCK panel, Also Casting Midoffs LIVE on 30th May ready to meet IN THE STANDS and a panel on Competitive Minecraft, Back to the grind, had already started run before announcing so nice 30 min of IGT RTA diff, giant ocean fully bad, dipped to cave, found lavapool before enf iron, resurfaced to kill animals, magma ravine into y110 nether spawn, full wall into housing, played manhunt, W pausing to clarify on many things, terrain finally opened heading out, treasured 22 chunks away, fort 22 from there, plumbed lavafall from the ceiling onto spawner, cosmetic iron sword, 1.8k blind dist, ravine exposed starter, weird nav, o59 cage, ground fireballed, waited for perch ending run with 40 min IGT RTA difference"
4/13/2026 11:22:18,Full Shipwreck,Lava Pool,Bastion,00:20:23,00:07:02,00:08:09,00:14:09,00:16:09,00:17:44,00:18:36,00:18:53,00:19:38,8,0,10,0,0,-1.26239E+18,Treasure,Zero Cycle,0,2,9432,FALSE,"Insane 17 iron ship also with nice food, cool savanna terrain in bg swimming to bt, dug for lava, mined bottom treasure 1st, nice prot 3 chestplate, killed snatcher pigs, absurd roll on trades until the very end, still had to go for bottom chests for last obby, 17 to fort, 0.5 ch, cranked front 97 1/8 to 3+3"
4/13/2026 10:57:18,Structureless,Lava Pool,Bastion,00:23:04,00:07:51,00:11:28,00:15:58,00:17:30,00:20:05,00:21:08,00:21:26,00:22:18,8,0,11,0,1,4.24407E+18,Housing,Zero Cycle,0,1,9431,FALSE,"Snow tundra spawn, caved then headed to village, impostor house igloo spotted, TAS food chest with more emeralds to trade, no gravel so woodlit, jumped into basalt lava from nervousness of upcoming announcement, rp outside hauss. td, obby from mongey chests, unlucky on choosing fort diagonal, 0.5 ch, forced front 99, good correction for early 1st bed "
4/13/2026 10:32:49,Village,Lava Pool,Bastion,00:29:37,00:06:23,00:07:24,00:22:23,00:23:19,00:25:50,00:26:51,00:27:44,00:28:38,7,1,9,0,1,2.14404E+18,Stables/Housing,Zero Cycle,1,3,9430,FALSE,"Frontloaded wood for desert village, new golem stupidity unlocked - getting stuck on a cactus flower pot, no lavapool in sight so dugdown, ttmtg, got hit through wall, piglins blocking chest break, hoglin rushed into mid to get the kill, returned with stone tools single firecharge to deal with hog from earlier, another 2 appeared at good gap entrance after aggroing pigs, dealt with those then made path for pigs, 0 pearls in total, saw items despawn around death spot which might have been gold or extra trades, trading other triple only gave 12 pearls, super annoyed seeing hoglins still, headed out to other bastion, middown hauss, fort not far, holy rates, blazes very good team players as opposed to hogs, skeleton mitosis, 0.9 ch to very far 1st ring, mushroom island, ocean non exposed, strongshaft, 3 zombies in way of pr, back 95 to sub 30"
04/12/2026 21:13,Structureless,Lava Pool,Bastion,00:22:12,00:04:22,00:06:32,00:12:02,00:15:45,,00:20:29,00:20:47,00:21:55,7,2,17,0,0,-3.3769E+18,Housing,Half Bow,0,1,9429,FALSE,"Instant lavapool on snow spawn, TAs chatter comms for iron in cave ceiling, sent foodless enter, possible polar bear divine, RP in nether almost at coords, bridged over to hauss, piglin attack too quick for middown, barely lived on 0.5 heart to route, only 12 obby in total, pearl hung before leaving to fort, went to divine coords to blind (211 47) while strafing, village nice for food, sad 0.8 ch so not divine, tons of pearls to chuck, epic triangulation pushed back 94 but dragon flew, crazy insta perch"
04/12/2026 20:49,Structureless,Lava Pool,Bastion,00:25:59,00:06:42,00:07:45,00:16:20,00:21:13,00:22:25,00:23:40,00:24:09,00:24:56,9,1,11,0,0,-3.44433E+18,Treasure,Zero Cycle,0,2,9428,FALSE,"Local_Tortilla hits netherite rank, Annoying mobs in iron cave, close treasure, played ring around the rosie with late piglin, traded bottom for more obby, 22 chunk fort, endermite in hunger reset, spawner hiding gross terrain, fluid moves splash fire res, plumbed big mess of a lavafall, 0.6 ch, zombie in pr, front 99"
04/12/2026 19:41,Structureless,Lava Pool,Bastion,00:25:29,00:05:50,00:10:00,00:05:50,00:14:18,00:15:52,00:16:56,00:17:15,00:18:02,8,0,16,0,0,-4.57439E+18,Treasure,Zero Cycle,0,1,9427,FALSE,"Spawns in forest, goes caving for iron, tunnels for lava, builds portal in lava pool, spawns in fort, avg rates, navs to treasure bastion, blinds in bastion after trading, 1.1 blind, misses nethertravel but quickly finds sh, quick nav, end with zero cycle"
04/12/2026 19:10,Buried Treasure w/ tnt,Magma Ravine,Bastion,00:29:15,00:06:14,00:10:25,00:16:23,00:18:32,00:21:43,00:22:52,00:24:23,00:25:41,9,1,16,0,0,7.02896E+18,Stables/Stables,Ground Zero,0,0,9426,FALSE,"2 iron ship, bt for rest, magma ravine near, hog hunting on the way to stables, ttg ended in double bad, 4 outer gb + 1 in chest, pigs gave exactly 12 pearls, spawner seemed very treasure so went there, surprise surprise good gap stables, spawner under 6 rd aka fastion, pigs still very much trolled on pearls, extra trade lying outside gap, saw part of fort eaten by stables across hallway, W spider repellant tech for axis, 0.5 going very shallow 2nd ring, baked potato slander, pearled away from frotn tower, dipped to ground"
04/12/2026 18:39,Village,Lava Pool,Bastion,00:31:42,00:06:52,00:10:11,00:16:10,00:18:11,00:19:54,00:21:04,00:21:23,00:22:46,8,0,13,0,0,5.05683E+18,Treasure,Ground Zero,0,1,9425,FALSE,"Campfire on pie, tons of bread from chests, used 3 emeralds to trade bucket, grabbed blast furnaces and left, heard chicken jockey under surface, xray mined into iron, 1 in 40 zombie iron drop, 4 dia at lavapool, ran out of blocks so dug through wall, trevor hiding behind a wall, mined bottom first, e count over 400 on 26 rd for spawner, 15 min lag pearl, basalt 1 wide dropper hole-in-one, lived on 1.5 hearts, basalt fort, busy with work for 6 min RTA IGT diff, 0.8 ch, mushroom island, skyscraper brown mushroom, such pure spikes in sh, misshot dragon and it broke bed, ground pivot"
04/12/2026 18:06,Full Shipwreck,Magma Ravine,Bastion,00:22:27,00:04:42,00:05:46,00:11:21,00:14:30,00:17:15,00:19:10,00:19:43,00:21:28,8,1,21,0,0,-7.97205E+18,Stables,Full Bow,0,2,9424,FALSE,"Spawns in forest, finds sw with nothing but one bowl of soup, finds another sw that is loaded with goodies, finds a 3rd sw with some iron, enters in magma ravine, spawns in netherwastes, quickly navigates to stables, goes good gap, accidentally trolls into piglin hole but makes a quick recovery, navs to fort, avg rates, goes hp, 0.4 blind, terrible terrain to cords, nethertravels into cave, quick nav, hunger resets in portal room, full bow with 3 explosives"
04/12/2026 17:34,Structureless,Lava Pool,Bastion,00:23:22,00:07:24,00:08:22,00:13:08,00:16:52,00:18:17,00:19:10,00:19:25,00:22:15,8,0,21,0,0,-7.11873E+18,Bridge,Half Bow,0,2,9423,FALSE,"Spawns in plains, quickly finds rp with 4 gold tools, goes caving for iron but cave is a dud, farms some cows but they keep trolling and jumping into the water, finds nearby ravine to get iron, enters using rp lava, spawns in netherwastes, dangerously navigates to bridge bastion, goes Couriway double single right side supreme special deluxe route (single dk), navigates to fort, avg rates, goes homeportal, 0.6 blind, quick nav,"
04/12/2026 17:08,Structureless,Magma Ravine,Bastion,00:24:45,00:09:27,00:11:47,00:14:45,00:18:37,00:20:25,00:20:50,00:21:40,00:23:54,7,0,23,0,0,3.4284E+18,Stables,Full Bow,0,2,9422,FALSE,"Spawned in Taiga, crosses a lake with a dolphin, tries for a whole minute to get into a shipwreck, goes into ocean cave for more iron, farms fish, enters with magma ravine, spawns in netherwastes, navigates to stables bastion, goes double triple, pearls to fort, falls through a crack and drops to 1 heart, get’s trolled by a blazerod falling too far, 6/21 rates, goes for ocean blind and gets trolled by a group of drowneds, 1.0 blind, nethertravels into ice biome with exposed sh, finishes with full bow"
04/12/2026 16:42,Village,Lava Pool,Bastion,00:20:09,00:04:17,00:05:42,00:12:13,00:14:35,00:16:07,00:16:50,00:17:31,00:19:25,8,1,17,0,1,4.64548E+18,Treasure,Half Bow,0,2,9421,FALSE,"Instant plains village, witch hut disguised as one of the houses, 4 min lag for failign bucket mlg at lavapool, TAS 7 gb bottom treasure chest, no spawner in 32 but loaded soon after leaving, 2 useless sword enchants in RP outside fort, 0.6 ch, whiffed 2nd pearl for SS to weird terrain, flew on 99, weird hill on one side of fountain"
04/12/2026 16:19,Structureless,Lava Pool,Bastion,00:19:56,00:07:04,00:07:29,00:10:52,00:13:34,00:16:42,00:17:38,00:18:09,00:19:21,8,0,18,0,0,-2.14183E+18,Stables,Zero Cycle,0,1,9420,FALSE,"Structureless ow, had to run far for animals who gave bad drops, dugdown for lavapool, mtg after watching pig get launched to Mars by hoglin, baby hoglin jockey, 11 to fort, 0.7 ch, dug into pr, back 95 USS got spooky at the end"
04/12/2026 15:57,Full Shipwreck,Magma Ravine,Bastion,00:27:19,00:02:50,00:06:48,00:19:59,00:21:50,00:23:00,00:23:15,00:23:54,00:26:31,8,0,13,0,0,6.46579E+18,Stables/Stables/Stables,Half Bow,0,2,9419,FALSE,"Shipwreck in sight, mushroom island, ravine next door and good loot, sub 3 enter, dealt with trash terrain, had to pop out the stone pick too, all for a DBNT stables, pearl trade from 1 gb to leave for next 31 chunk bastion, ghast stuck in outer stables, another DBNT (7.4% rng twice = 1 in 182), time for 3rd eray, scary pearls over lava, society finally agreed to give 1 triple, still no good gap, 1000 1000 good coords for the 1st decent bastion, 1 in 447 odds for 1 or less tripels and no good gaps in 3 stables, enf pearls to leave, fort nearby, subspace bubble shocker to no one, 1.2 ch in 4th ring, nice play to pearl onto terrain instead of falling in lava digging straight down, 1 chunk off icepie, strongshaft, fancy 1st rotation bow on 95 broke bed, a while to perch"
04/12/2026 15:29,Village,Lava Pool,Bastion,00:22:29,00:05:35,00:08:43,00:07:53,00:14:50,00:16:41,00:18:29,00:18:53,00:21:16,8,0,17,2,1,-7.0794E+18,Housing,Half Bow,0,0,9418,FALSE,"Abandoned village, ocean ruins map, 3 iron bt, lavapool on the way to desert village, no bathtubb in 32, got a reading soon, passed 2 forts on the way, ripped through chests with gold axe but had to lava housing pivot, elevator slightly off, waited for extra string, plumbed huge lavafall post blaze bed, 0.5 ch, 400 off coz 0.4 (2350 dist) in 1st ring makes a lot of sense, huge ravine dropper in starter, enderman walked into pearl path and couldnt go for zero, dragon hates believers"
04/12/2026 14:40,Structureless,Lava Pool,Bastion,00:20:02,00:05:24,00:05:52,00:12:01,00:13:55,00:15:52,00:16:30,00:16:55,00:19:18,8,0,17,0,0,-4.04964E+18,Stables,Full Bow,0,1,9417,FALSE,"Misleading terrain towards plains for jungle, heard mobs underground, missed iron going in to pov+fov, ears also worked for lavapool near same spot, insta stables eray with a spawner, double triple, last obby from bad gap, most likely avoided getting treasured by forcing new quadrant for fort, 0.7 ch, elevator cosplay, 3 explosives, 1st e-w perch, bowed it to guarantee kill on next one"
04/12/2026 14:19,Desert Temple,Lava Pool,Bastion,00:23:26,00:06:12,00:10:02,00:13:48,00:17:26,00:18:29,00:20:45,00:21:08,00:22:01,8,2,15,0,0,1.19865E+18,Housing,Zero Cycle,0,0,9416,FALSE,"Shipwreck fully parked over land above sea level, looked menacing from afar, nice food wise only, grabbed very meh DT on the way to bt, all 6 chests combined for 13 iron, 14 tnt total, ravine digdown, weird RP spot, manhunt hauss, quarried through massive wall to hauss, manhunt, 15 obby, pearl hung to RP from earlier, decent low render strays, RP wasnt completable, sent back to home portal after some miscommunication, educated taking back to same rp, less than 300 off, W comms for wood, RP blind would have been ~700 blocks, low dragon on front 95"
04/12/2026 13:54,Full Shipwreck,Magma Ravine,Bastion,00:21:12,00:05:45,00:07:33,00:12:39,00:15:19,00:17:22,00:17:48,00:18:47,00:20:28,8,0,21,0,0,-1.57638E+18,Bridge,Half Bow,0,0,9415,FALSE,"Ship map chest ofc buried, used magma ravine to breathe, looted another ship on the way back from trees, piglin doomed to stay is a 1x1x2 forever outside brijj, winged route without helmet, insta hit almost into lava, secret tunnel to escape, hogs creating a nuisance, new route invented - secret tunnel soog, got loads of pigs, hot tourist on fort enter, creeper shoo'd away spider during axis, 0.6 ch, ocean exposed starter, day care, craziest array of 11 mobs, amazing block off to live, pr side entry, springed off tower, pearl clutch on 0.5 heart, perch soon"
04/12/2026 13:29,Structureless,Lava Pool,Bastion,00:32:53,00:06:20,00:09:59,00:15:16,00:17:03,00:19:37,00:26:38,00:30:26,00:31:32,9,4,16,0,0,4.78308E+18,Stables,Half Bow,0,0,9414,FALSE,"Spawned in forest, goes for cave with no iron, hunts down some fish, mines straight down (illegal) and finds iron, goes back up for gravel just to hop back and mine straight down for lava, finds diamonds at lavapool, spawns in netherwastes, goes 1v2 against ghast trolls, bridges over lava with minimal resources, tunnels a bit to stables, goes triple to double gap, pearls to fort, avg rates, 0.6 blind, hunger resets at blind, nethertravels into cave does another hunger reset, gambles for sh chunk and misses, digs back up just to gamble chunk again and misses, mines back up again, triangulates, and finally hits sh, quick nav, gets trolled by 0 eye and has to go back to nether, pearls into lava while building portal, hunger resets, spawns near fort, gets 1/1 rod rates, one cycle"
04/12/2026 12:49,Structureless,Lava Pool,Bastion,00:22:20,00:08:24,00:09:21,00:11:50,00:14:05,00:13:18,00:14:44,00:15:27,00:19:08,8,0,17,0,0,-4.03226E+18,Bridge,Full Bow,0,1,9413,FALSE,"Structureless ow, insta brijj near spawn, dk, sub10 fort, 0.6 ch to 2nd ring, creeper exploded in water pool above starter, bat nation, sent front 92 1/8 with not many beds, messed up charging anchor and backed out, enderman got launched by dragon but was still mad at couri, did well enf to make it 2 perch"
04/12/2026 12:23,Structureless,Lava Pool,Bastion,00:18:57,00:04:45,00:06:21,00:10:55,00:13:12,00:14:40,00:14:43,00:15:09,00:16:57,8,0,16,1,0,3.79544E+18,Bridge,Ground Zero,0,1,9412,FALSE,"Lavapool in iron cave, sub 5 structureless enter, divine 15 after some deliberation, pushed into lava corner by piglin for dk setup, dealt with hoglin blockade 1st, -1 gb, way too many obby sources, pearls lacking till the end, relog immunity abuse smh, ssv 10fort with pre-ready blaze supply, crazy blaze strays from low rd pearl hang to divine coords, bad 600 block blind to sh being very shallow, brentilda moment icepie (tho less epic), didnt force back SS on o57 cage, relogged mid ground setup, rebowed and waited for new dragon to come down"
04/12/2026 12:02,Structureless,Lava Pool,Bastion,00:23:35,00:07:34,00:10:50,00:17:29,00:19:07,00:20:47,00:21:34,00:22:12,00:23:01,7,0,11,0,1,-5.27959E+18,Bridge/Treasure,Zero Cycle,0,3,9411,FALSE," Insta lavapool, furnace and brewing stand towards snowy mountain, uuuhhh fortunately plains village ahead, trash 1 iron, cave to get leaves too, garbage flint rates, hiked moutnain to return to spawn lavapool, 28 chunk bastion, boat break, dk, murdered baby pig, gapples with extra gold, big no no for spawner, sent new quadrants, a while to load spawner, almost travelled 1k block to fort, 0.9 ch, didnt pickup blind eyes, praying for 1 but got 3, also slime in starter room, cranked back 99"
04/12/2026 11:36,Full Shipwreck,Lava Pool,Bastion,00:21:32,00:05:47,00:11:29,00:16:06,00:18:16,00:19:21,00:19:21,00:20:06,00:20:55,7,0,9,0,0,7.42622E+18,Bridge,Zero Cycle,0,0,9410,FALSE,"Ship for food and map, RP had armor and gapple, kept gold sword for distraction, placed sand after exposing bt then switched hotbar mid-mining, digdown for enter, eray on increasing render, deciphered which one was real and headed there, trash terrain and brijj playing hide n seek, cs but single, left side was triple despite low eray, extra regional basalt fort, icepie on 800 block blind, mob gathering gave weurd spike, front 99 3+2"
04/12/2026 11:14,Structureless,Lava Pool,Bastion,00:18:29,00:05:49,00:08:03,00:12:27,00:13:19,00:15:17,00:16:38,00:17:05,00:17:59,8,0,10,0,1,6.2658E+18,Housing,Zero Cycle,0,2,9409,FALSE,"Pierayed village, extra iron from ravine to get shears, y102 nether spawn, ssv fort when dylan boat tech, tdm, pigs trolling with 19 obby, too many pearls, got 2 from distraction gold scavenging outer, feinberg and loodlow strays with crazy rates, 0.4 ch from basically 0 0, went 0.5, disgusting 2.2k dist, going full 0.4 was better, ravinehold but good nav, overshot pearl then sent 94 SS "
04/12/2026 10:54,Buried Treasure w/ tnt,Lava Pool,Bastion,00:23:23,00:05:08,00:13:46,00:07:11,00:18:36,00:20:06,00:21:14,00:21:40,00:22:30,8,1,17,0,0,-8.51343E+18,Housing,Zero Cycle,0,0,9408,FALSE,"Mapless spike boating along coast, 16 iron 1 dia bt, 2 more diamonds while tunneling, tab crafted jukebox on accident, blue pick notallowed, lavapool further, b2b no bastion in 32, piglin gave 4 pearls from 2 gold near fort, played spawner with shield and dia sword, out of food leaving for eray, big crimson with no hogs, only red shrooms for a while, lost sprint, hauss and brown shrooms soon in sight, 600 blocks out, piglin army in staircase for td, pigs bottom fragged on pearl trades, pick broke mining backups and 1 nugget short, mined bastion blackstone for stone one, 0.8 ch, ocean exposed starter, back 95"
04/12/2026 10:30,Structureless,Magma Ravine,Bastion,00:22:08,00:06:24,00:12:27,00:16:15,00:19:03,00:19:56,00:20:23,00:20:46,00:21:35,10,1,19,0,0,-1.34453E+18,Treasure,Zero Cycle,0,0,9407,FALSE,"Ocean very mid, brainfogged and grabbed supplies to head there, only saw enter ravine, dipped to cave and animals, barely some eray on 32, fort on the way, awful terrain for 7 min to reach trevor, placed obby under item elevator, whipped it back to old fort, stray city again, got carried away and got 10 rods, 1.0 ch, eye went down, weird pr entrances, front 99"
04/12/2026 10:07,Full Shipwreck,Lava Pool,Bastion,00:18:10,00:03:40,00:06:00,00:10:09,00:12:42,00:14:01,00:15:35,00:16:06,00:17:18,8,1,18,0,0,-9.09663E+18,Bridge,Other,0,1,9406,FALSE,"lavapool on ocean spawn, dolphin carried to kinda garbage full ship, ripped enf iron after RP to head back, sub 4 enter, closeby fort, nice garrots in RP, piglin friendly fire on brijj, cs, ripped last obby in chest, sub10fort, big warzone, 0.4 ch from just outside 1st ring, thought giant rectangular gravel patch was ocean sh, 1950 dist, cringe dragon flies on 95, insta perch on ground"
04/11/2026 21:17,Structureless,Lava Pool,Bastion,00:31:00,00:06:54,00:08:43,00:23:04,00:24:48,00:27:42,00:28:41,00:29:17,00:30:14,7,1,18,0,0,6.66149E+18,Stables/Stables/Treasure,Zero Cycle,0,0,9405,FALSE,"Zombie conga line chasing out of cave, chose to play off 7 iron only, ravine digdown for enter, insta eray, 1st stables of the day past a wall, forced ttg but both bad, nothing good, didnt seem worth trading 2 outer gb cinsudering new erway closeby, stables 2 with good gap, ttg, no spawner in 32, sent further extra regional, somehow got trevored, dia pants, ancient debris, big wall to fort 1.2k radial, low on pearls, eye ball challenge for extra fireres in inv, saved until post blind, 0.7 ch back to 3rd ring, left on 13 eyes, caved at y76, zombie squad in starter, x-ray dug into pr, chopped front 95, sub 21 avg day ."
04/11/2026 20:23,Buried Treasure w/ tnt,Lava Pool,Bastion,00:18:34,00:04:11,00:05:19,00:09:14,00:10:37,00:12:47,00:13:29,00:13:53,00:14:42,7,3,14,1,0,-6.98284E+17,Housing,Zero Cycle,0,1,9404,FALSE,"21 iron from ship and bt, lavapool under ocean ravine, didnt block off in time and got flooded, W enderman bodyguard for skeleton arrow, another lavapool further, basalt housing, magma cubes bouncing into the most random spots, tdm, on a roll of sub 10 forts, getting spawned on by blaze packs, 1.8 ch, surfaced 2 chunks off diagonally despite building at lava level, back 95 to secure sub 15"
04/11/2026 20:02,Village,Lava Pool,Bastion,00:18:48,00:04:04,00:05:19,00:09:51,00:12:07,00:13:42,00:14:48,00:15:10,00:18:19,8,0,19,0,2,-3.19479E+18,Bridge,Other,0,1,9403,FALSE,
04/11/2026 19:42,Structureless,Lava Pool,Bastion,00:16:42,00:03:44,00:06:19,00:09:59,00:11:46,00:13:32,00:14:53,00:15:13,00:16:00,7,0,15,0,0,4.26298E+18,Housing,Zero Cycle,0,0,9402,FALSE,"Structureless ow, forest lavapool, fort visible from spawn, sucky terrain to hauss, 0 pig manhunt due to ziglin nation, took much better terrain back to sub 10 fort, 1k dist, dealt with wither attack on low health then jumping off spawner into bigfella skyattack and low fire res all in a short span of time, insta nav, front 95 3+2, misssed out of sub 16 by 320 ms"
04/11/2026 19:23,Structureless,Lava Pool,Bastion,00:23:05,00:07:20,00:09:52,00:13:03,00:15:59,00:18:28,00:20:24,00:20:39,00:22:01,8,0,20,0,0,4.44898E+18,Housing,Half Bow,0,3,9401,FALSE,"Ran far from spawn, great eyesight to spot RP across dark oak forest, 3 iron and fns but not completable, killed animals, lavapool trap on river clay bolan, failing for iron to being on chunk borders, new invention - couriway bolan landed in big cave, iron in random hidden spots at old lavapool, pick holding on for dear life after nether wall, enf iron to make new one, td hauss, low string, 21 to fort, skeleton nation and sheep on blind, eye went into cliff, 0.6 ch, passed over ocean non exposed to see mushroom island, pr side entry, pearled into m88 crystal, flew long ago, 0 bitrate one cycle"
04/11/2026 18:52,Village,Lava Pool,Bastion,02:43:27,00:07:51,00:11:25,00:28:32,00:31:40,00:36:01,00:38:32,00:43:40,00:45:07,8,0,17,28,1,-8.66953E+18,Housing,Half Bow,0,2,9400,TRUE,"RV for 9400 also first seed on new recent version 26.1.2! acacia village right off spawn, bunch of hay for bread, o7 cod, close lava pool, starts to build portal but forgot to bring the water, the closest water is awfully far away, y level 100 lava pool so has to scale down the mountain, climbs back up the mountain equipped with water and flint, “timesave”, white box of doom in corner OhNoey, rip white box, bullied by 3 ghasts, bastion soon after, low pearls from housing so glorped forest for some pearls, segmented run to go commentate girloffs, 2 hours later back from girloffs pog, finishes getting pearls from endermen, close fortress, .4 angle changes, crazy mountain near stronghold, can’t seem to find the portal, after eternity finds pr, perch soon after"
04/11/2026 16:00,Full Shipwreck,Lava Pool,Bastion,00:37:39,00:07:13,00:08:15,00:13:24,00:16:07,00:17:17,00:17:52,00:18:23,00:20:53,7,0,17,0,0,6.53348E+18,Treasure,Half Bow,0,1,9399,FALSE,"Boat with 6 iron, commits to far bt because thought it was close, slow enter but right on bastion, Announced gridlock socials, makes up a bunch of time and enters fort, nice nav to stronghold, niceRTA almost double the run, stupid dragon doesn’t perch for sub 20, quick perch"
04/11/2026 14:53,Structureless,Lava Pool,Bastion,00:27:00,00:05:42,00:09:03,00:14:36,00:15:50,00:19:41,00:20:16,00:24:47,00:26:35,7,0,12,0,0,-9.07694E+17,Housing,Half Bow,0,0,9398,FALSE,"plains spawn, rp with golden silk touch hoe for a half of stack of leaves, quick cave for iron, forgets he has the flint and mines some gravel LOL, wood while iron is cooking, cows for food, lava pool nearby, nothing off rip, traverses nether for a bit, kills hog for more food, still nothing, finally finds bastion, quick looting and out, on low pearls, fort in sight, double blaze bed at spawner, caved in mineshaft, 1.8 angle change, almost perfect portal to stronghold, so many bats throws off pie, runs every which way, 5 minute nav later finally finds portal room, quick perch"
04/11/2026 14:24,Full Shipwreck,Magma Ravine,Bastion,00:26:51,00:05:04,00:07:52,00:17:28,00:19:45,00:21:06,00:22:33,00:23:08,00:25:43,8,1,14,0,0,-4.37295E+18,Housing/Treasure/Treasure,Full Bow,0,0,9397,FALSE,"Tiny island spawn next to mainland, ship for 46 flesh and map, threw away thorns pants, iron ship on the way, 4 dia bt, weird fake spot in real ravine, ravine-ception into hauss, ziglin stopped every pig on td, mad angry pigs on round 2 of aggro, low string and only 12 obby, not in love with spawner, avoided 1 treasure just to get treasured again, hog nation at lava moat, ripped obby in top chest, dia sword, new spawner going back to the already avoided treasure, sent further extra regional quadrant with nice eray, heard blaze spawner on other side of ravine wall, nice fort 1.2k radial, subspace 0.3 back to 3rd ring, hot tourist on coords, caved under taiga hills, 2200 blind dist, sent back 95 with mainly anchors, backed out fearing fire, bowed down crystals and dragons well to only require 1 perch"
04/11/2026 13:56,Structureless,Lava Pool,Bastion,00:20:05,00:05:10,00:06:25,00:12:17,00:15:13,00:17:11,00:17:44,00:18:12,00:19:29,8,1,19,0,0,-7.97742E+18,Treasure,Ground Zero,0,4,9396,FALSE,"Lavapool on surface, went deep into cave for 10 iron, weird staircase decay in top treasure, pushed baby ziglin off, bottom for more obby, pearl hang landed on ziglin angering everyone, blocked but baby zig could still jump in and attack, insane ziglin trade chased to trade hole, chose not to entity cram, hunger reset fixed aggro problem, fort 18 away, 0.4 ch to 2nd ring, going almost full 0.4 as a change coz shallow coords, wormhole into fyroah's law, stuck on pearl clip, 9 bed ground"
04/11/2026 13:34,Structureless,Lava Pool,Bastion,00:16:59,00:04:58,00:06:42,00:10:56,00:12:32,00:13:49,00:14:13,00:15:17,00:16:21,7,0,13,0,0,1.81488E+18,Bridge,Ground Zero,0,3,9395,FALSE,"Caved for iron, no obby in rp to complete, armor is nice, surface lavapool under a mound, hoy brijj nation day, cs, pigs stuck for no reason, didnt need backups for 20 obby, 17 to fort, 1.4 ch, hot tourist, bat flew into lava, messed pearl clip on cage spawn, holy 7 bed ground"
04/11/2026 13:08,Full Shipwreck,Magma Ravine,Bastion,00:24:06,00:06:21,00:07:15,00:13:37,00:16:17,00:18:12,00:19:17,00:20:26,00:23:06,8,2,14,0,0,-6.00037E+18,Treasure,Half Bow,0,1,9394,FALSE,"Crafted wood pick to mine out buried shipwreck, 2 dia bt, magma ravine enter, 2 ziglins at trade hole, W obby chests, leaving with diamond pants, went way too diagonal and lost pieray for fort, out of food, gold axe dia sword combo, 0.5 literally straight line, 1 chunk off sh, crazy low y13 starter, insta greeted by skeletons, not sending SS with only 3 arrows, 2 crystals half bow, weird hill around fountain"
04/11/2026 12:43,Structureless,Lava Pool,Bastion,00:25:25,00:06:11,00:09:45,00:15:18,00:18:29,00:20:49,00:21:53,00:23:06,00:24:59,8,0,25,0,1,5.43602E+18,Bridge,Half Bow,0,2,9393,FALSE,"Far desert village, frontloaded iron from good cave along with leaves, ravine digdown for lava, giant slab bridge to cross lava ocean, stupid pig walked off pigface, leaf dk burning down, 2 pig route coz everyone went their own ways, brought backups to cross 20 obby, 22 chunk fort, 0.5 straight line, cave ruined sh, missed 2 attempts at pearling to tower, dragon and one cycled clutched up for sub 25"
04/11/2026 12:16,Structureless,Lava Pool,Bastion,00:21:42,00:07:57,00:09:16,00:13:20,00:16:01,00:17:23,00:17:57,00:18:49,00:21:00,9,1,17,0,1,-5.87095E+18,Bridge,Perch,0,2,9392,FALSE,"Ocean a big nothingburger, pivotted to desert village with blacksmith, 3/4 armor and 7 obby - 1 short of entering, 3 iron golem, DT next destination with only 2 iron, escaped dying to skeleton, caved for rest, lavapool enter, tnt pigface with sandstone didnt blow up 3 blocks, big lavafalls on main bridge, dk, 14 to fort, crazy dropper ravine, fourk tnt, 1.0 ch, sh almost under RP and DT, skeleton nation attack, front 90 cage, dragon flew on 95, no arrows + ground fireballed, sudden perch and too risky to go in with breath around, next one soon"
04/11/2026 11:54,Structureless,Lava Pool,Bastion,00:21:31,00:05:41,00:07:24,00:13:02,00:14:51,00:17:15,00:19:19,00:19:35,00:20:26,8,0,13,0,0,-1.42108E+18,Treasure,Zero Cycle,0,0,9391,FALSE,"Surface lavapool, played structureless ow, not enf obby off top treasure, dia chestplate, rp going to ssv fort, 0.8 ch taking near 150 150, some punishment for misplacing, horrible mismeasure and was over 400 off, both starter stair coords under 1k, under 80 blocks from inner ring, front 99"
04/11/2026 11:30,Buried Treasure w/ tnt,Lava Pool,Bastion,00:19:27,00:05:19,00:06:04,00:10:52,00:13:11,00:14:10,00:14:11,00:15:17,00:18:43,8,0,17,0,0,-6.25102E+18,Housing,Half Bow,0,2,9390,FALSE,"Plains lavapool, mined out iron chest, bad food so had to go bt, crazy garrots in lavapool rp, still well wirth checking bt for 4 diamonds, entering with 3 gb, sneaky lava housing, ziglin on route, piglin entered gold area from plumbing earlier, rp on the way to fort, wither nation spawned same time as pearling to fort, 1.1 ch, icepie, weird nav, messed up setup for front 99, pivotted to ground, bailed not wanting to risk fly away with only 8 explosives, wait for perch"
04/11/2026 11:06,Full Shipwreck,Lava Pool,Bastion,00:19:12,00:05:10,00:06:13,00:11:36,00:13:08,00:14:54,00:16:32,00:17:18,00:18:07,8,2,14,0,0,3.62341E+18,Treasure,Zero Cycle,0,0,9389,FALSE,"Saw village but forced ocean, ship for map and food, 2 dia 7 iron bt, dugdown from ocean ravine for lava, mined into trevor, pigs figured out even with ziglin, piglin shot one of them, bottom for more obby, half dia armor, really close new spawner, fort 1 pearl throw away, definetly mismeasured 0.3 ch from basically 1st ring, went around 0.5, 400 blocks off junglehold, gross 2563 dist with 0.391 ch in 1st ring, front 95"
04/11/2026 10:44,Village,Lava Pool,Bastion,00:21:35,00:05:12,00:08:18,00:13:37,00:16:58,00:18:38,00:19:20,00:19:52,00:20:49,8,0,18,0,1,5.46005E+18,Bridge,Zero Cycle,0,4,9388,FALSE,"Acacia village far away, 3 ironed by golem, cod strats, lavapool in desert, woodlit stupidly, saw fort on the way, entering another brijj left triple, hoglin doordash, right side triple as well but struggled to get 19 obby, 3/13 on combined with last run, 2 dia and obby in fort chest after some searching, 0.8 ch, scuffed back 95"
04/11/2026 10:20,Structureless,Lava Pool,Bastion,00:22:34,00:06:21,00:08:51,00:14:33,00:16:30,,00:19:35,00:20:04,00:20:59,8,0,11,0,0,-7.94347E+18,Bridge,Zero Cycle,0,2,9387,FALSE,"Insta surface lava cave with all the iron, went far for pigs, lost track of path back and had to pieray for furnace, distant eray, entered brijj left triple, cs but single, pigs left to live in ssv, 1/10 backup gold but got 20 obby beforehand, big eray ahead, fort turned out diagonal, wither nation assembled around double spawner, 0.6 ch to shallow 1st ring, only 80 blocks from ring edge, ravinehold, creeper divebomb, front 90"
04/10/2026 21:27,Misc,Magma Ravine,Bastion,00:25:39,00:04:26,00:06:32,00:14:51,00:21:24,00:22:50,00:23:40,00:24:15,00:25:01,8,0,16,0,0,-8.39127E+18,Stables,Zero Cycle,0,1,9386,FALSE,"Spawned in forest, goes ocean, finds avg shipwreck, enters through magma ravine, spawns in crimson, uses 110 blocks to bridge over lava, finds stables good gap, falls through crack in the floor and almost dies, garbage obby luck, scrounges for gold blocks at stables, still has garbage obby luck, scrounges for one last gold block, still has garbage luck and leaves without obby, terrible terrain to fort, double spawner, avg rates, scrounges for chests at fort and finds none, trades gold with piglins and finally gets the last obby, goes through homeportal to blind, avg blind, quick sh nav, finds 9 eye end portal, goes for zero"
04/10/2026 21:01,Structureless,Lava Pool,Bastion,00:19:43,00:06:32,00:09:34,00:15:07,00:15:54,00:17:35,00:17:36,00:18:01,00:18:58,6,0,8,0,0,-3.65784E+18,Housing,Zero Cycle,0,3,9385,FALSE,"Spawned in forest, finds nearby ravine, uses insane acrobatics to get to iron veins, gets climb mogged by spider, builds portal in exposed lavapool, spawns in buhsalt, terrible terrain all the way to housing bastion, goes top to bottom manhunt, more terrible terrain to fort, 6/6 blaze rates, 1.8 blind, nether travel hits sh, quick nav, goes for back zero"
04/10/2026 20:13,Structureless,Lava Pool,Bastion,00:24:03,00:05:07,00:08:11,00:15:28,00:15:56,00:17:15,00:17:54,00:18:28,00:19:46,8,0,12,0,1,4.64121E+18,Bridge/Stables,Ground Zero,0,1,9384,FALSE,"Spawned in meadow, spots village, gets trolled by lava, avg village no blacksmith, builds portal at exposed lavapool, spawns in netherwastes, tunnels for 12 decades, finally finds bridge bastion, hoglins troll during dk, pickaxe breaks, barely any iron from piglins so it takes 10 years to finally get a pickaxe back, navigates more bad terrain and finds fort spawner instantly, Artemis II crew lands on earth while couri kills blazes, leaves to find stables bastion, blinds on bastion, finds sh and end portal quickly, forgets to precraft so goes ground zero"
04/10/2026 19:48,Full Shipwreck,Magma Ravine,Bastion,00:30:09,00:06:31,00:18:03,00:23:57,00:25:55,00:26:43,00:27:44,00:28:16,00:29:06,10,2,14,0,0,-6.25032E+18,Treasure,Zero Cycle,1,1,9383,FALSE,"Spawned in meadow, goes for ocean, finds 58 rf in shipwreck, finds avg bt, messes up portal in magma ravine, succeeds second time, spawns in buhsalt, gets trolled by magma cube and dies in lava, finds shipwreck that was somehow invisible before, finds another avg bt, navigates ocean for centuries before finding lava in a water cave, spawns back in buhsalt, finds loot from previous death, get’s trolled by lava a bit, eventually finds treasure bastion messes up pearl hang and almost dies, terrible terrain and messed up pearl up to fort, avg rates, avg blind, eyespied on 0.9, goes for zero"
04/10/2026 19:15,Structureless,Magma Ravine,Bastion,00:26:35,00:08:26,00:09:48,00:13:26,00:15:26,00:17:43,00:18:55,00:19:54,00:22:16,8,1,13,0,0,-7.29653E+18,Stables,Half Bow,0,3,9382,FALSE,"Meadow, mines iron from ravine, hard farms wool from sheep before slaughtering them mercilessly, builds portal in exposed lavapool, spawns in buhsalt, navigates to stables with horrendous terrain, goes triple to gap, navigates more terrible terrain to find fort, finds spawner quickly, avg rates, avg blind, nether travels at Y 1000 but still ends up in cave, hunger resets in sh, forgot to make bow, goes for ground zero, BANG"
04/10/2026 18:42,Structureless,Lava Pool,Bastion,00:24:54,00:05:55,00:09:53,00:14:42,00:17:05,00:19:35,00:20:31,00:21:18,00:22:05,8,1,17,0,0,-7.54344E+18,Bridge,Zero Cycle,0,2,9381,FALSE,"Spawned in taiga near cave, hunger resets using sweetberry bush, tunnels right into lava pool taking damage but then making portal, spawns in the nether, just to have more lava spawn right above portal taking more damage, lots of tunneling, brijj close to extra regional, hoglin somehow somehow climbed dk and started a civil war, almost died to late pigs, kinda less pearls, ragebait baby hoglin, fort 18 away, talked abt something interesting for tmrw, oliver baited chat into talking abt pregnancy, 0.5 full diag ch yikes, 2560 dist, TASalicious front 95 2+2"
04/10/2026 18:15,Full Shipwreck,Magma Ravine,Bastion,00:21:37,00:06:08,00:07:10,00:10:54,00:15:36,00:14:47,00:16:05,00:16:56,00:17:48,11,1,17,0,0,-7.1842E+18,Bridge,Zero Cycle,0,2,9380,FALSE,"Got distracted by dialed.gg and other various things, underwhelming food wreck, next ship for iron and close map, holy 21 iron 3 dia bt (~1 in 1k), magma ravine enter, tnt pigface, double single dk, pigs cranked obby at the end, fort 2 pearl throws away, long pause for imp stuff, 1.0 straight line to crazy far coords, mined 5 obby, sh 50 blocks from ring edge, wormholed into pr, front 99"
04/10/2026 17:32,Village,Magma Ravine,Bastion,00:19:08,00:05:05,00:06:36,00:10:26,00:12:38,00:13:17,00:14:10,00:14:35,00:15:50,8,0,13,0,0,6.96404E+18,Bridge,Ground Zero,0,0,9379,FALSE,"Spawned in forest, finds a shipwreck, rides in a boat for a while then sees a village, fake magma ravine troll, mined for a while, finally found lavapool spawns in a basalt fort, quickly finds bridge bastion, piglins troll at chalice for a while, piglins troll while doing dk, barely any obby from chests and trades, pearls to fort after trading and quickly finds spawner, avg rates, plays peakaboo with ghast for a bit, blinds for a bit Finds portal instantly, bad ground zero terrain, still forced to go ground zero"
04/10/2026 17:09,Village,Lava Pool,Bastion,00:23:55,00:06:10,00:15:07,00:06:52,00:19:10,00:20:49,00:21:28,00:22:02,00:22:56,8,0,16,0,2,-7.91921E+18,Bridge,Zero Cycle,0,2,9378,FALSE,"Furnace on pie, got even more excited seeing rare bucket house, all thrill turned to sadness with no bucket and getting baited by snowy village far away, killed both golems, dug into lavacave, fort in sight, no bathtubb after loading many fake entites, courageously played basalt fort first with no shield, ziglins standing as bodyguards, lost them to a skeleton, loaded something, scary wither attacks followed by blaze nation spawning in, almost sniped mid air while boating down, wall major portion of the way with some bit of wood pick mining, falling off dk almost ended in disaster, hoglin roadblock when getting side terrain pigs, set those trading on main bridge, miscrafted 2 stacks of sticks, few pearls, 0.7 ch, saw new furnace digging down at sh, fyroah's law, risky to send bowless back 95 on low health"
04/10/2026 16:43,Full Shipwreck,Magma Ravine,Bastion,00:22:58,00:05:55,00:07:50,00:14:28,00:16:59,00:19:05,00:20:10,00:21:39,00:22:24,9,1,22,0,0,7.34227E+18,Stables,Zero Cycle,0,2,9377,FALSE,"Wonderful food chest from ship, magma ravine nearby, close to extra regional stables, mtg, exactly 12 pearls, bottom single clutched on obby, hoglin dancing, lovely pigs traded outer gold for extra pearls and left some for garrots, 26 full diag fort, blaze going to the moon, subspace blind, 0.6 ch, hot tourist going to coords, weird nav, front 99"
04/10/2026 16:17,Full Shipwreck,Magma Ravine,Bastion,00:22:31,00:05:40,00:11:24,00:15:02,00:18:07,00:20:06,00:20:07,00:20:47,00:21:33,7,0,27,0,0,1.70836E+18,Housing,Zero Cycle,0,1,9376,FALSE,"Fake mapless read, lavapool in desert, sand caved in punching dead bushes, slightly buried ship for all the loot, killed pigs on island, entered by magma ravine, eray acting weird prolly due to close fort not visible, ended up travelling extra regional, baby piglin yoinked log, tdm, crazy obby chest, jazzhack armor, 25 to fort, rates started off horrible, mineshaft starter blind, 1.3 full diag ch, hoglin pushed off its friend into lava, icepie, weird end terrain, redemption back 95 2+2, Camo finally gets to do no reset"
04/10/2026 15:53,Village,Lava Pool,Bastion,00:24:47,00:06:37,00:08:50,00:13:41,00:14:30,00:17:56,00:19:30,00:21:55,00:23:27,8,0,14,1,1,-5.1331E+18,Stables,Half Bow,0,1,9375,FALSE,"Pierayed to plains village, enderman in crater cave dropped a pearl, 6 diamonds, floating minecart and rail, fort near spawn, wally terrain to double triple stables, attempt at better terrain back failed, loaded in a million withers, double spawner, early blind to mine 3 obby, 1.21 reach on wither, 0.7 ch, creeper jumpscare in starter, randomly ran into pr after horrible nav, flew on 95 after botching first +1, quick perch"
04/10/2026 15:27,Structureless,Lava Pool,Bastion,00:19:59,00:06:52,00:08:20,00:12:02,00:14:25,00:15:17,00:16:20,00:17:19,00:19:25,8,1,14,2,0,1.45783E+18,Treasure,Half Bow,0,0,9374,FALSE,"Structureless ow, treasure fastion, bridging over lava despite looming danger of blazes, bottom coz literally no obby trades, great pearl correction after seeing spawner late, monstrous fort, home portal educated, literally going back to fort, nailed portal but biog nuisance with eye breaks, chat backseated on gravel hunger reset tech, sent back 90 SS, dragon flew on 95, flipped on perch"
04/10/2026 15:05,Structureless,Lava Pool,Bastion,03:25:09,00:04:38,00:05:40,00:12:19,00:15:47,00:19:26,00:19:57,00:20:18,00:21:08,9,1,20,0,0,3.74647E+18,Housing,Zero Cycle,0,0,9373,FALSE,"20 min time crunch for meeting, 5 iron ship near spawn, mined rest in a ravine, quick lavapool on digdown, td hauss, game bugged and not losing any hunger at all, relogged to fix, no spawner in 32, final obby in mongey chest, beautiful red and white night vision background on basalt crimson border, loaded spawner soon, stupid fort buried in a basalt wall, trash nav to spawner through staircase of doom, floating fire, trident guy attack during eye measure, 0.6 ch, unbale to pearl back to portal with low health, boated away to remote island for death reset, did math and then had to leave for meeting |||||||| 9th segmented run, returned in 3 hrs after saying only 1.5 hrs smh, no game audio, restarted game and headed to coords, back 95 for nicetwice wr "
04/10/2026 11:29,Structureless,Lava Pool,Bastion,00:28:30,00:05:41,00:07:08,00:21:12,00:24:03,00:25:00,00:25:01,00:26:18,00:27:27,8,0,14,0,0,-6.86182E+18,Housing/Treasure/Bridge,Ground Zero,0,3,9372,FALSE,"traded at brijj, killed hogs, hot tourist just before entering fort, got a wither skull, broke stone axe and made an iron, 3.1 angle change, icepie'd, Spikeless, heard silverfish, bailed on zero and grounded no structures, iron from cave, got 11 cooked salmon from river, found lava pool further in the ravine, lavalanche, silent assassin hog, no armor in top chests, spawner at 23 chunks, sus eray, 13 pearls so got backups, got enough pearls, trevor'ed, broke spawner, took some gold blocks for treasure, ran out of fish, rp on the way,"
04/10/2026 10:59,Structureless,Lava Pool,Bastion,00:37:00,00:05:46,00:12:26,00:15:19,00:18:02,00:20:47,00:22:16,00:23:27,00:32:41,8,3,32,0,0,-4.09911E+18,Treasure,Half Bow,0,1,9371,FALSE,"One of the worst RNG in a run ever, Ravine after running around, almost lost furnace with iron, dug for lava, yet another trevor requiring botttom gold as well, dia pants and fa sword, 21 chunk fort, 1 rod burned, 0.7 ch, blazes came so close to giving new worst rates. sadly ended on 8/32 (1 in 601), endermite in hunger reset hole scattered all items, dragon fireballed mid 99 zero insane 1st time,  launched away after and pearl clutched, dragon only fireballing and refusing to perch after 5/10 half bow, lost sprint waiting, even got end mood sounds, smoothest snap after 9 NINE minutes of wait, barely made it in to one cycle, combined odds of 25 fireballs after halfbow + trash blaze rates + flying on 99 ~ in the range of 1 in 20k to 1 in 500k"
04/10/2026 10:19,Village,Lava Pool,Bastion,00:22:02,00:05:48,00:08:57,00:14:11,00:18:05,00:19:54,00:20:07,00:20:38,00:21:29,8,0,23,0,1,4.81365E+18,Treasure,Zero Cycle,0,4,9370,FALSE,"Campfire on pie, pick and 2 iron blacksmith, golem dropped 5 to allow shears, ripped 6 emeralds in chests to trade xqcBread, dugdown for lava, far treasure, had to go bottom too, 19 to fort, awful rates, blind near mineshaft spawner, 0.6 ch, ravine exposed library, 4 eye with 3 in a line, back 92 1/8"
04/10/2026 09:49,Full Shipwreck,Magma Ravine,Bastion,00:17:18,00:03:00,00:04:55,00:08:54,00:11:00,00:14:46,00:15:39,00:15:52,00:16:56,11,1,23,0,0,-7.90509E+18,Housing,Zero Cycle,0,0,9369,FALSE,"but dug down on wrong chunk at first, only 5 iron from bt sobbing , sees full boat in distance though, strange island crafts no shovel no bucket, so many ravines, just enough iron from boat, gravel in nearby water cave, l shape portal because lost one door LOL , just over 3 minute enter, quake pro tech to see bastion, housing enter from side only 17 obby and No pearls, going for backups, not many pearls but leaving, sub10glorp , 0.5 ch, sub 12m30 fort exit pog , suffocating gravel hunger reset while minebert ing, ppFall into starter but pearl clutch, back 1 in 8 88 for sub 17"
04/10/2026 09:30,Structureless,Lava Pool,Bastion,00:24:31,00:05:51,00:07:10,00:17:05,00:19:29,00:20:49,00:21:43,00:22:31,00:23:20,8,0,16,0,1,-1.27066E+18,Bridge,Zero Cycle,0,1,9368,FALSE,"sponsored by anker again yay . todays goal: not suck. close village, 3 iron golem, cave for rest of iron and gravel and it goes DEEP but actually not that deep, 5:30 enter after mining to lava, basalt parkour to get to bastion, top down brijj at first that made me question if it was actually brijj , very good obby chests, 20 chunk spawner, back thru the buhsalt , lost the spawner so its diagonal sobbing, getting shot at by one million skelly snipers on the way, WHERE is this spawner it makes no sense, scaryy because may be trevor. its trevor. running low on pearls, hot tourist while minebert ing , finally at the fort at 17 mins, our bubble is soooo subspace, .8 ch, no good preemptive spike, 1 AYE , back 88 tower zero for just over 23 mins"
04/09/2026 18:45,Village,Lava Pool,Bastion,00:36:23,00:07:32,00:11:54,00:23:54,00:26:53,00:29:57,00:31:17,00:31:59,00:35:11,8,0,15,0,2,8.71175E+16,Treasure/Treasure/Treasure,Half Bow,0,2,9367,FALSE,"Pierayed village, mesa nearby, grabbed blast furnace seeing no hay, 2nd village near also had no hay, double 5 golem drops, ripped emeralds in chest, giant dropper cave outside villager house to trade bread, digdown enter, mined ~250 blocks just to get treasure, horrible looking inventory, had to trade bottom also, treasured after despite looking good, went through basalt wall for no.3, failed boat clutch going down to break, nether wastes last biome for hot tourist, looped all the way basalt to reach fort finally, 0.4 ch ughh, taiga village but nothing much, killed few pigs, only 2100 dist, creeper sneaking around in pr, front 95, dragon broke bed 1st rotation, forgot ground, perch took a while, 2nd 35+ of the split"
04/09/2026 18:08,Structureless,Lava Pool,Bastion,00:26:51,00:05:20,00:08:14,00:14:58,00:18:53,00:20:30,00:22:01,00:23:11,00:24:22,12,1,29,0,0,-6.66743E+18,Bridge,Ground Zero,0,1,9366,FALSE,"Ocean in the dist, rather chose to play structureless with free iron in sight, heard baby zombie turn into drowned, creeper jumpscare in lava ravine, big wall into brijj, dk, 20 chunk fort, sort of low pearls, meeting at 7 got pushed back so more time for runs WOO, 0.6 ch, hott oursit near coords, ghast broke portal, didnt risk back SS with low health, ground "
04/09/2026 17:37,Structureless,Lava Pool,Bastion,00:20:40,00:07:32,00:07:32,00:12:55,00:16:16,00:17:39,00:18:24,00:18:29,00:20:15,8,0,20,0,1,-4.90047E+18,Treasure,Half Bow,0,1,9365,FALSE,"Far bell, village neighbouring flower forest, golem stuck in a ditch, free iron near for shears too, nether enter INSIDE bottom treasure, safely blocked cage to mine then went top, 16 to fort, glowstone and lavapool at spawner, TAS plumb, 0.9 ch, built at y103 but still caved at y17, surfaced to see ocean exposed pr, fell off bridging for back 99 offset, perch a little late for sub 20 "
04/09/2026 17:15,Structureless,Lava Pool,Bastion,00:21:43,00:04:54,00:06:08,00:13:18,00:15:39,00:17:45,00:18:55,00:19:14,00:20:52,8,0,12,0,0,9.01582E+18,Treasure,Half Bow,0,1,9364,FALSE,"Pink sheep, structureless ow, spotted lavapool under plains mound, insta eray with spawner, W drags to survive giant fall into ravine, bestie trevor, nothing much from top, traded out bottom, 27 chunks of bad terrain to fort, 0.4 ch in 1st ring ewwwww, going on 0.5, 200 off, caved exposed pr, overshot pearl, correction one landed on crystal, perch soon"
04/09/2026 16:51,Structureless,Lava Pool,Bastion,00:27:10,00:05:52,00:09:02,00:14:39,00:17:28,,00:23:47,00:24:44,00:26:41,8,1,17,0,0,2.42005E+18,Housing,Half Bow,0,3,9363,FALSE,"Lavapool in forest, no caves, set animals cooking and went for pond digdown, exactly 6 iron, forgot to setup for woodlight, bastion loaded quite far, wall to td hauss, very empty double chest, 11 obby and spawner going extra regional, idiot hoglin ran into lavafall, somehow couldnt pick up food, slight worry for a moment abt trevor but was safe, sent blind, unlucky 0.5 ch, mostly straight line and ocean with dolphin, 2400 dist with sub 0.4 ch, back 94 SS, 99 fly away again, 4+1 one cycle"
04/09/2026 16:22,Structureless,Lava Pool,Bastion,00:43:47,00:16:08,00:16:55,00:28:02,00:29:35,00:31:16,00:32:02,00:32:33,00:34:25,7,1,12,0,0,-6.43035E+18,Treasure/Treasure/Bridge,Ground Zero,1,2,9362,FALSE,"Gapple and fns in RP, pivotted to river bolan, coal refusing to go towards couri, only 5 iron, lavapool a little further but no iron, niceRTA for important business, killed animals, found rest iron alongside another lavapool, close trevor, could leave off top, fa sword, epic drip, nothing in 32, loaded after running far, felt another trevor, passed by 1st brijj of the day, went too diagonal and lost the spawner, hot tourist, didnt pay attention to fire res while in lava, couldnt drink in time and died, found good cave by spawn, killed animals on the way back, bottom trevor too risky, went to new eray, turned out brijj as well, lava dk, new trade hole, pigs on a crazy chase through caves trying to get backups, spawner didnt seem real but fort on diagonal saved, ripped 550 block blind, missed, dug into library, dipped to front 90 SS, stupid dragon flew, ground pivot, some cope for better nether post death"
04/09/2026 15:08,Structureless,Lava Pool,Bastion,00:21:44,00:06:21,00:11:55,00:08:25,00:14:40,00:17:15,00:18:09,00:18:42,00:20:57,8,0,15,0,0,6.43309E+18,Stables,Half Bow,0,1,9361,FALSE,"Caved for iron, punched horse, gravel atop mountain, ran far for animals, digdown enter, y105 spawn with no bastion in 32, mined down into lava but good save, loaded something very soon, chose to fort first, got spooky a couple times, hot tourist on the way to bastion, triple triple stables, over 4 stacks of pearls but no fire res, caved on blind, no iron for new pick so had to go for stone option, 2.6 ch, tick perfect portal through while creeper exploded, nether zombie dropped carrot, coords insaide bastion but hoglin in the way, daily dungeon 2nd portal but no sign of sh, mined into it after eye throw, crafted on the fly but fell off speedbridge for 1/8, clean 4 bed"
04/09/2026 14:45,Structureless,Lava Pool,Bastion,00:30:43,00:05:16,00:06:36,00:22:08,00:24:33,00:26:09,00:28:32,00:29:11,00:29:58,7,0,14,0,1,2.17312E+18,Stables/Stables,Zero Cycle,0,2,9360,FALSE,"Spawned in plains village, caved after golem to have shears as well, long tunnel for lava, DBNT stables, only half of another bastion in 32, 6 pearls from 2 outer gb, 3/3 shovel chests, headed out with 36 obby, chose not to go for fort with 0 fire res, pretty good terrain to next stables, sent ttg but in wrong rampart, pivotted to ttmtg, refused to accept getting tto only 6 pearls again (0.6% bottom luck),  ripped 9 gb which gave more than enf, insane 57 obby, headed back 27 chunks full diag to fort, 10 anchors just to be safe, 0.8 ch, caved at y12 with diamonds and 2 lavapools, first try portal break, built new portal a little away but still got caved, almost lost it, clutched up front 95 small boi 2+2 to sub 30"
04/09/2026 14:12,Village,Lava Pool,Bastion,00:19:04,00:05:57,00:07:38,00:10:50,00:13:53,00:15:23,00:16:21,00:17:07,00:18:34,8,0,19,0,1,1.18154E+18,Stables,Half Bow,0,1,9359,FALSE,"Pierayed to far away plains village, wheat skip for bucket trade, sent down cave that eventually ended, y24 lavapool, ripped double triple stables, crazy obby chests, low explosives, 23 to fort, TAS chat comms for glowstone above spawner, 0.9 ch, y104 mountain digdown, 3 anchor setup for perch"
04/09/2026 13:52,Full Shipwreck,Lava Pool,Bastion,00:23:17,00:07:36,00:10:31,00:14:31,00:16:05,00:17:49,00:19:05,00:20:42,00:22:36,8,0,10,0,0,-6.66229E+17,Housing,Half Bow,0,1,9358,FALSE,"Underwater RP chestless for some reason, full ship near abandoned village, dolphin swimming away instead of towards, bt for rest iron,ravine digdown for enter, made a grerat dying pillager impression, thought might be trevor but got hauss instead, only 1 fire res to leave, had missed 1 in a hole, 14 chunk diag fort, ghast charged in towards spawner then left pushing away a blaze, 0.5 ch, heard a million zombies in sh, spawnerless dungeon, back 94 SS, flew after 2 rotations, quick perch"
04/09/2026 13:26,Village,Lava Pool,Bastion,00:19:59,00:06:38,00:08:21,00:12:41,00:14:59,00:16:29,00:18:00,00:18:20,00:19:43,8,0,11,0,1,-1.46116E+17,Housing,Perch,0,1,9357,FALSE,"Snow tundra spawn, village in the dist, golem took long route to hop down 1 block, decent food wise, channeled inner 1.15 self to stick trade for bucket, long time mining for 3 flint in river, dug into lava ravine, almost launched into lava by creeper, coasted along basalt fort, surprisingly big eray for housing, ghast fireball mega boost, 2 ziglins on td, trolled on obby trades, brought backups to get over 10, talented pearl throws only landing in lava, didnt throw out 1 string for bow, home portal educated, 2nd fort around -150 150, pretty off angle, caved under mesa, 500 off sh, only pushed to back 90, dragon flies on 95, perch for unbelievable sub 20"
04/09/2026 12:59,Structureless,Lava Pool,Bastion,00:24:47,00:07:58,00:08:32,00:14:31,00:16:15,00:18:26,00:21:18,00:21:52,00:24:07,8,0,14,0,0,-8.63301E+18,Stables,Half Bow,0,0,9356,FALSE,"Free fns from rp near cave, animal nation, dug into mineshaft, insta bastion but no spawner, double bad and accidentally punched piglin, divorced double triple, set 2 trade holes, ripped everything useful, fort on 32 rd, rates cranked, 0.6 ch, botched math and was 800 blocks off, fyroah's law, no pearls left to zero, horrible hilly end terrain, weird perch angle "
04/09/2026 12:23,Full Shipwreck,Magma Ravine,Bastion,00:33:30,00:06:14,00:08:16,00:25:01,00:27:28,00:29:41,00:30:47,00:31:12,00:32:24,8,0,12,0,0,-3.28479E+18,Stables/Treasure/Treasure/Housing,Other,0,1,9355,FALSE,"meowdy, went to ocean, underwater ruined portal, no dolphin, bad boat, 13 iron from ship, entered from magma ravine, unnecessary clutch, low pearls from stables, went to treasure, traded bottom gold, less pearls, avoided a treasure, went to hauss, again barely any pearls, killed hoglins for food, caved on blind, good angle change, dragon flew on 99, ground zero"
04/09/2026 11:48,Village,Lava Pool,Bastion,00:25:44,00:10:01,00:11:40,00:14:54,00:17:14,00:18:50,00:21:17,00:21:46,00:23:01,7,0,17,0,1,-8.79297E+17,Housing,Ground Zero,0,2,9354,FALSE,"got wood and went to village, spotted gravel on the way, ""stupid cat"" D: , cod strats, dug for lava till iron pick almost broke, found a 2x2 and 2x1 lava source, diamonds near lava, made dia pick and axe, incredibly high eray, scaryy ghast while bridging, babastion, spawner 27 chunks away, double spawner, bad blind, far sh, exposed pr in a ravine, bailed on zero, went for ground"
04/09/2026 11:16,Structureless,Lava Pool,Bastion,00:22:34,00:07:31,00:10:34,00:15:08,00:17:28,00:19:30,00:20:49,00:21:06,00:21:52,8,0,14,0,0,9.14976E+18,Housing,Zero Cycle,0,1,9353,FALSE,"Took 2 caves for just 7 iron, mogged by pig, cool floating island, dug under y14 lavapool, fort near spawn, had to craft slab to cross nether terrain, hoglin in top housing, ghast spawned in too, ran past hog for td, new hoglin unlocked on gap staircase, manhunt chest fragged for obby, went back to spawn fort, 0.5 ch not even in ring, went only slightly shallow, overshot by 300, front 99"
04/09/2026 10:52,Structureless,Lava Pool,Bastion,00:24:39,00:05:27,00:13:13,00:16:20,00:17:42,00:19:30,00:21:34,00:22:05,00:22:59,8,2,9,0,0,6.63603E+18,Stables,Zero Cycle,1,1,9352,FALSE,"Heard lava in cave but knew was fake, tons of animals, dug into lavacave, didnt right-click boat and jumped off ledge into lava, mined iron only for pick, boat menacingly lying on the edge of doom, ttmtg via outer, 20 to ssv fort, 0.4 ch, pearl flew into ghast, pearl clutched from high up, 2500 blind dist with sub 0.4 actual angle change, starter room plumbing operation, front 95 "
04/09/2026 10:26,Structureless,Lava Pool,Bastion,00:31:37,00:07:17,00:09:36,00:21:58,00:23:38,00:25:41,00:26:37,00:27:38,00:28:25,9,5,12,0,0,-5.97225E+18,Housing,Zero Cycle,2,0,9351,FALSE,"Banger video by Delta Leeway dedicated to 100K challenge, Melizsa 1st stack of months subbed, Lavapool in plains, played nearby ravine, annoying skeleton, killed loads of animals, lava housing, shot by fire arrow, skeleton in a bad spot in lava housing route, accidentally punched pig while trying to mine and got combo killed, grabbed few animals before re-enter, terrain caused lava to flow to flow in after mining a block, fell off edge and died again, returned next attempt, pigs ate all pork, continued route, not a ton of pearls, no wood to craft items, warped on the way to fort, garbage terrain, spawner behind lava curtain, 1.4 ch, slow spawns so left on 14, ravine strongshaft, pushed front 99"
04/08/2026 17:42,Full Shipwreck,Magma Ravine,Bastion,00:19:11,00:06:07,00:07:10,00:11:33,00:13:33,00:14:33,00:15:40,00:16:09,00:17:59,8,1,11,0,0,3.38E+18,Housing,Full Bow,0,0,9350,FALSE,"Last run before meeting, sub 20 daily avg and pred on the line, all thorns armor in food wreck, full sideways ship had tons of stuff, didnt go for bt, magma ravine near tree island, never ending basalt nethers, ziglin nation in outer housing, manhunt worked out fine, 20 obby on the dot, fort towards spawn, couldnt find dig in spot, 0.8 ch, y97 mountain digdown, crazy pr first thing in mid hallway, not many explosives, placed glowstone in attempt to setup anchor, not enf to charge it, full bowed, quick perch, ending on 6th ever sub 20 avg day - new 5th best"
04/08/2026 17:21,Village,Lava Pool,Bastion,00:20:12,00:03:58,00:08:19,00:12:48,00:15:21,00:17:51,00:18:26,00:18:47,00:19:43,7,0,21,0,1,-6.59528E+18,Bridge,Zero Cycle,0,0,9349,FALSE,"Beach spawn, desert blacksmith in sight, iron pick + armor + 1 dia, fell off 1st tower for golem, going off single tree, mined into lava ravine with 5 diamonds, sub 4 enter into awful basalt, 2 erays on high render, horrible terrain to naviagate, brijj basaltion, lower bridge a complete mess, skeleton knocked off dk, block clutched on lava, dealt with hoglin before routing, met with wither train on fort enter, mineshaft blind under ocean, 900 to sh, mined misplaced obby for no reason, back 95 USS"
04/08/2026 17:00,Full Shipwreck,Magma Ravine,Bastion,00:19:06,00:05:11,00:07:00,00:12:32,00:14:50,00:16:06,00:16:41,00:17:10,00:18:19,8,0,17,0,0,-6.88134E+18,Housing,Ground Zero,0,0,9348,FALSE,"RP for fns and thorns helmet, tons of iron from ship, used a 2nd land buried ship for wood and food, ocean ravine led to magma, L portal, basalt spawn, smacked piglin with gold sword on td, bodyguard ziglin, traded more gb for tons of extra pearls, full diag ssv fort, stray nation into double spawner, punched ziglin, 1.4 ch, o59 cage so no zero, insta b-lined for ground"
04/08/2026 16:40,Village,Lava Pool,Bastion,00:20:56,00:06:22,00:09:51,00:15:25,00:16:27,00:17:40,00:19:04,00:19:32,00:20:21,8,0,6,0,1,3.51472E+18,Housing,Zero Cycle,0,1,9347,FALSE,"Bell to plains village, outpost fairly close, villagers bad at their jobs, y10 lavapool, menacing basalt terrain into basalt housing, played manhunt, traded backups for extra pearls and obby, some signs of trevor on spawner, stables explained the high eray, ripped looting 2 in RP outside it, fort closeby, 8/5 on rates, 1.0 straight line, wormhole nav, back 95 3+2"
04/08/2026 16:18,Structureless,Lava Pool,Bastion,00:23:34,00:05:21,00:07:28,00:14:22,00:16:32,00:17:57,00:19:05,00:21:06,00:23:07,8,0,14,1,0,4.57698E+18,Stables,Half Bow,0,1,9346,FALSE,"Typical structureless ow, felt treasure on enter, herobrine pre-dug some tunnels, fully wall only into stables, DBNT, free extra food, ripped 8 gb in outer, set pigs trading at mid, great trades except obby, fort going towards spawn, took weird ravine terrain, pearl hung to home portal, ssv fort, forgot to craft bow, educated travel, killed spider for bow, starter creeper trap, deep pr, not enf time from cage to push 99, flipped mid perch"
04/08/2026 15:53,Structureless,Lava Pool,Bastion,00:17:03,00:05:59,00:08:15,00:12:31,00:14:21,00:15:25,00:15:25,00:15:38,00:16:30,7,0,12,1,0,-1.65279E+18,Treasure,Zero Cycle,0,2,9345,FALSE,"Bat nation cave, cows far away, went past mob squad to flooded lavapool, wall portal enter, far trevor, awesome obby in chest, enf trades from top, leaving for fort with CoV sword, ripped 300 block blind, icepie insta nav, pushed back 99, came down to last anchor"
04/08/2026 15:10,Structureless,Lava Pool,Bastion,00:25:00,00:04:34,00:07:02,00:05:14,00:12:15,00:13:41,00:16:01,00:22:31,00:24:31,8,0,23,0,1,-1.21314E+18,Stables,Half Bow,0,1,9344,FALSE,"Lavapool and village right off spawn, highrolled for iron in ravine by crafting early shears, worked out but not as expected, woodlight enter, fort near spawn, nice 4 obby chest, good play to get leaves with awful terrain to double good stables, only traded one to get 17 pearls and leave, 4th sub 10 fort in 5 runs, 0.8 ch, caved under mega taiga, starter ravine dropper, grossly shattered, mineshaft and open ravine exposed, felt like had full cleared ALL paths without getting pr, then 6.5 min later heard silverfish under floor, bailed on 99 offset with low bed and 2 arrows only, weird perch angle, ravine ate away part of hallway towards pr and felt like dead end early on"
04/08/2026 14:43,Structureless,Lava Pool,Bastion,00:19:09,00:06:23,00:09:10,00:12:27,00:14:44,,00:16:30,00:17:28,00:18:50,8,0,12,2,0,-4.52238E+18,Bridge,Ground Zero,0,0,9343,FALSE,"Sub 17 pred, bell to taiga village, nothing great, set potatoes smoking, no good caves, heard lava on random staircase mine, dug into iron, lava was fake, entering with 2 pearls, y103 spawn, double single dk, only 14 obby, 12 chunk fort, no close bastion, rp with some obby but not completable, decent coords, mushroom island blind, estimated close sh, 500 blocks ocean travel, pearled into t97 crystal, dragon didnt stay on 99, dipped to ground"
04/08/2026 14:23,Full Shipwreck,Magma Ravine,Bastion,00:15:14,00:04:34,00:06:06,00:09:09,00:11:02,00:12:36,00:13:25,00:13:53,00:14:42,8,0,16,0,0,2.68881E+18,Bridge,Zero Cycle,0,0,9342,FALSE,"Treeless island spawn, dolphin far away didnt despawn, ship then bt went close to ring, didnt go for monument, magma ravine enter, pig nation on cs, 3 streak of sub10fort, iceberg blind, 0.7 ch to shallow coords, dug into pr, back 95 almost 2+2, crazy b2b sub 15 potential"
04/08/2026 14:06,Village,Magma Ravine,Bastion,00:15:45,00:05:10,00:05:54,00:09:48,00:11:48,00:13:52,00:13:52,00:14:18,00:15:17,8,0,16,0,1,6.35742E+18,Housing,Zero Cycle,0,1,9341,FALSE,"Plains village, golem got reach upgrade, tunneled into underground obby completable lavapool rp, never before seen enter, fort in bg, 2 close housing erays, went to one with better terrain, turned out lava housing, sub10 ssv fort, blaze bed opened door for withers into spawner area, icepie on 0.7 ch, gaping hole in end island, back 94"
04/08/2026 13:49,Village,Lava Pool,Bastion,00:18:19,00:02:42,00:04:07,00:09:19,00:11:24,00:13:05,00:13:06,00:16:26,00:17:19,8,0,16,0,0,8.46487E+18,Treasure,Zero Cycle,0,0,9340,FALSE,"Spawned in a coastal desert village, lavapool as well, shipwreck off coaast will everythinng, sub 3 enter, 20 chunk treasure, no sign of fort and 12 obby so went bottom, ff3 boots, fort 13 away in a wall, sub10glorp, 1.5 ch, icepie spawnerless dungeon offset, ocean and open land ravine exposed, horrible deep nav, back 94 standing"
04/08/2026 13:28,Village,Magma Ravine,Bastion,00:21:28,00:03:58,00:05:50,00:12:13,00:13:19,00:17:38,00:19:31,00:19:57,00:20:46,7,1,13,0,1,1.39069E+18,Stables,Zero Cycle,0,0,9339,FALSE,"Saw lavapool going to village, double plains x spruce, 3 iron golem, caved in nearby ravine for rest, sub 4 enter, hole-in-oned into basalt stalagmite, nicely basalt corrupted stables, played single triple, nice save after falling into trade hole after some pigs jumped over, crazy trades of everything important, spawner 30 chunk full diag, still in basalt and seemed very trevor but ended up being real, out of fire res and food at spawner, crafted shield, clutch food wreck on blind, b2b 0.4 ch, going 3rd ring, pig island guarded by a bajillion mobs, 2400 dist with sub 0.4 ch and front 99 all over again"
04/08/2026 13:04,Structureless,Lava Pool,Bastion,00:24:39,00:07:08,00:08:43,00:15:31,00:16:20,00:20:24,00:21:09,00:21:30,00:22:31,10,0,15,0,1,-4.05054E+18,Stables,Zero Cycle,0,0,9338,FALSE,"Rare acacia blacksmith, not that useful, mob farm in cave, 8 diamonds before lavapool, mtg, o7 the Anker has left the ship, will return in 2 days, like no obby from trades and chest, traded triple and another gap to cross 10 mark, pearled clipped ceiling over dropper hole in terrain, landed on 1 heart while pearl got damage cancelled, 20 chunk fort, 0.4 ch in 2nd ring, mined 5 obby, 9 rods, ocean exposed sh, 2.6k dist with sub 0.4 real ch, convenient back nav to pr, front 99 offset feinberg zero"
04/08/2026 12:32,Full Shipwreck,Magma Ravine,Bastion,00:21:10,00:05:44,00:07:12,00:11:12,00:14:14,00:15:18,00:15:24,00:19:47,00:20:35,8,0,15,1,0,-8.91928E+18,Housing,Zero Cycle,0,1,9337,FALSE,"Ship & bt for tons of iron, checked out another ship for food but only 1 sus stew, fully fake ravine, mined to underground magma, y100 basalt spawn, tdm, jazzhack armor, outer for last pieces of obby, hot tourist going to fort, hoglin ubereats delivery, 650 block blind, caved beside starter, mineshaft ough, really stupid nav for 4 min ended down spiral staircase in lava lake, front 92 1/8"
04/08/2026 12:03,Village,Lava Pool,Bastion,00:23:26,00:06:47,00:08:40,00:15:51,00:18:16,00:20:03,00:21:12,00:21:44,00:22:39,8,0,22,0,1,2.24588E+17,Treasure,Zero Cycle,0,1,9336,FALSE,"25 chunk village on pie, lost it for a moment to being full diag, gapple and light in rp, ate it to keep sprint, low hay so farmed carrots alongside, completable RP near village to enter, lavafall on trevor, mined other side of wall to route pigs, TAS parkour to avoid death by piglin, 7 garrots, bottom for obby, 25 chunk fort, mushroom roof, double spawner, 0.7 ch taking near 150 150, nav straight down mid, cranked back 99"
04/08/2026 11:38,Full Shipwreck,Magma Ravine,Bastion,00:18:13,00:06:55,00:08:13,00:12:10,00:13:50,00:14:51,00:15:10,00:15:18,00:17:29,8,0,13,0,0,8.17081E+17,Bridge,Half Bow,0,2,9335,FALSE,"Boated 3.5 min to ship, map taking far away from enter ravines, ~1700 blocks out, messed up 2x1 to flowing water, saw piglin push his friend off a cliff, lava pigface, dk, last obby in other rampart, 17 to fort 1.6 ch, caved right above pr after building on wrong coords, front 95, didnt do enf kb on beds and backed out, perch soon"
04/08/2026 11:19,Village,Lava Pool,Bastion,00:16:49,00:04:34,00:05:29,00:09:33,00:11:40,00:14:03,00:14:04,00:15:15,00:16:05,8,0,13,0,0,-4.18213E+18,Bridge/Treasure,Zero Cycle,0,1,9334,FALSE,"Armor and pick in blacksmith, self spleefed into cave for more iron, swam up farmland floating water, blacksmith furnaces to smelt, didnt grab water to bucket mlg, dug into mineshaft, wall portal from flooded lavapool, big tree in the way of dk, built a 2nd staircase for pigs, sub10 ssv fort, 0.7 ch not in ring, going on 0.9, ghast fireball stopped gravel break leading to misplace, almost lost mind dealing with the ghast, icepie, front 99"
04/08/2026 10:52,Full Shipwreck,Lava Pool,Bastion,00:33:38,00:10:53,00:13:59,00:22:44,00:24:57,00:27:42,00:28:21,00:28:43,00:31:07,7,0,13,0,0,6.68877E+17,Treasure,Half Bow,0,3,9333,FALSE,"Map chest just accessible in ship, 2 dia bt, new ship beside with ds2 boots and carrots, fake ravine so started mining, heard a million mobs above, lost bubbles for a while, tiny magma spot, stood in door fully surrounded by lava, messed up 1 lava spot, 40s mining, 10+ enter, horrible lavafall on trevor bridge engulfed 1 gb fully and other one burned after breaking, tried to manhunt style route but got blockaded, made great escape to survive, pick on life support but got nugget trades, no pearls before going bottom, holy 3/4 dia armor, 8 garrots, fort advancement while in a wall, all skeleton strays, glowstone and plumbing spawner, 0.9 ch, shallow coords through tunnel of doom, navking, flew after cranking front 95, no insta perch killed sub 30"
04/08/2026 10:17,Structureless,Lava Pool,Bastion,00:21:04,00:06:41,00:07:18,00:10:05,00:13:00,00:14:54,00:17:13,00:19:30,00:20:19,8,0,24,0,0,-6.99386E+17,Housing,Zero Cycle,0,1,9332,FALSE,"Anker Sponsored Stream, W tech products, gapple and fa sword in RP, found lavapool while roaming around, nothing good so dipped to cave, came up with idea of ""Respawn Anker"", fa sword great to kill fishes underwater, double decker lavapool, poundy portalled, insta housing, double picked distraction sword while breaking all 6 top chests for tdm, TAS route, sub10fort, blaze bed exposed huge lava puddle, reverse icepied between 1st and 2nd ring, went 1st ring, coords close to an RP, still 700 blocks of ocean travel, insane 2677 straight line dist (0.345 real ch), strongshaft and normal spider dungeon not fun, front 95 almost 2+2"
04/07/2026 17:46,Full Shipwreck,Magma Ravine,Bastion,00:23:57,00:05:36,00:10:04,00:13:15,00:14:39,00:16:03,00:19:18,00:19:49,00:22:35,8,0,12,1,0,1.19098E+18,Bridge,Half Bow,0,3,9331,FALSE," Meeting in 35 min, mega insider trading on pred, pierayed desert village, dipped to play ocean instead, good enf ship, mushroom island, tunneled for ages into underground magma, no bastion in 32, fort visible but no terrain to it, meanwhile loaded something, smart pigs yoinked a gb off pigface using upper terrain, dk, pearled back to spawn fort, combo'd off spawner on 2.5 hearts but reached side platform, 0.4 ch to 2nd ring, caved at y11, diamonds for pick, decided to mine 5 obby and educated travel, sheep nation for beds, 2250 striaght line dist, sicko mode island, flies on 95, shot cage crystal through top before perch"
04/07/2026 17:22,Full Shipwreck,Lava Pool,Bastion,00:23:31,00:07:58,00:14:17,00:08:59,00:17:44,00:19:33,00:20:26,00:20:56,00:23:06,8,0,13,0,0,-2.46972E+18,Stables,Half Bow,0,2,9330,FALSE,"Treeless island, searched every corner for dolphin, almost drowned mining out ship iron chest, rp for fns and armor, trees miles away from bt island, mineshaft lava ravine fully flooded, looked around but nothing, wall portal, bastion in 28, double fortress near spawn, played spawner with shield, fort no. 3 entering extra regional, double bad stables, left rods in chest and entire chat erupted in laughter and dinkdonks, pig nation for triple triple didnt cram, 0.6 ch, milliseconds away from warding off hoglin at 2nd portal, back 90 SS, bailed in time realising not enf beds, TAS automatt halfbow"
04/07/2026 16:52,Structureless,Lava Pool,Bastion,00:20:23,00:06:56,00:07:43,00:13:03,00:15:58,00:17:14,00:17:38,00:18:33,00:19:48,8,0,14,0,0,-6.98175E+18,Treasure,Ground Zero,0,1,9329,FALSE,"Ravine near spawn, animal variety, side-branch lavapool, trusted seeing fort in the corner of screen heading to trevor, pigs appearing out of nowhere, 8 pearls aka botton time, hoglin launcher, was right abt fort earlier, 1.0 ch at 150 150 blind, fyroah's law, not enf saturation to go for back zero, mouse moved mid-ground but clutched up"
04/07/2026 16:30,Full Shipwreck,Magma Ravine,Bastion,00:40:03,00:05:32,00:11:51,00:23:44,00:26:46,,00:32:45,00:33:12,00:35:22,8,3,19,0,0,-5.96088E+17,Stables,Half Bow,1,0,9328,FALSE,"Anti-climatic way to realise sub 25 average on the sheet, really happy to achieve this goal before 10k, sent ocean, ship 3 min in for all the iron, sent enter on low-ish food, eray on 26 rd, only wall and basalt to stables, fell through 1x1 dropper checking for potential fastion, too much speed to clutch over lava, went to find bt map from earlier, loads of iron, rain mob party, grueling terrain back, instantly attacked on bastion re-enter, scary gap route, fort right beside, got annoyed and left on 10 obby, out of sprint after fort split, blind in acacia village, 2k blocks to sh with mainly ocean, botched zero setup but had flown already and fireballed"
04/07/2026 15:48,Full Shipwreck,Lava Pool,Bastion,00:15:28,00:05:13,00:05:32,00:09:24,00:11:16,00:12:07,00:13:12,00:14:14,00:15:08,8,1,14,0,0,4.10681E+18,Treasure,Zero Cycle,0,2,9327,FALSE,"Chopped 5 iron 2 dia mapless bt, far away ship for rest and nice bread, trident guy shooing away, mined into 7 source lavapool, better one nearby, spawned beside treasure, could see fort in quake pro, only 8 obby sadly so traded out bottom for 10+, sub9fort with home portal pearl hang, great blaze strays on low rd, winding path to spawners, plumbed after fourk tnt, educated right back to fort, 500 off, ocean exposed sh so mob nation, whiffed pearl to back tower, only pushed 90 but dragon stayed"
04/07/2026 15:30,Structureless,Lava Pool,Bastion,00:24:03,00:06:06,00:07:46,00:15:09,00:17:52,00:19:50,00:20:42,00:21:40,00:23:13,9,1,11,0,0,8.35862E+17,Stables/Treasure,Ground Zero,0,2,9326,FALSE,"Typical structureless ow, double triple stables, crazy 34 obby from chests (0.44%), pigs barely traded any pearls or string, glowstone blockade on gap route, waited till final trades, certainly trevor, pivotted new way, fort playing hide n seek, 3 diamonds very much needed, bad part directly connected to spawner 4-way, 0.5 full diag ch (2500 estimated), educated on 2nd portal and nailed it, ocean exposed sh, flew on back small boi, 0 bitrate ground"
04/07/2026 14:40,Structureless,Lava Pool,Bastion,00:20:56,00:05:23,00:06:47,00:09:55,00:11:40,00:13:06,00:13:35,00:15:14,00:18:47,7,0,11,0,0,-9.22217E+18,Treasure,Full Bow,0,2,9325,FALSE,"No cobble skip in ravine, found lavapool heading to far animals, fort on the way to trevor, HUGE tree, piglin got launched to the moon by hogs, 19 obbied but found last one lying on the bridge, sub10fort, 1.2 ch, never punished for misplacing with RP near coords having extra obby,  giant lava caved consuming sh, iron door got half replaced by stone, funky end island, back 94 SS, didnt setup all anchors, misplaced one meant to kill and left, awkward to bow down towers with terrain, did well enf to 2 perch kill"
04/07/2026 14:17,Village,Lava Pool,Bastion,00:21:23,00:05:12,00:08:54,00:13:50,00:16:12,00:17:39,00:18:35,00:19:05,00:20:52,7,0,19,0,1,5.80714E+18,Stables,Half Bow,0,3,9324,FALSE,"RP and village in opp directions, unlucky 1st choice coz terrain ate away RP chest, RAGEY villagers, dugdown for enter, 2 almost equidistant bastions, another RP for gb and pick, convenient warped vine breaking fatal fall, iron pick on life support mining to stables, ttg and recognised gap at the very end, most chungus piglin of all time, fort only 11 away, dug to blaze crackles, awesome stray blaze rates, chat may have jinxed the rest, 0.7 ch to far 1st ring, avoided mountain digdown some bit, mined into pr, dragon flew on 95, perch soon"
04/07/2026 13:53,Structureless,Lava Pool,Bastion,00:20:55,00:07:54,00:08:54,00:12:50,00:13:53,00:16:44,00:17:02,00:17:29,00:20:27,7,0,12,0,0,3.9352E+18,Bridge/Treasure,Half Bow,0,1,9323,FALSE,"Difficult to find good caves, committed to killing cows before seeing a good one,5 diamonds at lavapool, piglin somehow dropped onto pigface, cs but single, pierayed a treasure, forced new quadrant, randomly heard blazes beneath terrain, 1.1 ch, 2nd portal into dungeon mineshaft, broke spawner, sh was right beside, insta nav, pearl landed weirdly late so couldnt go for SS, went in late for perch and dragon broke bed, setup anchors, hallucinated losing axe, next perch soon"
04/07/2026 13:27,Buried Treasure w/ tnt,Magma Ravine,Bastion,00:12:13,00:02:09,00:03:10,00:06:20,00:07:35,00:09:13,00:09:47,00:10:27,00:11:56,9,1,11,0,0,-7.54157E+17,Treasure,Half Bow,0,0,9322,FALSE,"Unsatisfactory 6 iron mapless bt, exactly 9 nuggets in RP for light, also armor and 2 blocks, magam ravine next door, low 2 enter, placed gb in side wall of trade hole, forced quadrant with good terrain, 6:19 fort into 7:3x blind, 1.1 ch, most insane NavKing, 2nd fastest end enter yet, forgot to pre-craft bow so didnt force zero, insane diagonal perch, only 600ms retime so tied 2nd best on retime, new 2nd best of challenge"
04/07/2026 13:14,Desert Temple,Lava Pool,Bastion,00:33:36,00:06:35,00:08:29,00:20:59,00:23:05,00:27:19,00:28:02,00:30:04,00:30:50,12,2,23,0,0,6.71532E+18,Housing,Zero Cycle,0,0,9321,FALSE,"Sent ocean, food wreck next to DT, 3 gapples but no iron, hopped into ravine, tnting tree exposed more iron, set up infernary, poison stew, close to dying in cave, awkward terrain to hauss, new problem - pigs stuck behind rampart caught on fire, built bridge around to bring them for td, sent random direction with no spawner in 32, loaded one soon, terrain abruptly ended, mined for ages with slight worry abt eray, mega ziglin convention explained that"
04/07/2026 12:33,Full Shipwreck,Lava Pool,Bastion,00:20:02,00:06:27,00:12:53,00:07:33,00:15:14,00:17:16,00:18:09,00:18:36,00:19:32,8,1,22,0,0,-8.97915E+18,Bridge,Zero Cycle,0,2,9320,FALSE,"Insta lavapool and mesa in the dist, swam far for ship then bt, baited by fake ravine, headed back to spawn lavapool, no good angle for double ghast fireball kill, decided to fort first, horrible rates, brought extra terrain pigs for cs, overlapped trades with axis, 0.8 ch, w chunks off, day care sh, endermen scurrying towards endermite in bg, textbook back 95 USS"
04/07/2026 12:12,Structureless,Lava Pool,Bastion,00:20:28,00:07:12,00:08:53,00:12:24,00:14:24,00:15:52,00:15:52,00:16:30,00:17:50,8,0,16,0,1,-6.48518E+18,Bridge,Half Bow,0,1,9319,FALSE,"Village spawn, dealt with a bajillion mobs to find more iron in cave, stone sword broke in the process, mob nation take 2 going for lava, wall to brijj, dk, could see fort across warped forest from other triple, TAS block clutch, icepie on 0.5 ch, didnt pearl in quick to being low health, only made 88 but drgaon flew, insta e-w perch"
04/07/2026 11:50,Half Shipwreck,Magma Ravine,Bastion,00:16:57,00:05:04,00:07:27,00:11:09,00:13:20,00:13:22,00:14:13,00:14:33,00:15:27,7,0,13,0,0,9.13555E+18,Housing,Zero Cycle,0,0,9318,FALSE,"Enf iron in ship, killed cows instead of going far bt, made iron shovel so no letovers for shears, wood as primary block replacement, wonderful garrots in RP near enter, td hauss, saw enchanted sword piglin when leaving, spawned in the few seconds of being in hard difficulty, 10fort, 0.8 ch, sh on z-axis, wormholed, back 95"
04/07/2026 11:28,Full Shipwreck,Magma Ravine,Bastion,00:21:30,00:05:11,00:06:24,00:10:38,00:12:31,00:14:04,00:15:51,00:16:07,00:20:49,8,0,13,1,0,8.74519E+17,Stables,Half Bow,0,2,9317,FALSE,"Ocean spawn, ship mainly for iron, food source bt + dia sword, magma ravine enter, good gap stables on warped-basalt border, last pieces of obby in chests, 10fort, 0.6 ch ended up more like 0.5, no shot of back zero on cage, dragon denied sub 20 on 16 min ee, crazy perch baits"
04/07/2026 11:01,Structureless,Magma Ravine,Bastion,00:23:25,00:07:31,00:09:58,00:14:34,00:17:19,00:19:08,00:21:19,00:21:53,00:22:40,9,0,16,0,0,-7.59079E+18,Stables,Zero Cycle,0,1,9316,FALSE,"Jungle spawn near ocean, committed to ravine only to get 2 ironed, dipped to ocean for shipwreck, bt awesome for salmon and 2 dia, heard bubbles on digdown, 4 diamonds in real spot, extra regional stables, close to dying on mtg, 6 obby after everything, pearl hung from fort to spawn, educated, left without mining obby, got a good pearl hang off at least, 600 off to stupid radial, front 99"
04/07/2026 10:37,Village,Lava Pool,Bastion,00:19:42,00:07:17,00:09:02,00:13:24,00:15:30,00:16:58,00:16:58,00:17:15,00:18:00,8,0,16,0,1,5.86566E+18,Bridge,Zero Cycle,0,1,9315,FALSE,"Plain village in sight, golem stuck behind tree, creeper thought to assist in kill, conjoined farmlands, smart cod lived, emerald ore before lavapool, cs, 1.7% odds of 12 or less pearls from pigface, grabbed all backups to have enf, basalt fort, 1 rod burned, 800 block blind icepie, pr next to library, great pearls for front 99, 660 ms off sub 18"
04/07/2026 10:16,Full Shipwreck,Lava Pool,Bastion,00:26:16,00:05:03,00:06:57,00:17:15,00:19:26,00:21:39,00:23:19,00:23:56,00:24:51,8,0,9,0,0,-5.98751E+18,Stables/Bridge,Zero Cycle,0,2,9314,FALSE,"Awesome carrots in ship, bt for loads of iron, lavapool in ocean ravine, TAS obby chest entering stables, double bad no triple eugh, overlapped outer scavenging and ripped basically 8 gb, sadly only 7 pearls, spawner seemed real at first but then grew suspicious with eray, saw fort so knew another bastion was near, TAS pearl from lava onto brijj, routed dk, back to ssv fort, 0.5 ch, remeasured 5.9 on 2nd portal, nailed portal break 1st try, 3rd portal icepie, navved around hearing silverfish, dragon stayed on back 90"
04/07/2026 09:48,Village,Lava Pool,Bastion,00:19:28,00:03:27,00:05:23,00:12:13,00:13:37,00:16:20,00:16:20,00:17:20,00:18:48,7,0,13,1,1,4.03422E+17,Treasure,Ground Zero,0,3,9313,FALSE,"Insta village, ship parked in the centre of it all on land, enf iron with golem for shears, tiny ocean but saw small opening to closer to y11, b2b mid 3 enters, 2 bastions loaded on 18 rd, jummped off cliff, didnt even place boat but lived on 1 heart, knocked off trevor bridge into lava, TAS boat out to live fire tick, pig nation angry on rooftop, bigfella problems in bottom took an entire minute to deal with, farmed roof hogs before leaving for farmed roof hogs before leaving for fort, hot tourist, heard spawner under basalt, ""i'll blaze bed, whats the worst that could happen"" - gigantic lavafall emerges, plumbed then compared it to skin care treatment (in a good way), 1.1 striaght line ch, icepie, slime in sh, messy ocean exposed pr, slipped off speedbridge for 1/8, flew on ground but anchors saved the day, officially crossed overall sub 25 average barrier(wont reflect on sheet due to rounding off yet)"
04/07/2026 09:27,Full Shipwreck,Magma Ravine,Bastion,00:15:13,00:04:15,00:05:27,00:08:47,00:10:51,00:11:18,00:12:11,00:13:12,00:14:08,8,1,18,0,0,-4.18076E+18,Housing,Zero Cycle,0,2,9312,FALSE,"Ship + bt ow, mid 3 enter, close td hauss, 8 min fort, blazes acquired 1.21 reach, 10 min blind, nailed educated travel, spikeless ruined retime possibility, got one very late into nav, back 90 for low 14 time"
04/06/2026 21:36,Half Shipwreck,Magma Ravine,Bastion,00:16:56,00:03:46,00:05:51,00:11:02,00:13:10,00:14:41,00:14:51,00:15:43,00:16:30,10,4,14,0,0,8.49014E+18,Treasure,Zero Cycle,0,1,9311,FALSE,"Good sight of treeline falling off towards ocean, tons of iron in ship, dipped on bt for ravine nearby, lost a door somehow, flint moment, sub 4 foodless enter, trevor past a wall, lost sprint after route, hunger reset before sending quadrants for fort, ripped 300 block blind, barely didnt miss sh, front 99 to pull off an insane sub 17 fully foodless run"
04/06/2026 21:18,Desert Temple,Lava Pool,Bastion,00:26:32,00:10:36,00:13:13,00:19:55,00:22:03,00:22:54,00:22:54,00:23:41,00:24:28,8,1,18,0,0,-8.82071E+17,Housing,Zero Cycle,1,0,9310,FALSE,"DT with 3 iron and notch apple, skeleton dropped down after explosion, mismath'd obby + lava available on big bertha, died jumping off after grabbing gb, elevator moment ref, good chat comms for recognising rp completion on the way back, village nearby for rest iron and food, sub 10 enter, boat break, both tnt spots too think and all blocks went in lava, cranked speedbridge to housing, notched up pre-top down, gb somehow elevatored up, luckily no pig to snatch it, backups for 20 obby, 22 chunk fort, turtles making village their new home, icepie on 1.7, ocean exposed pr, front 99"
04/06/2026 20:23,Structureless,Lava Pool,Bastion,00:27:27,00:09:20,00:14:16,00:13:56,00:16:44,00:18:31,00:18:35,00:19:05,00:20:13,8,0,17,0,0,8.30429E+18,Bridge,Ground Zero,0,3,9309,FALSE,"Ground Zero | 3 Eye | Part 1 : Horrible plains, found good cave after wandering for long, killed pigs before digging down for enter, beautiful sight of exposed pigface, cs, pigs locked on obby trades, went to put food in oven, 27 to fort, worst ever valley blind, climbed up giant mountain for 2nd eye throw, 1.1 ch, ran past a million blazes, caved right above sh, o60 cage, scary pearl clip stuck, ground pivot"
04/06/2026 19:54,Village,Lava Pool,Bastion,00:30:23,00:05:52,00:08:37,00:14:14,00:17:36,00:19:26,00:19:26,00:19:54,00:22:45,7,0,19,0,1,3.0546E+18,Treasure,Half Bow,0,2,9308,FALSE,"Near Death Experience free falling in elevator about 9 ft, knees hurt a little, slight shock and adrenaline pumped, rp with gapples and some iron, village nearby, dipped to cave post golem, oddly shaped lavapool, far trevor, paused mid-route to do something abt swollen knees after Jules(and chat) persuaded crybaby, didnt like the smell and cool sensation of numbing cream, sharp sword from bottom, got trickshotted on by piglin, pearl hole-in-oned into trade hole, 25 to warped fort, 1.4 ch, dolphins playing with eye like a bouncy ball, cinematic dolphin jump overhead, perfect pearl to coords, lost aura to misplace and mining, icepie, o59 cage so no back zero, perch took a while"
04/06/2026 16:59,Structureless,Lava Pool,Bastion,00:25:18,00:07:16,00:08:55,00:16:26,00:19:29,00:22:03,00:22:53,00:23:42,00:24:44,10,2,21,0,0,2.63539E+18,Treasure,Zero Cycle,0,1,9307,FALSE,"25 min to meeting so rushing one more run, caved for iron, lost furnace to going far for animals, poundy being poundy in chat, could tell it was trevor based on many things, mined bottom first after dealing with hater pigs, y102 ancient debris heading to fort, big wall turned into basalt, spawner plumbing, misplaced obby, 0.7 full diag, back 93 small boi, arrows going through dragon, just in the nick of time for meeting"
04/06/2026 16:33,Structureless,Lava Pool,Bastion,00:23:15,00:06:18,00:08:32,00:15:21,00:18:10,00:20:58,00:21:33,00:21:59,00:22:45,8,1,21,0,1,6.29594E+18,Bridge,Zero Cycle,0,0,9306,FALSE,"Jungle edge spawn, village in the dist, played ravine after killing golem, extreme hater skeleton came out of hiding to shoot once, lavacave to enter, bridged a lot to reach brijj, piglin blockade on dk, bottom pivot to hoglins, backstabbed by pigs using side terrain, somehow didnt die, new autofunnel unlocked, new hoglins appearing out of nowhere, most scuffed brijj experience ever, 26 chunk fort on other side of a wall, crazy low y53 spawners, 0.7 ch to shallow 1st ring, hoglin in most random cave, wormhole nav, TAS front 99 "
04/06/2026 16:08,Structureless,Lava Pool,Bastion,00:30:09,00:09:30,00:12:32,00:16:02,00:23:46,00:25:02,00:26:38,00:28:19,00:29:13,15,2,13,1,0,-8.74721E+18,Housing,Zero Cycle,1,1,9305,FALSE,"No cave in sight, set animals cooking and dug on pond, immediately heard lava but no iron, 2nd pond brought into cave, saw netherrack sticking out of roof, walls around RP had all the iron, grabbed gb before heading back to lavapool on other pond, sub 10 y99 basalt spawn, almost extra regional td hauss, only 13 obby, fort going back towards spawn so good for home portal, got 2 tapped by blazes to being on hard difficulty, mobs not allowing to kill enderman, returned soon, TAS correction pearl back to home portal, crazy 1.0 ch without being too far out, pink sheep!, other ones for more beds, no spike to a million bats, dug into pr, just made front 95 off cage spawn to sub 30"
04/06/2026 15:10,Structureless,Lava Pool,Bastion,00:18:32,00:05:21,00:07:52,00:13:09,00:14:36,00:16:05,00:16:56,00:17:16,00:18:03,8,0,13,2,0,-1.62197E+18,Treasure,Zero Cycle,0,1,9304,FALSE,"Structureless ow, mineshaft cave led to lavapool, saw fort on the way to trevor, big messup at trade hole, rectified without dying, left after taking dia chestplate, 0.7 full diag ch, tough creeper block off, strongshaft, front 99"
04/06/2026 14:50,Full Shipwreck,Lava Pool,Bastion,00:21:51,00:06:50,00:10:14,00:14:47,00:17:05,00:18:20,00:19:10,00:19:39,00:20:35,8,1,16,1,0,-4.6431E+18,Housing,Zero Cycle,0,1,9303,FALSE,"Jules World name, Taiga village right off the bat, great food and largefern, pivotted to ocean, ship mainly for map, just enf iron in bt, digdown enter, hard baited by falling gravel into going completely wrong way for bastion, saw fort on the way, wasted opportunity of pearl hang, td with ziglin, trade out backups for more pearls and obby, lavafall close to ruining spawner, whiffed pearl to strays, 1.1k blind dist, dont look at phone and dig into dropper starter, insta nav, front 94 SS"
04/06/2026 14:27,Full Shipwreck,Lava Pool,Bastion,00:23:43,00:09:11,00:11:43,00:14:47,00:17:30,00:19:08,00:19:26,00:19:51,00:21:38,8,1,24,0,0,-5.00485E+18,Bridge,Half Bow,0,2,9302,FALSE,"Pathetic ocean, rp for light, dolphin leaving for no reason, 2 trident guys didnt allow to loot ruins, reading email and swimming not good idea, map in another ruins 4.5 min in, 2nd RP great for armor, loads of iron in bt, dugdown into mineshaft leading to lavapool, cs, holy chest obby, barely any string, went wrong diagonal for fort, 1.3 ch, eye went down on 2nd portal, 3 anchor perch setup"
04/06/2026 13:58,Structureless,Lava Pool,Bastion,00:32:12,00:05:58,00:08:40,00:14:58,00:18:53,00:19:46,00:21:25,00:27:11,00:30:59,9,2,17,1,0,-9.22021E+18,Bridge,Half Bow,0,2,9301,FALSE,"Also loaded new world in recent version, couldnt count iron, killed a bunch of animals, weird cave dropper, enderman updated gravel patch by picking one up, lavapool under mineshaft, denied nepo baby allegations after confiriming going to high school with jeb, mining wrong way in buried brijj, knocked off dk, only 13 obby, pearl hang to spawn from ssv fort, minecraft throwing out sponsorships like candy, got late notice for meeting in 3 hrs time, decent strays to start off, 9 rods, home portal educated, sheep for extra wool and food, insane mob nation sh, very confusing room layout starting out of nothing, mega baited by library for wrong path for pr, took 5.5 min to nav, front 97 1/8, left to not enf beds and no fire res for anchor, 3 anchor perch setup, stupid dragon for another 30+, pr insanely deep, creeper prolly exploded and thats why room felt weird"
04/06/2026 13:16,Buried Treasure w/ tnt,Lava Pool,Bastion,00:42:55,00:09:12,00:11:34,00:21:47,00:27:10,00:28:39,00:30:34,00:33:42,00:35:21,11,0,5,10,0,-1.42276E+18,Treasure/Warped Forest,Half Bow,0,0,9300,TRUE,"Recent Version 26.1.1, spent 2 min setting up timer and other mods, snowy spawn near ocean, RP in sight, ship with enf iron, ice boat racecourse to bt under ice, horrible 1 iron, RP from before for garrots and armor, dug into skeleton dungeon, giant cave under, no regret for pre-crafting dia sword with 5 diamonds, had to re-setup f3 menu, buried lavapool to enter, erayed to trevor, couri to baby piglin - ""I like you because u look stupid"", brute convention at top, holy food supply chest, RV reach moment going bottom, dealing with bigfella and brutes at once, insane diamonds for full drip, didnt take spears, pigs didnt seem to care for trading, ripped looting 3 sword in another insane garrots chest, built giant staircase out while awaiting trades, 27 gb all for 5 pearls (5.84% bottom luck), basalt fort nearby, greeted by wither nation on entry, hit from insane angles, 11/5 rods, chat saw warped near treasure so went back, enderman running away from boat, more than enf pearls after killing 9, surfaced on blind, 0.6 ch, free sponsorship mid-stream from Twitch and Minecraft for Tiny Takeover advertising, didnt read guide for proper preemptive spikes, ""do i have to beat the game"" perfectly followed by Yes Yes Yes mixitup redeem, took a while to find pr, bounced off tower like it was slime block, perch not soon enf for believers, spectator mode into baby chicken for chat, Minecraft at Twtchcon teaser video"
04/06/2026 12:31,Full Shipwreck,Magma Ravine,Bastion,00:24:05,00:04:29,00:06:46,00:14:19,00:16:35,00:19:33,00:20:06,00:21:08,00:23:16,10,0,17,0,0,-6.64667E+18,Stables,Half Bow,0,1,9299,FALSE,"Buried sideway ship with bad iron and small dot map, another TAS ship on the way, didnt need bt, entered in nearby magma ravine, almost died on ttg, loads of garrots, chatters going crazy on gifted subs for new Baby Chick Chat Badge, mined into basalt fort, 0.6 ch, fully only basalt wall, very high ocean exposed sh, didnt see pr exposed till much later, front 90 SS but dragon flies, didnt want to risk ground with fireball just outside fountain, perch soon"
04/06/2026 12:06,Structureless,Lava Pool,Bastion,00:19:17,00:06:32,00:07:42,00:11:52,00:14:14,00:15:45,00:15:45,00:16:17,00:18:45,8,1,12,0,0,6.95363E+18,Housing,Full Bow,0,1,9298,FALSE,"Traversed ravine for iron, lot of dead sheep remains, pond digdown into ravine dropper, short tunnel to lavapool from there, took massive fall damage entering housing, rare rp in outer, wonderful outer chest for reqd obby, 22 to fort, eye view blocked by hill, icepie on 0.7, just made front 95 to cage and bad pearl, dragon lived on 1 hp after last anchor, chasedown didnt work out, bowed down all towers and dragon before e-w perch"
04/06/2026 11:46,Full Shipwreck,Lava Pool,Bastion,00:22:59,00:03:12,00:05:52,00:10:48,00:12:45,00:16:07,00:17:36,00:17:55,00:22:24,7,0,11,0,0,8.64824E+18,Bridge,Full Bow,0,1,9297,FALSE,"Map for stews, armor and map, lavapool near bt island, low 3 enter, when in doubt ; always brijj, dk, fort very far away, bad plumbing work, daily dungeon blind, 0.8 ch, 4 flint digging back down, sh under y 90 mountain, laggy front 99 offset, caught fire for some reason and had to bail, offset anchor did no damage, 3 perches to kill"
04/06/2026 11:17,Structureless,Lava Pool,Bastion,00:19:07,00:05:11,00:06:45,00:12:22,00:14:07,00:15:16,00:15:17,00:17:12,00:18:39,7,0,11,0,1,1.23479E+18,Treasure,Half Bow,0,0,9296,FALSE,"Acacia village, cave nearby for more iron, also went down to lava, enclosed basalt space, launched into space by hoglin on trevor bridge, boated into another one going bottom, most braindead piglins of all time, 25 to basalt fort, ziglin spawner, trapped one like a zoo animal, icepie on 1.6, strongshaft again, both libraries seen before pr, end cage turned geode shaped, didnt push back zero, perch for sub 19, some crazy caves in spectator mode"
04/06/2026 10:57,Structureless,Lava Pool,Bastion,00:33:00,00:05:56,00:07:27,00:21:31,00:23:48,,00:27:58,00:30:00,00:30:55,6,2,26,0,0,-3.24123E+18,Treasure,Zero Cycle,1,1,9295,FALSE,"Lavapool in swamp, no iron on unlikely first bolan offset dig, insta hit after comms on correct one, basalt trevor, pigs pushed each other enf to get hit in unlikely jump spot, knocked into lava moat and died, had more iron from earlier bolan spot, 6 min timeloss, many pigs wandered into side terrain, no obby in top chests, pro robber pigs in bottom, miracle getting 20 obby, glowstone and pearls overload,  techshroom for hogs, went a little too diag and loaded new spawner, decided to push for older guaranteed fort, horrible rates, 2.0 ch, left on 6 rods, misplaced at coords with no spare obby, went back through ow, bad nav killed sub 30, front 95, almost left with dragon on low health"
04/06/2026 10:22,Structureless,Lava Pool,Bastion,00:25:38,00:07:04,00:09:52,00:16:13,00:18:40,00:20:38,00:21:51,00:24:06,00:24:58,9,1,15,0,0,5.9307E+18,Stables,Zero Cycle,0,1,9294,FALSE,"Tiny cave next to water, mined into bigger one hearing bat, animal variety, y14 lavapool, free sprint bug, far ttg stables, final obby from bad gap chest, grabbed extra food on the way, overshot fort a little, 0.5 ch, ocean exposed far away on other side of island, lovely strongshaft took long to nav, back 95 to barely sub 25"
04/05/2026 21:09,Village,Lava Pool,Bastion,00:18:18,00:05:09,00:06:09,00:12:20,00:14:15,,00:15:56,00:17:13,00:18:02,6,0,12,0,1,-8.44611E+17,Bridge,Zero Cycle,0,0,9293,FALSE,"Village in the dist, double hoe craft, axed villager in th face but got a new one before gossip spread, dugdown into mineshaft lava ravine, dk, 1 deep hole into ledge on y54 backups, 17 to fort, 2.4 straight line, sent ocean travel on 12 eyes for pace, zombie dungeonhold, fyroah's law, abomination of an end spawn, back 95 to end on a low 18"
04/05/2026 20:49,Full Shipwreck,Lava Pool,Bastion,00:47:04,00:04:19,00:06:02,00:12:42,00:15:29,00:17:09,00:17:10,00:19:13,00:20:30,12,1,15,0,0,3.88083E+18,Stables,Ground Zero,0,1,9292,FALSE,"Melon crew missed out on 100M melons goal by only 5 million pats but amazing work from all, Insta buried shipwreck off spawn, dug 1 block off treasure chest but context clues helped, weird y24 lavapool, boxed ziglin at mid before routing gap, had to trade other gap as well for obby, bad terrain to fort, paused for dinner, bigfella in the way of spawner, 0.8 ch, surprise icepie, mob nation all of a sudden, pr past many hiddens, enderman in the way of pearl so didnt push back zero, ground down to last anchor"
04/05/2026 19:38,Buried Treasure w/ tnt,Magma Ravine,Bastion,00:28:48,00:08:12,00:11:31,00:16:08,00:18:27,00:21:42,00:22:09,00:22:56,00:24:13,8,0,20,0,0,-8.92282E+18,Housing,Ground Zero,0,1,9291,FALSE,"Watched Fulham and crew mega crash server while counting melons, didnt want to wait for re-count so doing runs, committed to ocean, ship and bt for over 31 iron + 1 dia, no anvil sadly, killed animals for more food, RP half eaten by terrain, 4 more diamonds on digdown, water insta turned to ice at lavapool, far td hauss, only 19 pearls and 1 fire res, demonic warped fort withers, lost an anchor to placing glowstone, fireballed while leaving to coords, would rather mine 1 obby misplace than build to the side over lava, ocean exposed sh, zombie nation, weird island, no resources for 1/8, ground on semi-halt to Fulham"
04/05/2026 17:33,Full Shipwreck,Lava Pool,Bastion,00:31:17,00:06:32,00:13:29,00:07:39,00:19:09,00:21:47,00:25:22,00:26:55,00:27:41,9,0,23,0,0,3.2905E+18,Stables,Zero Cycle,0,2,9290,FALSE,"RP stranded atop snowy mountain, great ship + bt, dia sword, deep into sh ring, dugdown for enter, distant eray, played fort first on the way, saw double bad stables and insta searched for something new nearby but nothing, stables eray felt too high, nailed it being double triple, slight punish for garrots getting rolled with 8 pearls (15%), 15 extra gold from all around fragged, 0.6 ch, traversing to coords with no fire res, caved at y15 under o103 mountain, found somewhat better digup spot, 25 min lag, weird nav, cranked back 99"
04/05/2026 17:00,Village,Lava Pool,Bastion,00:18:30,00:04:38,00:07:33,00:11:38,00:14:08,00:15:36,00:16:24,00:16:32,00:17:16,8,0,19,0,1,4.83042E+18,Bridge,Zero Cycle,0,0,9289,FALSE,"Ran away from outpost to village, lavapool near too, villagers attempting to trap in house, 3 iron golem, no one likes jobs, inflation on the rise for wheat, woodlight enter, bedding for blocks worked for once giving a stack of netherrack, great reflexes to block clutch over lava hole in terrain, 2nd bed bomb kinda meh, dk with warped tree, ssv fort, 0.6 ch, fire portal, hot tourist, pr exposed in coral, front 99 3+2, skycrab moment"
04/05/2026 16:40,Structureless,Magma Ravine,Bastion,00:24:57,00:07:39,00:12:12,00:16:52,00:19:10,00:21:37,00:21:59,00:22:39,00:23:37,8,0,17,0,0,-9.16859E+18,Treasure,Zero Cycle,0,0,9288,FALSE,"Structureless ow, hard time finding gravel, skeletons kissing while missing every arrow on each other (maybe related to flowing water near), very silly moment ruined by creeper, no bastion in 32, travelled a long way to load one, 800 blocks out for a trevor, 1 gb flew off the back, only 5 obby off top, boat rode ghast in bottom, dia chestplate, rooftop hogs for more food, fort 18 away, subspace 0.3 ch to 4th ring, brick mechanics, nailed 2nd portal near ocean exposed sh, new skeleton yaoi, enderman in the way of pearl, could barely push back 90, feinberg zero"
04/05/2026 16:14,Full Shipwreck,Magma Ravine,Bastion,00:20:44,00:06:31,00:08:12,00:13:21,00:15:24,00:16:58,00:18:10,00:18:25,00:19:58,9,0,17,0,0,-6.42304E+18,Treasure,Ground Zero,0,0,9287,FALSE,"Sent far away ocean, awesome shipwreck for everything, thought kelp was fake and dugdown, ~200 blocks later ended up in same ravine, trevor nice for garrots, fa sword in bottom, waited for more string, 16 to fort, 0.6 ch, misplaced but had enf, 300 off, dragon flew on 90 small boi, ground to barely sub 20"
04/05/2026 15:51,Village,Lava Pool,Bastion,00:23:27,00:06:25,00:13:00,00:07:00,00:16:37,00:18:56,00:20:53,00:21:27,00:22:20,8,1,16,0,1,4.24857E+18,Stables,Zero Cycle,0,3,9286,FALSE,"Far blacksmith village, uselessly full of saplings and some gold, clutch emeralds for bucket trade due to no hay, made few garrots, cave went deep, very awkward lava and water fall on lavapool, bastion on 30 rd, fort in sight with spawner next door, basalt journey to stables, pig nation on mtg, 0.5 ch, caved under savanna, pick barely made it to sh, front 95"
04/05/2026 15:00,Structureless,Lava Pool,Bastion,00:15:12,00:04:41,00:05:22,00:04:51,00:11:35,00:13:01,00:13:34,00:13:51,00:14:40,8,0,16,0,1,-4.31127E+18,Bridge,Zero Cycle,0,0,9285,FALSE,"Bell on pie and saw lavapool, villager attempted to stop confrontation between couri and golem, sent cave after, garbage flint rates, spawned on a brijj fastion (on fort), hopped off to avoid bridging with magma cubes, dk with all ziglins, bottom pivot, still decent pigs, food supply drop RP, only 8 obby, ripped 3 diamonds in fort, weird layout, one of the silliest nethers, home portal 0.7 ch, W nav, back 99"
04/05/2026 14:43,Structureless,Lava Pool,Bastion,00:24:13,00:04:34,00:06:07,00:17:36,00:20:08,00:21:06,00:21:06,00:22:51,00:23:39,7,1,20,0,0,-4.97837E+18,Stables/Stables,Zero Cycle,1,1,9284,FALSE,"Lavapool in iron cave, went deep to find gravel, conveniently updated to reveal hidden lavapool, only found a couple animals before entering, crimson nearby, got self lava'd due to standing in weeping vine hitbox, boxed up before death, returned not even 40s later and saw stables beside, free pork on the floor, triple to bad gap to .... bad gap, 0 pearls even with extra gb, farmed hoglins heading to stables 2, ttmtg, lost diagonal battle for fort, went past old stables, ripped 160 block blind, icepie, no spike coz very deep, cranked back 97 1/8"
04/05/2026 14:17,Structureless,Lava Pool,Bastion,00:31:03,00:05:32,00:06:47,00:17:34,00:19:06,00:22:26,00:23:50,00:25:58,00:30:07,10,2,16,0,1,4.49638E+18,Stables,Half Bow,1,4,9283,FALSE," Gigantic mountain beside acacia village, caved for some iron before killing golem, sheared trees on the way to pond digdown, holy obby on ttmtg, only 2/6 floor gb spawns (1 in 787), spawner real despite big skepticism, misjudged fall after pearl and died, grabbed basic supplies to return, portal lava trapped but good escape, slight confusion on rough death spot, saw the cause of eray, lost most pearls but still had enf, 0.6 ch, portalled out early to guarantee icepie, 4.5 ch, 1 chunk off, mob hell, pearled into crystal and got insta fireballed, backed out even tho dragon maybe stayed, most insane fake perches, lost record 56 sub 30s to that, first 30+ of the split"
04/05/2026 13:44,Full Shipwreck,Magma Ravine,Bastion,00:18:56,00:04:35,00:06:34,00:12:02,00:13:55,00:15:14,00:16:34,00:16:43,00:18:28,8,0,13,0,0,4.14631E+18,Housing,Full Bow,0,2,9282,FALSE,"Another ocean ruins with map, blue pick from bt, rp for flint, messed up 2x1 and spent time mining obby to fix, gravel updated beside portal on nether side, manhunt lava housing, only 3 explosives, spawner looked fine at first, eray spike during wall dig, suddenly heard blazes so fastion candidate, mushroom island blind, 0.6 ch, ocean exposed pr, crazy 2b1a + sword"
04/05/2026 13:18,Structureless,Magma Ravine,Bastion,00:20:50,00:07:58,00:09:08,00:14:20,00:15:07,00:16:50,00:17:35,00:18:35,00:20:06,7,0,9,0,0,3.02392E+18,Treasure,Ground Zero,0,2,9281,FALSE,"Ocean ruins for map, full circled around island like a chud, 1 in 163 ironless bt, dipped to mine iron in ravine, dug into magma spot for L portal, trevor right outside basalt, enf off top but went to break spawner, hoglin buffet near ssv fort, 0.6 full diag, skeleton dungeon, lavapool stone replaced half a door, barely got setup off for front 90 SS, dragon flew, ground nation today"
04/05/2026 12:55,Desert Temple,Lava Pool,Bastion,00:19:24,00:06:01,00:07:26,00:11:44,00:14:41,00:16:28,00:17:11,00:17:30,00:18:57,8,0,26,2,0,-4.46083E+18,Bridge,Ground Zero,0,1,9280,FALSE,"2 lavapools in opposite direction of desert village and temple, farmed sticks before looting, 3 gapples, open cave near for all the iron, 11 flint from gravel patch tnt, grabbed food and left for lavapool, most tnt used up in ow, floating basalt island spawn, tnt pigface almost went in lava, dk, clutch obby chest,  looped around terrain to find opening for fort, cool tnt bed, rates started off horrible 1/12 (0.31% or 1 in 315), 1.0 full diag ch, portal sideview blended with night sky, easy nav, no time to make 94 SS, TAS ground"
04/05/2026 12:34,Full Shipwreck,Magma Ravine,Bastion,00:23:50,00:06:58,00:08:23,00:16:56,00:18:32,00:19:49,00:21:10,00:21:31,00:22:26,8,0,9,0,0,-5.56125E+18,Stables,Zero Cycle,0,0,9279,FALSE,"RP 1 obby short of enter, solid food wreck, swam over magma ravine going to full ship, bt for more iron and blue sword, triple to bad gap to good gap, farmed staircase hogs, low obby, plumbed lava triple and traded it out, 19 obby moment, final chest helped get over 20, 19 chunk fort, 0.6 ch, hidden nation into odd block wall tech, front 95"
04/05/2026 12:08,Full Shipwreck,Lava Pool,Bastion,00:18:17,00:02:51,00:04:39,00:12:11,00:13:40,00:14:01,00:14:52,00:15:32,00:16:46,8,1,9,0,0,4.30066E+18,Housing,Ground Zero,0,3,9278,FALSE,"Great loot in shipwreck, ocean opening into lava ravine, poundy portalled, sub 3 enter, far manhunt hauss, pacelocked on obby, brought in all backups and outer gold, skeleton shot fire arrow through lava into hoglin, stayed away from menacing ssv fort strays, 0.5 ch from right outside 1st ring taking 2nd ring, great terrain, didnt get extra wood, cage back zero no shot, ground with 8 explosives, saved by juicer anchors "
04/05/2026 11:45,Structureless,Magma Ravine,Bastion,00:16:42,00:04:12,00:05:15,00:09:27,00:11:25,00:13:03,00:14:20,00:15:17,00:16:11,9,0,13,0,0,-1.53051E+18,Stables,Zero Cycle,0,1,9277,FALSE,"Jemple on jungle-desert border, crazy 17 gold only, lavapool rp with garrots and iron for bucket, got rest in nearby cave, didnt risk completion with awkward terrain, entering with 34 gold, ttg stables, 19 obby after trades, last one in chest, sub10fort, wither nation assembled at one spawner, found other in basalt crevice, 0.9 ch, 100% mismeasured and 400 off, front 94 SS"
04/05/2026 11:27,Structureless,Magma Ravine,Bastion,00:24:21,00:05:49,00:09:09,00:16:12,00:18:06,00:20:12,00:20:23,00:21:32,00:23:32,14,1,15,0,0,1.43707E+18,Treasure,Ground Zero,0,2,9276,FALSE,"Ocean spawn with really far village, saw enterable ravine near and chose to cave in it, killed pigs, messed up 1st 2x1, divine 7, huge wall to trevor, hoglin at bridge gb, bottom for more pearls took time, dia pants, stack of crying, 13 to fort, rain blocking vision, 700 block blind, ocean exposed starter, strongshaft, creeper charged like a bull, great pearl but couldnt build 99 offset in time, relogged while going for ground, invalid run, stayed to ground zero new dragon"
04/05/2026 11:02,Full Shipwreck,Magma Ravine,Bastion,00:19:25,00:05:08,00:07:06,00:11:33,00:14:13,00:16:07,00:17:08,00:17:52,00:18:44,8,0,13,3,0,2.38872E+17,Treasure,Zero Cycle,0,1,9275,FALSE,"Map from ruins, looted ship and RP going to bt, loads of iron and dia sword, glad seeing fort on the way to trevor, jumped into trade hole mid route, RP buried in terrain above rampart, enf supplies to leave with garrots off top, 0.8 ch, b2b seeds baby zombie in nether, dug into pr, back 99 got spooky"
04/05/2026 10:37,Structureless,Lava Pool,Bastion,00:22:15,00:06:49,00:13:51,00:08:00,00:16:19,00:19:26,00:19:41,00:20:36,00:21:30,8,1,12,0,0,8.74761E+18,Bridge,Zero Cycle,0,1,9274,FALSE,"Future of Minecraft E-Sports - GRIDLOCK by Couriway x EvilGeniuses starting June 13 with $45,000 prize pool, Best NRI ever, runners had to play the worst seeds of all time, so much enjoyment, fell into cave and miscrafted all wood into buttons, droppered down to hunger reset 1 min into run, saw iron before dying so went back, also led to lavapool, ran into fort on the way to bastion, played with shield, scary ghast while bridging great distance over lava, saw zillion pigs on side terrain near pigface and pivotted to benex route, rolled on finaly obby and had to bring backups, 1.8 ch, ocean exposed sh, creeper nation room, front 99"
04/03/2026 21:33,Village,Magma Ravine,Bastion,00:26:56,00:06:14,00:09:12,00:13:00,00:16:28,00:20:39,00:21:49,00:22:06,00:24:52,8,0,14,0,0,-2.14335E+18,Bridge,Full Bow,0,1,9273,FALSE,"Coastal taiga village, grabbed food and left for ocean, amazing food chest but pathetic iron, bt gave enf, used gold for garrots, entered pretty close ot ring, almost pulled off a double ghast RTS, was close to fireball rebound RTS too, almost legendary clip, cs but single, only 14 obby, pearl hung to hp, hog nation outside fort, spawner plumbed, 0.7 full diag ch, garbage basalt terrain, coords at another fort, blamed Harold for obby misplace and got punished by bigfella while mining, 1 chunk off, pr past burning mineshaft, back 94 SS, trolled kb from beds and had to bail, fireball trap spot almost killed, 1 perch + bow"
04/03/2026 21:05,Village,Lava Pool,Bastion,00:19:47,00:05:20,00:06:18,00:11:13,00:13:02,00:14:43,00:17:02,00:17:29,00:18:48,8,0,12,0,1,-3.33356E+18,Stables,Half Bow,0,0,9272,FALSE,"Snow village, leather drip, ripped 4 iron and loads of bread from chests, even made shears, snow breaking sounded like a fart, 3 block pond dig into ravine dropper, ttg, 21 to fort, horrible 1st angle 0.1 off axis, 0.5 ch to very shallow 2nd ring, still 400 blocks off, sh 100 blocks off ring edge, weird terrain around fountain "
04/03/2026 20:44,Full Shipwreck,Magma Ravine,Bastion,00:24:14,00:05:02,00:07:59,00:13:12,00:17:30,00:19:02,00:20:06,00:20:41,00:23:29,8,0,11,0,0,4.93409E+18,Bridge,Half Bow,0,1,9271,FALSE,"Fns in rp, long journey to ship and then bt, entered in magma ravine, very far brijj, hoglin proofed cs after killing both hogs, low on string and obby, got hosed on backup spawns, even forbidden ones couldnt help gedt over the line, 16 to fort, cranked pearls all the way from extra regional to home portal, 0.6 ch, trident guy above sh, dug on 6 6, 3 anchor setup for perch, weird island"
04/03/2026 19:59,Full Shipwreck,Magma Ravine,Bastion,00:30:00,00:05:47,00:08:25,00:15:11,00:17:06,00:19:31,00:19:32,00:19:57,00:21:55,7,0,19,0,0,-5.99467E+17,Stables/Treasure,Half Bow,0,2,9270,FALSE,"Ruins on island, bt map, 2 dia and low food, ghostbucketed 2x1, grueling fix coz no other spot, another floating spawn, lot of stray lava around stables, went for triple to gap to gap but both were bad, overlapped trading with hog hunting, ripped another 4 gb in outer chest, got enf trades to leave, spawner turned diagonal towards trevor, sent new quadrant to hit fort in a wall, huge 2.3 ch, ow pig traversing nether, icepie, 4 explosives so setup for perch, beautiful 3+1 barely didnt kill"
04/03/2026 19:28,Structureless,Lava Pool,Bastion,00:37:50,00:06:42,00:10:44,00:15:18,00:19:13,,00:23:23,00:23:40,00:24:33,8,1,26,0,0,-2.05766E+18,Stables,Zero Cycle,0,1,9269,FALSE,"Jungle spawn next to massive ravine, open dungeon with some bread, big damage fighting demons, set iron smelting and death reset, killed cows and collected wood before going down, hoglin convention on enter, took shelter in wall, baby hog in the way of picking up lava bucket and got hit, TAS pause abuse to block off and barely survive fire tick, then slaughtered every hog as revenge, niceRTA to tabbing out every other second, double triple stables fragged on pearls, nowhere near 20 obby or even iron for new pick, 25 chunk extra regional fort, new no rods pb 0/15 (1 in 32,768), got all the rods right after, pearled back to blind in 1st ring, horrible triangulation, 1162 dist, back 94, almost skycrab moment"
04/03/2026 18:45,Structureless,Lava Pool,Bastion,00:29:48,00:08:32,00:11:05,00:15:32,00:18:45,00:20:49,00:22:32,00:24:34,00:25:27,11,4,25,0,0,8.74033E+18,Treasure,Zero Cycle,0,2,9268,FALSE,"Back from a 3rd meeting, Gorgeous snow taiga bordering flower forest and tropical sea, went down ocean cave for iron, killed a cow and a pig before digging down, 8 diamonds, classic y7 lavapool, floating spawn, saw fort in bg while boating down to terrain, dug straight into trevor, every pig ever jumping off top rampart, amazing chests to leave off top, difficulty finding dig in spot, took much worse terrain back to fort, atrocious rates in the middle phase, 0.7 ch, polar bear in nether, caved with no sign of sh, turned around right outside pr at first, front 95, crazy last anchors saved zero"
04/03/2026 18:02,Buried Treasure w/ tnt,Magma Ravine,Bastion,00:20:28,00:05:14,00:07:06,00:12:47,00:14:32,00:16:02,00:16:56,00:17:20,00:18:08,8,0,12,0,0,3.39088E+18,Treasure,Zero Cycle,0,1,9267,FALSE,"Found a spike running along coast, ripped 9 iron bt, tnt in dark oak replaced shears, mid 4 magma ravine enter, trevor across lava gap, went bottom first, fa sword, ziglins from side terrain ruined route, 21 to fort, jungle 0.9 blind, coords on a RP, sadly no icepie, fyroah law, back 95"
04/03/2026 17:39,Structureless,Lava Pool,Bastion,00:19:57,00:09:19,00:11:19,00:14:24,00:15:55,00:16:56,00:17:33,00:18:20,00:19:12,7,0,10,0,1,3.2547E+18,Housing,Zero Cycle,0,5,9266,FALSE,"Opportunity to grab free iron before heading to desert village, set it smelting while looting DT on the way, only good for 2 gapples, took massive damage from underwater tnt, hard time navigating under y15 lavapool, 9 min enter with fort in sight, 20 obby before starting tdm, wither managed to jump past 1 block gap, TAS block clutch, fourk tnt, 500 block blind, sub 8 nether enter to 2nd portal split, missed but dug into sh, rare 5 eye (1 in 230) moment of surprise with end terrain hiding very low y 52 fountain, back 95"
04/03/2026 17:17,Structureless,Lava Pool,Bastion,00:16:17,00:04:21,00:05:56,00:10:22,00:11:47,00:13:44,00:13:16,00:13:22,00:15:13,8,0,10,0,0,8.17027E+18,Stables,Half Bow,0,2,9265,FALSE,"Opened canal into ravine, killed few pigs, y45 lavapool on digdown, ripped double triple stables minus string, 21 to fort, W sheep on blind, 1k dist, nether sheep, to ocean exposed pr, didnt push for 1/8, perch but not soon enf for sub 15"
04/03/2026 16:59,Structureless,Lava Pool,Bastion,01:14:47,00:05:50,00:08:02,00:12:14,00:13:58,00:15:29,00:16:57,00:17:27,00:18:20,9,0,13,0,0,1.16466E+18,Bridge,Zero Cycle,0,3,9264,FALSE,"Fully caved before heading to taiga village, ofc game trolls with blacksmith + toolsmith for combined iron pick, shovel, 2 dia and 10 iron, ripped emeralds for food, huge cave opening went down to lavapool, had to leave for another meeting while mining pigface, 2nd segmented run today ||||||||| took 1 hr to return after saying 30 min, stomach began to bother also, dk route, last obby in single chest, 23 to fort, tree growing out of fence, 0.7 ch, mountain silverfish on sh digdown, front 95 small boi"
04/03/2026 15:13,Buried Treasure w/ tnt,Lava Pool,Bastion,00:22:09,00:06:17,00:11:12,00:15:45,00:16:58,00:18:00,00:18:00,00:18:50,00:19:42,8,0,11,0,0,-6.07314E+18,Stables,Zero Cycle,0,1,9263,FALSE,"Low iron and map from ship, fire prot 4 chestplate in rp, technically enterable but pushed to bt for higher quality, 2 dia and tnt, ocean ravine digdown, fully fake magma, 3 dia under, lavapool nearby, baited by falling gravel, new eray led to single triple double bad stables, ripped another 7 gb worth from chests before routing, pig snatched distraction gold, ripped trades, 28 chunk basalt fort, bad part strays gave most of the rods, blinds cooking with icepie on 1.7, wormhole nav, cranked back 97 1/8, knocked off after killing dragon"
04/03/2026 14:49,Full Shipwreck,Lava Pool,Bastion,00:22:39,00:05:35,00:06:38,00:13:17,00:15:55,00:17:19,00:17:58,00:19:41,00:20:32,7,0,13,0,0,7.41185E+18,Treasure/Treasure,Zero Cycle,0,3,9262,FALSE,"Buried ruins chest for map, bt lacked good food, saw lava in ocean ravine, close trevor, ziglin bodyguard at bottom, dia chestplate, ghast interruption, another stupid trevor 17 away, forgot to break spawner on 1st visit, hoglin maximised damage potential and also casue fres misfire, didnt like new spawner but fortunately diagonal and real, spawnerless spawner, 1.1 ch, pr down staircases of doom ruining sub 20, back 95"
04/03/2026 14:25,Full Shipwreck,Magma Ravine,Bastion,00:20:14,00:03:43,00:05:42,00:13:25,00:14:52,00:16:56,00:16:57,00:17:36,00:18:33,7,0,17,0,0,6.91726E+18,Housing/Treasure,Zero Cycle,0,1,9261,FALSE,"Wasted a minute checking mapless for nothing, amazing loot from shipwreck to enter in nearby ravine, poison stew followed by saturation while killing hogs, tdm, spanwer definetely seems treasure, pivotted other way, hot tourist near rp, reached fort kinda low on pearls, boat moved during axis, giant lava ravine in bg, 1.6 ch, sh on z axis far 2nd ring, icepie, bat nation, back 95 USS"
04/03/2026 14:03,Structureless,Lava Pool,Bastion,00:20:02,00:04:38,00:06:47,00:11:33,00:13:13,00:15:19,00:16:07,00:17:08,00:19:20,7,1,14,0,0,9.03944E+18,Housing,Half Bow,0,0,9260,FALSE,"Mapless spike felt too high, prot 4 helmet in bad boat, map took back to spawn, way too much gold and little iron, played ravine next door after making a canal, dugdown for lavapool, beautiful manhunt hauss, 22 chunk fort, 0.8 ch to super shallow 1st ring, weird nav, dragon flies on back 90, perch for sub 20"
04/03/2026 13:42,Desert Temple,Lava Pool,Bastion,02:45:17,00:06:16,00:07:02,00:19:39,,00:21:37,00:22:46,00:23:14,00:26:32,7,1,14,0,0,-2.10715E+18,Bridge/Treasure/Treasure/Treasure,Half Bow,0,2,9259,FALSE,"Big rant abt the world's state, Coastal DT, 3 dia and tnt exposed all needed iron, went for more animals before digdown, heard y15 lavapool in mineshaft, erayed and then had to urgently leave for meeting, 4th segmented run in 2 weeks, 7th overall ||||| let chat rewatch Free4All VOD, returned ~2.5 hrs later, tnt pigface, dk, all string flew into lava from crafting grid, left with 0 beds, treasured nearby, traded out top for string, almost 500 e count and no spawner in 32, forced extra regional, got trevored another 2 times, portalled out for food, subspace bubble, lava'd pigs in taiga village, W bread toolsmith, hot tourist, 27 chunks to ssv fort at 1.5k radial, loads of wither strays, double spawner, ripped 550 block blind in 4th ring, icepied over outpost room, insta nav, bad pearl so couldnt push zero, L perch baits, endermite got launched, breath in fountain but could reach from outside, hitbox expanded wrong time and got flung away, next one came soon"
04/02/2026 18:15,Structureless,Lava Pool,Bastion,00:20:03,00:06:04,00:10:42,00:15:28,00:16:23,,00:17:39,00:18:35,00:19:24,8,1,12,0,0,-4.42051E+18,Classic/Treasure,Zero Cycle,0,1,9258,FALSE,"Typical structureless ow, eray changed direction towards giant lava ocean of despair, didnt want to bridge across, armor in rp, ripped a fire res and pearls from 15 gold classic, far away trevor, mined bottom first, killed all robber pigs, diamond helmet, holy chest obby, 25 to ssv fort, played just off 5 rd bad part strays, ripped 130 block blind, echolocated pr, front 95 almost 2+2, most well deserved sub 20, first one of the split"
04/02/2026 17:54,Full Shipwreck,Magma Ravine,Bastion,00:20:58,00:07:01,00:07:01,00:14:34,00:15:52,00:17:57,00:18:43,00:19:00,00:20:15,8,1,11,0,0,-9.97143E+17,Housing,Ground Zero,1,0,9257,FALSE,"4 carrot food ship, long voyage to next one, double thorns helmets, bt with 2 dia and loads of iron, ravine enter straight into brijj lower bridge, tnt pigface, took huge knockback into lava by hoglin, escaped with boat and boxed up before dying, easy return, double single dk, 27 chunk fort, 0.6 ch, spike nation, navking, pearled into a trench, short of pearls to go for back zero, b2b2b ground zeroes"
04/02/2026 17:32,Full Shipwreck,Magma Ravine,Bastion,00:25:00,00:02:51,00:06:45,00:11:24,00:20:22,00:21:04,00:22:13,00:22:42,00:24:14,9,1,16,0,0,2.45244E+18,Housing,Ground Zero,1,2,9256,FALSE,"Loads of flesh and iron in ship, ocean ravine led to lavapool, sub 3 enter, hogs for better food, baited by some fake eray, ended up near fort, didnt want to play first, nailed down real eray, passed by another fort closer to housing, barely got past 10 obby, saw wither pack spawn during pearl hang to better blind coords, pearled into ravine dropper and died, returned 5 min later, had scouted better terrain for home portal educated, went way off angle, sent fron 95 but dragon decided to shoo on 99, dipped to ground"
04/02/2026 17:06,Structureless,Lava Pool,Bastion,00:22:43,00:07:18,00:08:54,00:13:37,00:15:08,00:17:30,00:18:34,00:18:56,00:20:31,7,0,11,0,0,8.9175E+18,Treasure,Ground Zero,0,1,9255,FALSE,"Zombie dungeon in cave, not that good loot, went deeper for all the iron, farmed pigs, digdown for lavapool, erayed trevor but no sign of fort, missed wall block parkour, block clutched way lower down on half heart, rare basalt trevor with no harm to structure, not enf pearls to force quadrants, dia pants in bottom, rolled on extra pearls, 27 chunk fort, highway cut through nether terrain, 0.7 ch, barely avoided mega mountain digdown, shortcut opening into sh, flew on back 94 SS, ground pivot"
04/02/2026 16:36,Full Shipwreck,Lava Pool,Bastion,00:27:21,00:03:47,00:05:05,00:10:23,00:12:28,00:14:11,00:16:31,00:17:05,00:26:50,9,1,14,3,0,5.16282E+18,Stables,Other,1,1,9254,FALSE,"Spotted lavapool, map in ruins, bt and waterpool genned in same spot but didnt overwrite, sub 4 enter, good gap stables, slow trades, completely hosed on string, only 18 pearls, chests got the obby, extra gold didnt help, 17 to fort, 0.6 ch, messed up triangulation, mined 1 chunk into lava ravine with library, emerald ore, grabbed enf for extra bed, convenient pr outside, setup for perch, scary pearl landed on edge of island, pearled right into path of dragon's perch, got launched into space and failed boat clutch, easy return back, creeper jumpscare in ravine, strafing to items, couldnt hit the 4 bed + sword, early fly bug, bowed leftover cage crystals, needed 2 perches to kill"
04/02/2026 15:39,Village,Magma Ravine,Bastion,00:25:42,00:04:58,00:06:22,00:15:38,00:19:22,00:21:35,00:21:49,00:23:24,00:24:59,7,2,12,0,0,-2.95484E+18,Housing,Half Bow,1,1,9253,FALSE,"Village spawn, grabbed hay and sent ocean spotting a ship, was way further than expected, enf iron, ravine not real from 1st glance, 2 diamonds, mined to bubbles for wall portal, tdm, juicer mongey chests for obby, missed boat clutch on basalt ledge and fell to death right over lava hole, grabbed little bread to return, easy escape out of portal lava trap, everything important was safe, great ssv fort strays, withers did extra damage due to hard difficulty, icepie on 1.1 ch, forced top 103 but incorrect offset broke crystal, clutched up 4 bed one cycle for sub 25"
04/02/2026 15:12,Village,Magma Ravine,Bastion,00:25:18,00:06:25,00:14:34,00:06:25,00:20:12,00:22:13,00:22:57,00:23:40,00:24:31,8,0,15,0,1,7.74106E+17,Bridge,Zero Cycle,0,3,9252,FALSE," Loaded furnace just running around, passed by lavapool, spotted the desert village far away, grabbed stone tools in ravine, ripped insane 11 garrot lavapool rp, 4 iron blacksmith, math to finish rp, spawned inside fort, starter room walled off, played spawner with shield, 27 chunk eray, awful wall, ran into another fort, wall divorced fastion, fully misunderstood triple as belonging to housing, read terrain late to realise brijj, baby pigs can steal 2 items at once, dk but single, many pigs stuck in lower part of other rampart, brought backups for obby, 0.9 ch, great pearl to push back 99"
04/02/2026 14:45,Full Shipwreck,Magma Ravine,Bastion,00:21:23,00:05:19,00:07:21,00:12:06,00:14:18,,00:17:46,00:18:36,00:20:50,8,1,19,0,0,6.91843E+17,Housing/Treasure,Full Bow,0,2,9251,FALSE,"Bot invasion in twitch chat, day 4 of banning nice chatters 4Evil, gapple and fns from rp, ship for map and some food, goated 4 dia bt, mined into bubbles, spawned on gravel patch and went on to put a door on it, tdm, not fan of spawner, saw trevor anyways and went to break it, dia pants, 22 chunk basalt fort from there, completely misread 1st angle and thought was a 160 block blind, realised only a later it was more like 1.1 ch while pearling through ow cluelessly, could have been much worse, front 95, didnt do enf kb and dragon broke last bed, full bowed quick enf to still make it 1 perch, misread ruined sub 20"
04/02/2026 14:23,Full Shipwreck,Magma Ravine,Bastion,00:22:37,00:04:12,00:06:12,00:15:52,00:17:07,00:18:51,00:20:28,00:21:16,00:22:08,7,0,15,0,0,-6.26321E+18,Stables/Treasure/Stables,Zero Cycle,0,2,9250,FALSE,"New best split with sub 21:45 avg and most sub 20s, new goal - less 30+ runs, decent ship, dolphjin left on the way to bt, epic 7 salmon, dolphin died in magma ravine, double triple to gap, loaded spawner on 32 after leaving, didnt seem real on closer inspection, pivotted to another stables for food with a pearl hang, TAS hoglin parkour, pearl loaded on terrain edge and landed below on 1 heart, lost diagonal war, fort 1150 radial, 1.0 full diag ch, ran past dungeon on the way to escape cave, death trap starter, front 92 1/8"
04/02/2026 13:49,Buried Treasure w/ tnt,Magma Ravine,Bastion,00:24:04,00:04:26,00:08:54,00:16:34,00:18:26,,00:21:21,00:21:36,00:23:31,7,3,17,0,0,-8.13431E+18,Treasure,Ground Zero,0,1,9249,FALSE,"Average 1 in 761 ship chest with 28 lapis, looted another ship on the way to bt, kinda awful food wise, magma ravine enter into basalt, no eray for miles, had to go through a lot of wall, surprised to see trevor pop up, pigs blocking the way for route, lost all food in the process, had to go bottom as well, dia chestplate, 18 chunk fort through more wall,"
04/02/2026 13:23,Structureless,Lava Pool,Bastion,00:21:18,00:05:52,00:06:28,00:12:26,00:14:22,00:16:37,00:17:44,00:19:38,00:20:27,8,1,20,0,0,-4.0473E+18,Stables/Treasure,Zero Cycle,0,2,9248,FALSE,"Nothingburger caves before real one, plains animals for food, went through mineshaft on digdown, wonderful divorced double triple route, bad trades so then opened trade hole and sent to good gap, pivotted to extra-regional on realising treasure, ssv fort, 0.4 ch in 2nd ring, missed pearl to ocean portal, went through soon enf to not load, 2150 blind dist, another awful sh, cranked back 97 1/8, went down to last anchor "
04/02/2026 12:59,Full Shipwreck,Magma Ravine,Bastion,00:25:30,00:05:18,00:08:02,00:14:24,00:15:39,00:17:53,00:19:06,00:21:20,00:23:11,8,2,17,0,0,5.56542E+18,Treasure,Half Bow,0,2,9247,FALSE," Ice-boating into deeper ocean, most amazing food chest ever, chose to play off 7 iron only, flint rates moment, L portal enter, awkward terrain to far trevor, garrots with excess gold after trading bottom, dia pants, 28 chunk spawner, went too diagonal and got read for new one, felt other one was trevor but real fort acc to chunkbase, new bastion jumpscare but not treasure, fort 1.2k blocks out in nether, caved on blind, 3rd ring educated, desert bordering frozen ocean, ocean exposed sh, deep in backrooms, mob hellhold, chopped nav, back 95 USS, didnt have fire res nor setup anchors so bailed, diagonal perch"
04/02/2026 12:33,Village,Lava Pool,Bastion,00:21:35,00:02:58,00:05:52,00:12:16,00:14:22,00:15:13,00:17:03,00:20:21,00:21:11,9,1,15,0,1,6.62548E+18,Treasure,Zero Cycle,0,1,9246,FALSE,"Jungle spawn with plains village in sight, cave went down to lava, sub 3 enter but nether side ruined all joy, ran through hoglin brigade, big trek to trevor, ziglins + side terrain very bad combo, traded out bottom to 20 obby, ssv fort, double spawner, educated on 1800 block blind, big maze sh, W backseat on nav through hidden, great pearl to make back 99"
04/02/2026 12:10,Structureless,Lava Pool,Bastion,00:21:26,00:07:13,00:09:40,00:12:53,00:15:15,00:17:00,00:17:48,00:19:33,00:20:35,7,0,13,0,0,-2.59651E+18,Stables,Zero Cycle,0,1,9245,FALSE,"Ironless ravine, went into multiple caves to find enf iron, many plains animals, stumbled onto blacksmith village very late, mineshaft led to lavapool, big wall to escape, ripped double triple stables, motherload of obby, 21 to fort, 0.6 ch, mob nation sh, 3 creepers and a skeletion guarding pr, back 94 standing "
04/02/2026 11:45,Village,Lava Pool,Bastion,00:19:44,00:04:39,00:05:40,00:11:01,00:14:02,00:16:30,00:17:27,00:18:11,00:19:01,8,0,17,0,1,-4.2615E+18,Housing,Zero Cycle,0,0,9244,FALSE,"Plains village, cod strats, digdown enter, smooth td route, 24 chunk fort egregiously hard to find due to being at y86, spawner also in dumb spot, 0.4 ch to 3rd ring, ran through warzone, 2.1k dist, nightmare strongshaft, front 95, new personal record for most sub 20s in a split (93)"
04/02/2026 11:24,Structureless,Lava Pool,Bastion,00:22:08,00:04:56,00:07:28,00:14:36,00:17:02,00:19:15,00:19:15,00:19:43,00:20:28,10,2,13,0,0,-3.00127E+18,Treasure,Zero Cycle,0,1,9243,FALSE,"Went caving, pierayed close taiga village, spotted lavapool from hill, most fraudulent village ever with barely any food, fully covered in pumpkin patches, killed hogs on nether entry, dealt with ghast outside treasure, bottom for little more obby, weird swim animation state upon throwing pearl in lava from crawl mode, thrown off a little by eray, fort eating itself, 0.8 ch, library icepie, easy nav, clean front 99"
04/02/2026 11:01,Structureless,Lava Pool,Bastion,00:26:06,00:06:06,00:15:43,00:09:04,00:20:08,00:21:39,00:23:18,00:23:52,00:24:46,10,0,27,0,0,3.79762E+18,Bridge,Zero Cycle,0,1,9242,FALSE,"Caved for iron set every animal in sight on fire, dugdown into mineshaft at bedrock level with 4 diamonds, lavapool near, got a read on 27 rd, convenient fort first on the way, horrible 1 spawns after clearing out spawner, also horrible rates, shattered any hopes of 100 sub 20s in the split, headed to brijj from there,  ran into lava blockade on dk at worst moment, lived and pivotted to trade on main bridge, grabbed backups to cross 20 obby, 0.7 taking back to 1st ring from just outside 2nd ring insane, ended up being more like 0.56, heard silverfish in ravinehold and dug into pr, front 95"
04/02/2026 10:27,Full Shipwreck,Lava Pool,Bastion,00:21:14,00:05:09,00:06:53,00:12:39,00:14:22,00:16:23,00:16:53,00:17:45,00:20:36,7,0,12,0,0,-7.96629E+17,Housing,Full Bow,0,2,9241,FALSE,"Ship + bt, ocean digdown for lava, far middown hauss, very underwhelming rampart chests but fragged 20 obby off outer ones, spawner going back to spawn, fort hidden behind walls, ripped 550 block blind, missed but trusted going off eye throw in cave and hit sh, fully eaten dungeon, front 94, almost saved zero but couldnt finish off, barely lived catching fire, wonderful bowing to make it just 1 perch tho no sub 20"
04/01/2026 21:22,Full Shipwreck,Magma Ravine,Bastion,00:27:38,00:07:06,00:09:05,00:13:28,00:15:38,00:17:19,00:17:58,00:20:00,00:26:12,8,0,19,0,0,1.41738E+18,Bridge,Full Bow,0,1,9240,FALSE,"5 bread food wreck, rp for armor, iron from ship and far bt, mined gb on 2nd rp above magma ravine, saw fort on the way to brijj, dk bottom pivot to hoglin, pigs hosed on obby trades, home portal pearl hang from fort, decent rates to try and push sub 20, 0.6 ch, nav killed sub 20, sending 1b4a zero, did like no damage and backed off to full bow, 4 perches took sometime, defientely lived upto expectation of 30 runs on April Fools"
04/01/2026 20:50,Village,Lava Pool,Bastion,00:21:34,00:05:59,00:07:24,00:12:50,00:14:46,00:16:19,00:16:56,00:17:20,00:18:47,7,0,18,0,1,3.31203E+18,Housing,Half Bow,0,2,9239,FALSE,"Plains blacksmith with 2 iron 5 obby, golem misunderstood ask of 5 iron, had to cod strats, dugdown on gravel patch, top down, very low explosives, 360 entities with 28 chunk spawner, played ssv fort on 5 rd to avoid blaze bedding, smacked ziglin in sword sweeping moment, 1k blind, skeleton army above sh, met more on navking, zero visibility on one cycle, tied most sub 20s in a split"
04/01/2026 20:27,Full Shipwreck,Lava Pool,Bastion,00:19:20,00:04:18,00:05:13,00:10:27,00:12:28,00:13:14,00:14:59,00:16:03,00:17:49,8,1,12,0,0,-8.94269E+18,Bridge,Ground Zero,0,1,9238,FALSE,"Good iron and food from shipwreck, digdown for sub 5 enter, mined into brijj left triple so dk, big e counter but still liked spawner, sub10fort, decent strays, 0.4 ch back to 1st ring, overshot by 350 blocks, escaped lava trap staircase, looped around tower to 94 SS, scuffed setup, dragon flew, ground pivot, flew away in between but still sub 18"
04/01/2026 20:07,Village,Lava Pool,Bastion,00:19:07,00:05:49,00:06:23,00:11:31,00:13:29,00:15:22,00:16:21,00:17:37,00:18:23,8,0,12,0,1,-3.30276E+18,Treasure,Zero Cycle,0,1,9237,FALSE,"Plains village, stealing villager jobs, hopped into cave to digdown, ziglin on boomer, had to play bottom as well, 17 chunk fort, 0.6 ch, spawned in ravine but found wonderful exit, swamp slime, sh digdown went right next to 2nd portal, eaten dungeon, stupid nav, front 99"
04/01/2026 19:45,Structureless,Lava Pool,Bastion,00:25:20,00:05:30,00:07:26,00:15:52,00:17:58,,00:21:28,00:22:12,00:22:57,8,1,14,0,0,-5.25655E+18,Treasure,Zero Cycle,0,0,9236,FALSE,"Hatewatching Fulham'd end split for April Fools snapshot on 2nd monitor, RP not insta obby enterable due to crying, lavapool source at the least, played out structureless ow, lost 1 gb to lava before enter, mined into bottom trevor first, dia chestplate, no spawner in 32, leaving with stack of gold, loaded full diag fort soon, awkward terrain, pulled up some tiktok abt metings, daily dungeon blind, educated, didnt pay attention to minor coords and thought was very close, measured 0.6 and was shocked, luckily 3rd portal in stock, sh close to 900 300, Fulham 1st person to beat April Fools snapshot after almost 9 hrs, front 99 offset"
04/01/2026 18:44,Full Shipwreck,Lava Pool,Bastion,00:34:01,00:07:36,00:09:27,00:19:01,00:21:09,00:21:59,00:24:38,00:26:50,00:28:53,8,2,13,0,0,1.34905E+18,Bridge,Half Bow,1,3,9235,FALSE,"Chestless rp, swam over 900 blocks out for a 2 iron ship and 1 iron bt (1.14%), next ship gave enf to enter, pi reference in iron amount, pre crafted garrots in ow, digdown from ocean cave, spleefed zombie into lava, brijj fastion, pushed off dk by baby hog and pigs and doid, looted 5 iron ship on the way back, combined 11 ingots from 3 ships + bt (0.04% / 1 in 2350), some gold survived, set pigs trading on main bridge, block clutched on side with 2 hearts after being hit off, grabbed every backup gb in existence + 2 extra from rp, got all trades except 20 obby, Artemis 2 Launch on 2nd monitor, home portal educated back to blaze spawner, overshot by 400 blocks, creeper jumpscare in starter and hidden entrances, dumb nav, flesh and no health so didnt force back SS, perch for sub 29"
04/01/2026 18:07,Structureless,Lava Pool,Bastion,00:22:03,00:06:28,00:08:14,00:14:19,00:16:34,00:17:56,00:19:12,00:19:48,00:20:44,8,0,14,0,0,1.37487E+18,Housing/Treasure,Zero Cycle,0,1,9234,FALSE,"Typical structureless ow with loads of food, pond digdown for lavapool, tdm, 19 obbied even after getting a lot from chests, ran away from trevor to extra regional fort, 0.7 ch, b2b back 94 SS"
04/01/2026 17:41,Desert Temple,Lava Pool,Bastion,03:47:44,00:04:10,00:06:32,00:10:37,00:12:16,00:13:16,00:13:29,00:13:49,00:14:47,7,0,14,0,0,-1.49497E+18,Treasure,Zero Cycle,0,1,9233,FALSE,"Watched Fulham suffer through April Fools Snapshot during lunch, DT village, 7 iron 3 gapples, TNT exposed more iron to smelt just in case, lavapool near, low 4 woodlight enter, saw fort from spawn, had to go away for an urgent meeting, segmented run 6 | | | | | said would return in 30 minutes but took 3.5 hrs smh classic april fool's lie (jk), dug through wall for ages to see trevor, somehow remembered overworld very well, backseated by chat abt spawn fort, weird overlaps in bad part, giga 3.4 ch, missed but trusted to go off eye throw in ravine, threw eye right outside pr but had enf, back 94 SS, W sub 15 igt and sub 4 hrs RTA"
04/01/2026 13:24,Buried Treasure,Lava Pool,Bastion,00:19:41,00:04:52,00:06:26,00:13:16,00:14:43,00:16:16,00:17:18,00:17:41,00:18:35,8,0,12,0,0,2.94219E+18,Housing/Stables,Zero Cycle,0,0,9232,FALSE,"Ship and bt for loads of iron, no kelp in view so sent digdown for lava, td hauss, no spawner in 32, ran past stables and saw opportunity to get food, didnt toggle off hard difficulty and almost died to hoglin, 600 out before loading something, felt could be trevor but turned diagonal, fort 1.1k radial, miscrafted 2 iron pants, 0.9 ch to crazy shallow 4th ring, mesa hill y86 digdown, TAS pearl to back 95"
04/01/2026 13:04,Structureless,Lava Pool,Bastion,00:25:08,00:08:47,00:09:28,00:13:06,00:16:25,00:19:12,00:20:26,00:20:46,00:23:44,7,0,18,2,0,-8.85018E+18,Stables,Half Bow,0,0,9231,FALSE,"Furnace, getting jebaited by piechart and terrain, found lavapool, considered drowning to hunger reset miles out but great iron find under ice, fishes juking, sub 9 enter with insta eray, triple triple stables, hosed on pearl and string trades to bare minimum amounts, basalt fort, nonsense spawner spots, 0.6 on 6.5, so much walking, insta nav, clean half bow, feinberg one cycle"
04/01/2026 12:38,Structureless,Lava Pool,Bastion,00:27:59,00:04:18,00:05:04,00:13:08,00:17:18,00:20:39,00:21:14,00:25:15,00:26:43,9,4,17,0,0,3.47055E+18,Housing/Treasure/Treasure,Zero Cycle,0,0,9230,FALSE,"Played structureless ow, low 4 enter, holy obby in chests, td, pearled into ziglin, rude ghast, low 8 treasured, kept sword and thorns pants, got treasured once more before fort, bot invasion day 2, long highway ending in nothing, early blind without rods to hunger reset, 9 rods, slowly bridging with no fire res, 0.5 ch, caved despite building portal high, dug up to see ocean exposed, deep in backrooms, library for beds, zero preemptive read, stupid deep nav, knocked off by breath on automatt half bow, enderman chasing on low health"
04/01/2026 12:06,Structureless,Lava Pool,Bastion,00:19:35,00:04:51,00:06:28,00:10:07,00:14:05,00:14:40,00:15:10,00:16:14,00:17:07,8,0,21,0,0,-7.15786E+18,Stables,Zero Cycle,0,1,9229,FALSE,"Technically enterable RP but played out cave for higher quality, walled nether after shearing leaves in ow, ripped double triple stables, 10:0x fort, caused skeleton civil war, 700 block blind, eye went down, thunder no. 2 of the day, front 95 "
04/01/2026 11:46,Village,Lava Pool,Bastion,00:21:18,00:04:48,00:06:06,00:11:37,00:12:05,00:15:45,00:16:58,00:19:02,00:20:46,7,0,19,0,1,-1.60777E+18,Bridge,Half Bow,0,1,9228,FALSE,"Checked out shorts of HerdCraft (April Fools Snapshot) and thought was funny, spawned inside plains village, dug into ravine with lavapool near, insta eray to brijj, dk, big wall in the way of fort, early blind to use last fire res economically, 0.7 full diag ch, sh on x axis, looked awful and too many mobs, not enf time to force back zero, perch soon"
04/01/2026 11:18,Structureless,Lava Pool,Bastion,00:21:31,00:07:50,00:08:32,00:13:44,00:15:09,00:16:23,00:16:23,00:17:44,00:19:45,7,0,17,0,0,-2.98224E+18,Housing,Half Bow,0,1,9227,FALSE,"Spawned on mesa edge, heard mobs burning but couldnt find source from surface, mined into 7 iron cave, animals enjoying bath in waterfall, singular river gravel, 3rd try flint, digdown for enter, td hauss, trading with barely any pigs, backups for good pearl quantity, nice blaze strays to start fort split, 1.5 ch, coords near other spawner, perfect icepie redeem timing, ravine ruined sh, caged witch, pearl clutch on half heart after missing block on tower, perch for sub 20"
04/01/2026 10:55,Village,Lava Pool,Bastion,00:31:44,00:05:17,00:13:43,00:08:00,00:22:01,00:26:14,00:28:03,00:28:27,00:30:56,7,0,12,0,1,8.15199E+18,Stables,Half Bow,0,0,9226,FALSE,"Bell to plains village, low hay, dipped to cave after, b2b runs 7 diamonds on digdown, no bastion in 32, debris before terrain, ran into fort, tried playing without shield but left for safety reasons, had also loaded bastion by then, poor terrain, 2 closeby erays, good gap stables again this time 850 radial, pigs trolled with 17 pearls and 15 obby, chose to go for new closer fort 1200 out in nether, sheep on subspace blind, 0.5 ch back to 3rd ring, overlapped mining obby with letting sheep regrow wool to send zero later, barely enf blocks to bridge to coords, no hard blocks to go for zero, mined tower obby to setup for perch"
04/01/2026 10:22,Buried Treasure w/ tnt,Lava Pool,Bastion,00:18:37,00:06:48,00:07:42,00:12:30,00:14:09,00:16:40,00:17:10,00:17:31,00:18:19,8,3,11,0,0,-2.42549E+18,Treasure,Zero Cycle,0,2,9225,FALSE,"Ship + bt, 7 diamonds on long digdown for lava, close trevor, going bottom for everything, perfect RTS, 22 chunk fort, 0.8 ch, big fella intervention, ocean exposed library, heard pr beside, redemption front 99"
04/01/2026 10:03,Structureless,Lava Pool,Bastion,00:26:11,00:05:46,00:08:23,00:13:00,00:15:43,00:18:01,00:21:06,00:22:58,00:25:24,8,1,19,0,0,-5.27699E+18,Stables,Half Bow,0,3,9224,FALSE,"Big bertha rp with gapple and light, dipped to cave, saw village with a 2nd big bertha late else would have played it, baby mode rp completion, far good gap stables, obby nation in chests, 27 to ssv fort, caved under ocean, started thundering, 0.6 ch not even in ring, 70 blocks under giagantic mountain, found better digup spot, down to 12 eyes after triangulating, 2350 blind dist, insane loop around nav, back 94 SS, dragon broke bed, got hit while boating down, waited for perch"
04/01/2026 09:35,Buried Treasure,Lava Pool,Bastion,00:27:50,00:05:07,00:06:29,00:19:59,00:22:20,00:23:36,00:23:51,00:24:16,00:26:46,8,2,16,0,0,-7.82118E+18,Stables/Treasure/Treasure/Treasure,Other,0,2,9223,FALSE,"Just enf iron in ship near spawn, bt way too far to consider going to, flint rates moment, killed cows, pond digdown enter, gap route, only got 1 fire res trade so saving fot later, spawner didnt seem great, pivotted to new quadrant, landed straight in lava, popped fire res 1 tick away from dying, didnt check rp, got treasured after some hope arose, restocked supplies, next spawner surely trevor, pivotted new direction, horrible biomes for no food situation, hunger reset in wall spawned on other side of anchor, mined 2 netherrack to get to other side, loaded new spawner after a while of travel, spotted mega hoglin convention to kill for over 20 pork, fort nearby as well, subspace bubble, ripped 600 block blind in 4th ring, eye went down on 2nd portal, fyroah's law, back 95 USS, anchor spleef trolled zero, only 13 arrows but able to break all soon, 1 perch able"
04/01/2026 09:07,Structureless,Lava Pool,Bastion,00:23:48,00:05:27,00:06:18,00:14:11,00:16:28,00:19:11,00:20:57,00:21:52,00:22:44,7,0,23,0,0,-3.53112E+18,Treasure/Treasure,Zero Cycle,0,3,9222,FALSE,"Awesome end to prev day with AIO Cooler refusing to work, Ultra rare baby pink sheep (1 in 12,195), played lava ravine and animals, trevor shows up for April Fool's day and trolls with 19 obby off top, half dia armor, didnt like eray on 22 chunk spawner, stables averted crisis, still horrible time finding fort, drowned and trident guy interruption during eye measure, trusted going on 1.1, caved with no sign of sh, dug up just to digdown 4 chunks away, stupid sh was high, back 95 3+2"
3/31/2026 16:48:27,Structureless,Lava Pool,Bastion,00:31:23,00:07:12,00:12:22,00:22:38,00:25:07,00:26:53,00:28:32,00:29:00,00:30:50,8,1,16,0,0,4.57211E+18,Treasure,Half Bow,1,1,9221,FALSE,"No sign of caves, river bolan pivot, weird spot but still hit, cow herd far away, digdown for lava, wall lava flowed in weirdly fast, died to fire tick, followed leaf trail back to items, trevor past wall, no pearls off top, generationally smart snatcher pigs in bottom, holy 10 gb chest (1 in 274) and sword, worst pearl luck getting total of 22 pearls from 35 gb (0.036% or 1 in 2744), 47 glowstone for no reason, 29 to fort, 0.4 ch in 1st ring, snet ow after 2nd portal, 1.8k dist, botched back 95 ruining sub 30, ground fireballed, perch soon"
3/31/2026 16:15:57,Structureless,Lava Pool,Bastion,00:26:08,00:08:02,00:10:58,00:16:18,00:18:52,,00:23:51,00:24:10,00:25:49,9,0,16,0,0,2.46777E+18,Housing,Half Bow,0,2,9220,FALSE,"Wolf murdered all sheep, iron in cave, ventured into mountains looking for animals, saw llamas before pigs, avg y18 lavapool, mined through a lot of basalt, saw both housing and fort, pig congregation at bottom double, completely hosed on obby, basalt flooring in outer looked reaaly pretty and cozy, grabbed all backups to cross 10 obby, home portal too buried behind basalt, blinded around -150 -150, unlucky 1850 dist but mainly ocean, sheep along the way, not sending back SS, quick perch"
3/31/2026 15:48:42,Structureless,Magma Ravine,Bastion,00:20:30,00:05:30,00:06:26,00:13:12,00:15:03,00:17:44,00:17:44,00:18:54,00:19:40,8,2,15,0,0,6.93183E+18,Bridge,Zero Cycle,0,1,9219,FALSE,"Jungle spawn near coast, map from ruins, only 5 iron in bt, 1st tnt gave nothing useful, mined rest iron in magma ravine, messed up 1 deep spot, very scuffed but finished portal, basalt corruption around pigface, tnt pigface, dk, backuos to 20 obby, 27 very diag ssv fort, random basalt replaced part of flooring, slid off boat during measure, 0.6 straight line, library icepie, back 99 3+2"
3/31/2026 14:59:10,Full Shipwreck,Magma Ravine,Bastion,00:17:40,00:04:02,00:06:00,00:09:59,00:12:07,00:13:26,00:14:05,00:15:38,00:17:04,8,0,15,0,0,4.10746E+18,Bridge,Ground Zero,0,2,9218,FALSE,"Bot invasion in twitch chat, Spawn near monument, wonderful garrots in ship, loaded bt, huge bridge over lava to brijj, tnt pigface, cs, leftover gold for garrots, sub 10 warped fort, blind portal right above lavapool, 600 block blind, double skeleton starter, dungeon gave wrong read, sent random ways, landed in cage of tower, flew on 95, craziest 6 bed ground"
3/31/2026 14:39:59,Buried Treasure,Magma Ravine,Bastion,00:21:57,00:04:43,00:07:47,00:14:05,00:18:05,00:19:10,00:19:10,00:19:49,00:20:43,8,0,14,1,0,8.85355E+18,Stables/Treasure,Zero Cycle,0,2,9217,FALSE,"Hit 8 garrot RP on the way to ship, 4 diamonds in bt, 25+ iron total, magma ravine, fort near spawn, went to 30 chunk bastion first, double good gap divorced double triple, 20 obby before starting ttg, pivotted away from trevor back to spawn fort, spawner locations breaking all rules, 2.0 ch into icepie, bounced off tower all the way down, pivotted to 94 SS, insane damage on last anchor to save zero"
3/31/2026 14:16:55,Village,Lava Pool,Bastion,00:16:21,00:04:01,00:04:35,00:09:52,00:12:57,00:14:24,00:14:25,00:15:00,00:15:46,8,0,22,0,1,7.25183E+17,Stables,Zero Cycle,0,0,9216,FALSE,"Plains village, flowers cosplaying lavapool from afar, cave digdown into lava ravine, 4 min enter, fully misread bastion type as housing and went for td, felt babastion for a second until realising was housing, double bad gap, ripped 8 gb from outer chests, rampart ones got to 20 obby, 21 chunk fort, plumbed spawner, 0.8 ch, nether zombies, icepie, ocean preemptive to see pr, front 99, great bounceback run"
3/31/2026 13:58:47,Structureless,Lava Pool,Bastion,00:28:54,00:06:56,00:09:15,00:21:38,00:24:23,00:25:22,00:27:11,00:27:28,00:28:20,9,1,16,0,1,2.62708E+18,Stables/Housing,Zero Cycle,1,1,9215,FALSE,"Tempting ocean but nothing in view, couldnt say no to free cave iron before heading to village, dug into mineshaft, lava further down, 3 diamonds to enter, far eray, mined into stables, got ganged on going for gap route and doid, barely made it back without losing sprint, would have been chopped either way with glowstone in the way and DBNT, few pearls to head over to housing, 4 pig td, 12 to warped fort, caved on blind, way too much obby so educated, 3.3 ch, sent ow rather than nether wall, amazing pearl on t94 for back 99"
3/31/2026 13:25:42,Desert Temple,Lava Pool,Bastion,00:23:53,00:08:18,00:10:08,00:14:54,00:16:54,00:19:34,00:21:20,00:22:16,00:23:08,10,1,17,0,0,6.25486E+18,Housing,Zero Cycle,0,1,9214,FALSE,"8 iron DT, tnt cannon, animal variety around pond, cave digdown, too much fake lava, 9 diamonds, holy creeper cave, managed to loop around to original digdown spot, lavapool next to dungeon, mined into housing gap, rare time middown, top chests fragged, 22 to fort, fourk tnt, 0.3 ch from just outside 1st ring, going on 0.45, 300 off, 2350 dist (<0.4 ch), spikeless nav on 1 way starter, back 95"
3/31/2026 13:01:08,Full Shipwreck,Lava Pool,Bastion,00:16:47,00:04:20,00:05:14,00:09:12,00:11:10,00:12:37,00:12:38,00:13:08,00:16:18,8,0,14,0,0,-3.81358E+18,Housing,Half Bow,0,2,9213,FALSE,"Looting ship with trident guy, prot 4 boots and carrots, closest tree 800 blocks out after visiting bt, lavapool on tree island, fort knowledge based off quadrants and close spawner, moved around path around lavafall for manhunt, b2b seeds no pearls and requiring backups, extra one for garrots, 9xx ssv fort hidden by being low, wither hallway, icepie on 1.0, aggressive pearl nav, low beds, setup perch anchors, dragon rng killed sub 16 even"
3/31/2026 12:39:04,Structureless,Lava Pool,Bastion,00:20:22,00:06:12,00:07:18,00:11:38,00:14:38,00:15:56,00:16:25,00:18:22,00:19:50,8,1,21,0,0,-1.08163E+18,Housing,Ground Zero,0,2,9212,FALSE,"Creeper nation cave, following even outside, secret tunnel under iron, didnt overlap anything, no animals so killed fishies, explosions going off in the dist while digging down, fort and bastion visible near spawn, ziglin on td, punched pig going for backups, still leaving for fort with low pearls, 0.8 ch, eye went down building up from cave, chopped nav, zillager outside pr, flew on 99, ground to sub 20"
3/31/2026 12:16:33,Half Shipwreck,Lava Pool,Bastion,00:25:13,00:07:16,00:10:24,00:13:57,00:16:45,00:19:17,00:23:26,00:23:48,00:24:39,8,1,14,0,0,-3.30154E+17,Treasure,Zero Cycle,0,1,9211,FALSE,"Pie to taiga village, very mid houses, largefern, eyes worked late to see ship parked outside, ripped 8 emeralds to trade food and bucket, rest iron for full tools, mined into mob dropper ravine, 4 diamonds and lavapool, huge wall to trevor, combo attack on ghast, trevor decay extreme edition, mining 4 obby later, ssv fort, piglin in nowheresville, rp under to build off after mining 1 crying, got donged mid dig up, boat out of reach, educated ~1k blocks, grossly undershot, mainly ocean, 2560 dist with sub 0.4 ch, TAS pearl to make back 99"
3/31/2026 11:44:54,Structureless,Lava Pool,Bastion,00:29:19,00:04:53,00:06:42,00:15:15,00:17:59,00:21:17,00:25:31,00:26:39,00:28:07,13,4,22,0,0,3.93683E+18,Treasure,Ground Zero,0,0,9210,FALSE,"Structureless ow, cave led to lavapool, heart attack creeper jumpscare in portal, mined straight into lava moat, pigs pushed skeleton off bridge, fossil route, pre-filled hole left side denied other pigs access, pick broke mid mining gb but got nugget trades, going bottom for pearls, spawner on 32, fire res clutched after jumping in lava, awkward basalt hunger reset, weird fort nav to spawner, ultra slow blazes,"
3/30/2026 18:51:31,Village,Lava Pool,Bastion,00:25:31,00:05:44,00:12:57,00:07:23,00:18:24,00:20:01,00:21:45,00:23:54,00:24:43,8,0,15,0,1,-6.65933E+18,Stables/Housing,Zero Cycle,0,1,9209,FALSE,"Spawned in plains village, xqcBread, saw blacksmith late but only apples, crazy vertical savanna mountain gen, sent ravine digdown, 4 diamonds before lava, bastions trolling, ran into fort first, tunnel to connect double spawner, wither skull, 20 chunks for a DBNT stables, housing not too far from there, caved under y103 mountain so educated, distracted by something and tried to triangulate in nether, nailed educated by 200 blocks, heard explosions go off in the distance, chipped nav to strongshaft, pushed top 104 setup."
3/30/2026 18:10:00,Full Shipwreck,Lava Pool,Bastion,00:25:19,00:09:18,00:15:32,00:10:07,00:18:29,00:22:14,00:22:41,00:23:06,00:23:55,8,0,19,0,0,-4.34439E+18,Bridge,Zero Cycle,0,1,9208,FALSE,"Forced ocean, fns rp, flesh in bad ship, 2nd ship for iron and map, swam around island to bt, didnt light sheep in time to get cooked food, ocean ravine digdown, more diamonds than required, dug into mineshaft leading to lavapool, bastions on very high rd, hog squad solved food crisis, ran into stray warped blaze, didnt see blaze spawn behind while plumbing post triple tnt, mined into brijj, cs but single, blind piglin, overlapped trades with axis, 0.6 ch, hot tourist, mega hoglin attack while building portal, front 97 1/8 crank"
3/30/2026 17:43:36,Buried Treasure w/ tnt,Magma Ravine,Bastion,00:23:29,00:08:28,00:11:25,00:16:41,00:17:44,00:19:42,00:20:08,00:21:30,00:22:49,8,1,11,0,0,8.56399E+18,Housing/Treasure,Other,0,1,9207,FALSE,"Treeless island, didnt lower render looting ship next to monument, went to mine wood and got donged, drowned to death reset, lowered rd next time, small dot map for food, bonus 2 diamonds, no ravine so dugdown, 8 diamonds, ~150 blocks to hear bubbles, sub 9 enter, hoglin squad put on slaughter, razy combo kb, housing nation today, baby hoglin jockey, left with 18 obby, gapple in rp, got treasured before fort, tnt BAGEL, blind somewhat near 900 300, 1k dist, 1 chunk off, avoided lava starter by not 4 4 ing, flew on 95, bars saved fireball, perched on ground"
3/30/2026 17:14:58,Structureless,Lava Pool,Bastion,00:19:51,00:05:02,00:12:46,00:06:31,00:15:44,00:16:53,00:17:50,00:18:09,00:19:01,8,0,12,0,0,2.84658E+18,Housing,Zero Cycle,0,2,9206,FALSE,"Ravine-ception near spawn, sheep and cows for food, lavapool in same ravine, no bastion in 32, saw fort near, fell through hole in terrain into giant dropper, pre-coped but W drags saved from dying, blaze bed fort first, eray on 32, mining simulator to hauss, good chat comms for hard mode toggle, 0.6 ch, a million silverfish assembled on mountain sh digdown, cranked front 97 1/8, barely killed on last anchor"
3/30/2026 16:53:52,Structureless,Lava Pool,Bastion,00:27:25,00:06:45,00:09:32,00:17:15,00:19:51,00:21:54,00:23:23,00:23:54,00:26:37,13,1,15,0,0,6.28779E+18,Treasure,Half Bow,0,1,9205,FALSE,"Jungle spawn, headed to plains to cave, tree clash, enf lava leftover in flooded pool to make portal, far trevor, pre-filled hole, ghast fireball luckily missed everything, went bottom with nothing in chests, no spawner in 32 so waited for extra pearls, almost 60 chunks to fort, 0.5 ch, pearl landed late after jumping off fort, reacted in time to not take fall damage, overshot by 300, cranked back 94 SS, dragon had other plans to fly after 2 rotations, quite a wait for perch"
3/30/2026 16:20:53,Full Shipwreck,Lava Pool,Bastion,00:29:17,00:06:13,00:11:10,00:06:13,00:17:41,00:18:37,00:24:38,00:25:07,00:28:34,7,3,15,0,0,7.89913E+18,Housing,Half Bow,0,3,9204,FALSE,"Mapless spike, something interfering with read, map from ruins back to spawn, had almost dug on same spot before, 6 iron meh, 2nd ship for more, mined out food chest but totally not worth, magma in ocean cave, scuffed wall portal, spawned on fort, spawner tnt, piglin fell and died right in front, spawner overloaded and scary at the end, left on 7 rods, 18 chunk hauss, mined outer gb going into rampart, rolled on obby, all backups brought ot 19, extra gb from chest helped cross 20, caved at y11, educated travel, caved 50 blocks under, did some cool math after 2nd break, right idea but wrong execution and missed digdown, started thundering, some deliberation with chat on correct perfect travel offset, met with mountain silverfish on 2nd digdown and hit sh, convenient pr spot, dragon broke bed on front 99 offset, weird terrain around fountain, 3 min perch"
3/30/2026 15:50:10,Structureless,Lava Pool,Bastion,00:22:31,00:04:16,00:06:04,00:04:34,00:14:06,00:15:36,00:17:18,00:17:59,00:19:27,8,0,18,0,0,-5.4283E+18,Treasure,Ground Zero,0,1,9203,FALSE,"Lavapool at spawn, cobble skip, set portal for woodlight while killing animals with lava, sub 5 structureless enter staring at a fort, far trevor, wanted to leave off top but pearls holding back, going bottom when saw a stray trade on bridge, took much worse terrain back to fort, pearl hang at hp, W strays to low rd, wood comms, 0.7 ch to shallow coords, 2nd portal landed next to diamonds, front 90 SS but flew, dipped to ground"
3/30/2026 14:42:37,Village,Lava Pool,Bastion,00:17:15,00:03:18,00:03:59,00:07:37,00:09:33,00:12:27,00:13:50,00:14:24,00:16:53,8,0,22,0,1,-3.22886E+18,Housing,Half Bow,0,1,9202,FALSE,"Called sub 5 spawning in plains blacksmith village, decent 3 iron + 4 from golem, low 3 digdown enter with insta housing, td, stupid diagonal fort with garbage terrain, still 7:3x enter, debris at spawner, 9:3x blind, eye almost went in tree, 0.4 ch 1st ring, L rates, went on 0.5, 500 off, 2434 dist with sub 0.4 ch in 1st ring are we serious??, stuck in back cage tower with low health, perch took time, still sub 17"
3/30/2026 14:23:09,Structureless,Lava Pool,Bastion,00:22:25,00:06:02,00:12:30,00:07:08,00:15:50,00:18:39,00:19:39,00:20:17,00:21:35,9,0,22,0,1,-6.14455E+18,Treasure,Ground Zero,0,1,9201,FALSE,"Pivotted to cave seeing easy iron, sheared leaves on the way to campfire,stumbled into plains village, banger food chests and animals to make up for lack of hay, pond digdown for y17 lavapool, confusing eray on 31, played ssv fort first, spawner cranking even pre-blaze bed, 9 rods, ruined piglin dance party, surprise trevor, punched piglin in the way of wall mining, no pearls off top, husk army on blind, bonny jumped off hill and doid D: , 0.5 ch to 2nd ring, huge ocean exposed sh, too low health to push back zero, pivotted to ground"
3/30/2026 13:46:42,Full Shipwreck,Magma Ravine,Bastion,00:42:38,00:07:35,00:08:27,00:22:58,00:25:27,00:28:02,00:29:52,00:32:18,00:37:21,7,0,15,1,0,8.05088E+18,Bridge,Half Bow,0,1,9200,TRUE,"Recent Version 26.1, after 74 of them in 1.21 for 1.75 yrs and 24 in 1.21.11 specifically we are finally here in the woke numbering system, eray fixed FeelsStrongMan, cute baby mobs maybe, no planifolia yet so everything looks horribly dark, gorgeous terrain, decent ship, holy 20 iron 2 dia bt, dugdown into massive cave, 0 visibility on normal brightness, fns almost half dura from using for light, 1 dia and small lavapool, insta erayed to brijj, didnt tnt pigface, some pigs jumped into lava, dk bottom pivot, baby ziglin looking mega chonky and holding massive sword, in love with its cuteness, pie bugged for chests, forgot had to increase render instead of simulation to load spawner, good backup trades for 20 obby, sadly even forbidden couldnt help with 11 pearls, prot 4 gold chest to leave, baby hoglin looked so stupid chud, ran into baby ziglin with huuuuuge spear poking itself in the eye, baby hog fell from the sky,  difficulty in navving to fort due to terrain and weird pie, after lot of digging around wall x-rayed it and also heard blazes,weird spot for spawner, BONNIES on blind, 0.9 ch, eye went down on 2nd portal, sheep as well double double shears, no breaks, pick barely made it to sh, different pre-emptive directory,  shot by bogged's poison arrow, scuffed nav, ripped the 1 eye, first time trying ground in RV, couldnt get bed down in time and dragon broke it, somehow looked at enderman before perch and couldnt make it in, shooting endermen for fun while waiting next one"
3/30/2026 13:01:26,Village,Lava Pool,Bastion,00:22:53,00:05:07,00:08:44,00:15:58,00:18:17,00:19:38,00:20:28,00:21:08,00:21:57,7,0,17,0,1,4.98853E+18,Treasure,Zero Cycle,0,0,9199,FALSE,"Snow village in the face, double cosmetic blacksmiths, great foodwise, dipped to cave, went down to lavapool, y103 basalt spawn, endured some wall dig, extreme hater usain bolt piglin in trevor, overlapped bottom with potato smelting, pig standing literally on lava block, dia sword, pearl trades took time, over 450 entities, ripping it to spawner anyways, ghast fireball intercepted pearl towards RP, shockingly real fort, lava curtain behind spawner, 0.9 ch, garbage strongshaft, front 95,"
3/30/2026 12:35:47,Structureless,Lava Pool,Bastion,00:19:51,00:05:01,00:06:20,00:12:00,00:13:36,00:15:58,00:16:41,00:17:30,00:19:25,9,1,20,0,0,7.60658E+18,Bridge,Zero Cycle,0,3,9198,FALSE,"Insta cave on jungle spawn, high mineshaft, miscrafted extra set of shears and needed to mine another iron, only melons and 3 animlas for food, stumbled into lavapool, cs with leaves, pigs trolling with 19 obby, got 20 with backups but barely any string, 17 to fort, 0.5 ch from barely not in 1st ring, glowstone on the way, nailed 2nd portal going little shallower, interrupted creeper congress outside pr, 3 anchor setup, perch to sub 20"
3/30/2026 12:11:28,Full Shipwreck,Magma Ravine,Bastion,00:21:24,00:05:22,00:09:09,00:07:29,00:13:24,00:16:23,00:18:27,00:18:45,00:20:29,8,2,16,1,0,3.93484E+18,Treasure,Half Bow,0,2,9197,FALSE,"Ship+RP+BT ow, ocean ravine into magma, L portal, stablesy eray, TAS pearl across huge gap, decided to fort first, instantly fireballed and 2 poison stews, fort expressway ate away parts of trevor, very silly fastion, hot tourist at intersection of both bridges, ziglin pre-sat in trade hole, enf trades off top, 0.5 very diag ch back to 1st ring, light years long expressway to coords, 450 blocks off, sheep on the way, forgot to grab wood for beds to zero, only realised in end, quick perch"
3/30/2026 11:47:25,Buried Treasure w/ tnt,Lava Pool,Bastion,00:18:13,00:04:55,00:05:32,00:10:27,00:12:26,00:13:29,00:14:13,00:16:24,00:17:13,7,2,11,0,0,3.8044E+18,Stables/Housing,Zero Cycle,0,2,9196,FALSE,"Snow coast spawn, looted buried ship, lonely coral, tons of iron and lowish food after bt, ravine digdown for lava, stables through ravine, double triple, 12 obby and not worth waiting for more, some eray towards spawner so left anyway, ssv fort with housing near, pearl hang while looting for obby, 0.7 ch, ocean exposed mob city warzone, horrible backnav, back 95"
3/30/2026 11:26:42,Village,Lava Pool,Bastion,00:20:25,00:04:38,00:06:22,00:11:11,00:13:10,00:15:31,00:18:01,00:18:22,00:19:20,8,0,12,0,1,-4.01916E+18,Stables,Zero Cycle,0,2,9195,FALSE,"2 lavapools heading to acacia village, villager took an axe hit for golem voluntarily, wheat skip for cod, fort on the way to bastion, stables lava triple, sorta ttmtg, pigs mega trolling until the very end for pearl trades, playable amount, walked all the way to fort, cosmetic sword, hater mobs during axis, 0.5 ch, overshot by 300 blocks, dipped to 90 SS after not good enf pearl"
3/29/2026 19:27:35,Full Shipwreck,Lava Pool,Bastion,00:31:07,00:06:28,00:07:03,00:17:02,00:20:18,00:25:10,00:27:09,00:28:02,00:30:27,9,2,16,0,0,7.58426E+17,Housing,Half Bow,2,3,9194,FALSE,"Weird mapless spike but still tripped bt, 2 dia 6 iron, murdered wolf with tnt D: , amazing loot in nearby ship, went for digdown, ended up in lava ravine, creepers jumping into lava, close lava hauss, couldnt get past piglin blockade and died, grabbed another ship on the way to enter, mishotkeying to lava, HOWMANY piglins in outer, 10 garrots 13 obby, extra regional fort, set pearl hang, cool tnt bed, home portal educated, hoglin hit same moment as pearling to a roof and died, back soon, insanely screwed over by sh <100 blocks from inner 1st ring edge, bat nation, unsure of making back 88 1/8, kinda trolled one cycle"
3/29/2026 18:54:55,Structureless,Magma Ravine,Bastion,00:20:05,00:04:13,00:07:09,00:12:47,00:15:15,,00:17:49,00:18:43,00:19:37,8,0,10,0,0,-1.38907E+18,Treasure,Zero Cycle,0,3,9193,FALSE,"Cactus far away seemed crazy tall, insane rp in mineshaft ravine, all the garrots ever, mined iron nearby, gold pick to break crying and obby complete, cactus check on hold, divine 14, hallucinated trevor as fort silhouette, lava in the hole, left pivot brought ziglins, leaving on no string no arrows and 13 obby for duh vine, forcing extra regional with huge erays all around, pearl hang to divine coords, playing fort on low rd, village and sheep on divine blind, grabbed beds at another village near sh, 535 kinda avg. divine, front 95 small boi, stupid 5 tall cactus again baited due to hill"
3/29/2026 18:33:48,Structureless,Lava Pool,Bastion,00:23:12,00:06:48,00:13:18,00:16:16,00:19:14,00:20:46,00:20:46,00:21:27,00:22:16,8,1,20,0,0,-6.87646E+18,Housing,Zero Cycle,0,1,9192,FALSE,"Mob nation in cave, cobble skip, dug towards zombie, found all iron in new cave, free bow, animal variety, bastion in 31, grueling basalt terrain, pig nation on td hauss, big e count but 18 chunk spawner was fort, good comms from chat for hard mode, icepie on 1.4 ch, hover hitbox, pr 2 rooms away, slow silverfish hunger reset, holy crank to back 97 1/8"
3/29/2026 18:09:04,Structureless,Lava Pool,Bastion,00:23:22,00:05:07,00:09:20,00:17:03,00:19:16,00:20:27,00:21:04,00:21:36,00:22:32,7,0,17,0,0,-5.3937E+18,Treasure/Stables,Zero Cycle,0,0,9191,FALSE,"Saw lavapool from savanna hilltop, no good caves, dug into mineshaft, no gravel, portal insta woodlit on easy mode, no crimson on other side so went back for ow animals, very far trevor, bottom to get obby and extra string, enchanted pants, almost killed by trickshot aimbotting skeletons, ran into stables and saw opportunity to farm hogs, went very scuffed, ssv fort somehow 1k out, prolly lost original one on a diagonal, 1.9 ch in 3rd ring, back 97 came down to very last anchor, close to all same numbers in timer"
3/29/2026 17:44:08,Structureless,Lava Pool,Bastion,00:26:17,00:08:06,00:09:58,00:15:31,00:18:45,00:21:42,00:23:25,00:24:36,00:25:25,8,0,31,0,0,-5.32946E+18,Bridge,Zero Cycle,0,2,9190,FALSE,"Campfire on pie, ONE chest house and rest all bad, pivotted to mine iron in crater, travelled light years for animals, dugdown for lava, 8 8 pigface tech, cs single again, exited brijj -> home portal time loop by getting more than 20 obby, only 18 pearls, 21 to fort, hallucinated nether brick as magma cube, rates started off 1/16 (1 in 3855), lost 1 rod to lava and 2 breaks on 0.9 ch, ended on 9/31 (0.14%), fyroah law, TAS pearl to t97 to go 104"
3/29/2026 17:17:05,Full Shipwreck,Lava Pool,Bastion,00:18:48,00:05:23,00:06:43,00:10:51,00:13:01,00:13:47,00:14:52,00:16:20,00:18:03,8,0,9,0,0,8.07107E+18,Bridge,Half Bow,0,3,9189,FALSE,"Treeless island, fully loaded bad boat chest, chestplate in tp, tnting trees exposed cave but nothing fell in, enf iron in 2nd ship, bt too far to bother, went down ocean cave, y28 lavapool, tnt pigface, cs but single, b2b 15 obby after trading everything, extra gb for garrots, home portal pearl hang, 16 to fort, educated travel, 150 off, mineshaft ruined nav, whiffed pearl for zero and almost died, perch soon"
3/29/2026 16:57:19,Full Shipwreck,Lava Pool,Bastion,00:24:49,00:02:58,00:04:05,00:08:33,00:11:03,00:13:08,00:13:25,00:13:48,00:21:01,8,1,14,0,0,5.24193E+18,Bridge,Other,1,3,9188,FALSE,"Lavapool at spawn, ship visible but burried chopped, mined out a few blocks to retrieve all loot, 3 min enter, hallucinated fort, cs, most pigs wandered away into ssv to hunt down hog, set it on fire before it doid, let pigs celebrate before breaking gold block and bringing them over to trade, ghast blew up chest with obby in it, left with 15 only, pearl hang to home portal on route to fort, 0.8 ch taking close to 150 150, dug through mountain side into sh, back 90 USS, dragon flew, unable to place block under on automatt half bow and died to breath, made no sense even on vod review, easy travel back, double creeper blast damage cancelled, trapdoor to crawl through to sh, took time to perch"
3/29/2026 16:30:30,Full Shipwreck,Lava Pool,Bastion,01:43:49,00:06:22,00:08:35,00:15:07,00:17:09,00:18:25,00:20:03,00:22:16,00:23:49,8,1,10,0,0,4.80349E+18,Treasure,Half Bow,0,1,9187,FALSE,"Some wheat from ruins, good ship 3.5 min in, digdown enter, basalt night vision flashbang, side terrain on top trevor making it hard to get down, lava in the hole, left side pivot, 4 pig route, barely survived falling in the same lava when plumbing, no pearls so had to go bottom, 30 chunk fort, 1.9 ch, b2b crazy shallow 3rd ring, was getting late on casting rowl's bastion tourney so ended stream, came back 1.5 hrs later, horrible nav, dragon flew on back 90 SS, quick perch"
3/29/2026 14:45:47,Full Shipwreck,Lava Pool,Bastion,00:24:05,00:02:49,00:04:49,00:14:28,00:16:19,00:19:17,00:20:10,00:22:24,00:23:19,9,1,16,0,0,-8.13698E+18,Treasure,Zero Cycle,0,1,9186,FALSE,"Structure galore - temple, ship, village, enf iron in ship, well-worth mining out food chest, lavapool in desert, poundy portalled in stupid way, still sub 3 enter, 5th seed in a row visiting trevor, ziglin on route, garrots, pants in bottom, 28 chunk spawner didnt seem real but praying for something with 300+ e counter, went through endless basalt wall, ancient debris too, out of iron for new pick, fortunately real fort, 0.7 ch not in ring so going further, accidentally placed obby after hunger reset with no spare and portalled out early, luckily ocean travel and ocean exposed, spike due to dungeon, dug into pr, creeper jumpscare, back 94"
3/29/2026 14:20:58,Buried Treasure w/ tnt,Magma Ravine,Bastion,00:36:27,00:05:20,00:07:37,00:13:58,00:16:03,00:19:36,00:21:15,00:22:15,00:31:40,11,5,22,0,0,5.44497E+18,Treasure,Other,1,1,9185,FALSE,"Ship kinda buried on coast, mined out mao chest, loads of iron, dove into cave with magma, knocked off trevor bridge, landed on side terrain, got like no soul sand trades, passed by home portal on the way to basalt fort, 0.5 ch, snail pace blaze spawns with bad rates, back 94 SS, early 1st bed, dragon broke lower bed too, got launched and failed boat clutch, made it to 2nd portal soon, chose to mine to sh coords instead of digging up and down mountain, dragon perched while grabbing loot pile, perched on ground too
 "
3/29/2026 13:38:15,Structureless,Lava Pool,Bastion,00:54:27,00:07:30,00:09:38,00:22:48,00:25:28,00:28:18,00:29:51,00:30:24,00:47:59,8,1,22,0,1,1.05562E+18,Stables/Treasure/Treasure,Other,1,2,9184,FALSE,"Spawned with donkey pack, village in sight, dipped to cave after golem, trolled by everything, barely 4 ore after searching for ages, hit more on digdown for lava, phased out and mined to bedrock, poundy portalled, gap route, epic obby chest to leave, mid-run grandpaway call, spawner turned diagonal and trevor, hard pivotted to new quadrant, treasured again in wall, f3 f wall hacks, traded out this one, pigs engaging in friendly fire, new pie leading to 1st treasure, suddenly new spawner while leaving, also felt trevory but went diagonal, housing to explain eray, fort 1k out in nether, blind in horrible flooded enclosed cave, educated to 4th ring, pick on life support with no extra mats, sent ocean travel instead of 3rd portal, full 0.6 icepies, front 92 1/8, mishotkeyed and pearled into dragon, mental shattered, grabbed basic supplies, spider invading through window, found og trevor, good for soul speed, ran by hauss near fort, scary fall, free blocks in tunnel to 2nd portal, back in end ~15 min later, insta perched, didnt react in time to setup, beds did negative damage on diag perch "
3/29/2026 12:42:35,Full Shipwreck,Magma Ravine,Bastion,00:18:57,00:05:32,00:06:49,00:11:58,00:14:05,00:15:12,00:15:14,00:17:31,00:18:20,8,0,13,0,0,-3.53358E+18,Treasure,Zero Cycle,0,1,9183,FALSE,"Rolling ocean ow after ocean ow, pretty pathetic, bad boat, wheat nation and map in ruins, more gold than iron in bt but enf, magma ravine enter, saw pig take the drop off trevor, mined bottom first, ripped 3 diamonds, jumped into trade hole like a piglin, tas terrain nav to fort, icepie on 0.9 ch, shattered by caves, hit the bats challenge, chopped nav, front 95 almost 2+2 for redemption on cage tower"
3/29/2026 12:22:01,Full Shipwreck,Magma Ravine,Bastion,00:21:59,00:05:21,00:06:49,00:12:44,00:14:28,00:16:59,00:19:05,00:19:42,00:21:01,8,1,18,0,0,1.56151E+18,Treasure,Ground Zero,0,2,9182,FALSE,"Treeless island spawn, loads of iron but garbage food in 2 ships, close bt to get over anvil line, 2 gb rp, ghost bucketed on 2x1, basalt trevor, top looked fine, went to break spawner, grueling basalt wall to fort, feinberg ssv strays, big fellas squished in tiny spot, placed obby dueing blaze bed, was done mostly by then, 1.4k blind, anti-doc altar, diabolical overhang, no chance of back t88, ground pivot, absurd last bed damage"
3/29/2026 11:59:25,Village,Magma Ravine,Bastion,00:21:59,00:04:34,00:06:35,00:12:11,00:14:53,00:16:09,00:17:39,00:18:31,00:21:18,8,0,15,0,0,8.29688E+18,Housing,Full Bow,0,0,9181,FALSE,"Plains village spawn, golem spawn killed by tree, pivotted to ocean for enter, brain moment trying to fix 2x1, fell for lava trap under nether floor, good save, td hauss, hosed on obby trades, pearl hang to home portal, chopped finding fort in walled ravine, spawner cranked, home portal hiding behind lava curtain, educated back to housing, looted ship for bread, spikeless nav, pushed for redemption front 99, trolled zero and bailed, 2 perchable "
3/29/2026 11:31:49,Full Shipwreck,Lava Pool,Bastion,00:16:51,00:04:21,00:06:20,00:09:05,00:11:49,00:13:15,00:14:04,00:14:28,00:16:24,8,0,18,0,0,-4.83978E+18,Stables,Full Bow,0,1,9180,FALSE," Sent ocean, mid ship but close bt, lavappool on map too, fort near spawn, HUGE piglin convention outside, stables pretty close across lava sea, baby hog in the way of blocks, mtg, not enf obby, sending home portal, 9xx fort, TAS rates, 1.0 ch coz home portal soo far out, wormhole nav, front 99, last anchor did 0 damage, full bow 1 perch, got smacked waiting in fountain, 1 min timeloss"
3/29/2026 11:13:54,Ruined portal,Obsidian,Bastion,00:17:51,00:02:00,00:02:18,00:10:12,00:12:12,00:13:30,00:13:30,00:14:37,00:17:20,9,1,13,0,0,3.0692E+17,Bridge/Stables,Half Bow,0,0,9179,FALSE,"Ranked RP ow with insane 7 obby (1 in 1470), entered sub 2 off it pickless, insta brijj, no iron luck, stray ingots traded few pearls to travel to nearby stables, ripped iron in 2nd chest, buried with no triple so headed back to brijj, ghast interrupting dk with sooooo many pigs, rolled on 16 pearls before backups, 10 min fort in the face but didnt see, staring contest with blaze, W strays but no drops, 1.4 ch, very far 1st ring, icepie, strongshaft bat city, weird high end island, cranked back 88 1/8 from cage spawn, dragon flew on 92, very low perch"
3/29/2026 10:55:29,Full Shipwreck,Magma Ravine,Bastion,00:22:19,00:06:43,00:07:34,00:13:46,00:15:40,00:17:54,00:19:24,00:19:46,00:21:29,8,0,21,0,0,-4.46218E+17,Bridge,Half Bow,0,1,9178,FALSE,"Spawn fairly close to monument, olympic swim to shipwreck, going bt for food, looted another ship with poor food, ravine near 2 gb rp, very mid bt, sand to tnt for blocks in nether, identified brijj single, cs, 18 to ssv fort, 0.6 ch, didnt see sh starter exposed in ravine, didnt know offset for t88 and backed out, forgot ground, quick perch"
3/29/2026 10:32:01,Buried Treasure w/ tnt,Lava Pool,Bastion,00:18:16,00:03:47,00:05:54,00:11:38,00:13:42,00:14:14,00:14:56,00:15:19,00:16:07,8,1,14,0,0,-9.10079E+18,Housing/Treasure,Zero Cycle,0,0,9177,FALSE,"Enjoyed casting BlockWars the day before, ripped 20 iron mapless bt (1.13%), beautiful tnt spot, fake kelp but lavapool under ravine, mid 2 enter, nothing close, lost spawner going to bastion, x-rayed housing, 3 gb double chest, spawner likely trevor, dipped to og one near spawn, 10 fort, 0.7 ch, skeleton didnt let hunger reset properly, eye went down, extra bed from sheep, front top 104 with some scuff"
3/27/2026 20:32:57,Buried Treasure,Magma Ravine,Bastion,00:24:36,00:06:13,00:08:01,00:13:05,00:14:41,00:18:05,00:19:15,00:19:37,00:20:26,7,0,11,0,0,4.16663E+18,Treasure,Zero Cycle,0,3,9176,FALSE,"Jungle spawn near ocean, used magic wand to spawn in good ship, close bt got iron total to 36, sadly no golem or anvil but double shears instead, saw dolphin despawn right in front of eyes, magma ravine enter, goldfish memory for pre-heating oven, mined bottom trevor first, middle armor pieces, piglin almost swooped in on skyattack, pearl trades very slow, left with 42 iron, hog hunt on the way to fort, went crazy on pearl throws and down to 15, 0.3 ch in 2nd ring, found flat terrain line, re-axised basically next to sh, wrong digdown but landed in sh, insta heard silverfish, front 95 offset"
3/27/2026 20:00:57,Structureless,Magma Ravine,Bastion,00:31:03,00:07:42,00:10:43,00:20:04,00:21:42,00:23:58,00:24:41,00:25:39,00:28:54,10,1,17,0,0,5.09435E+18,Stables/Treasure,Half Bow,0,2,9175,FALSE,"Didn't commit to pathetic looking ocean, caves not great either, first iron over 3 min in, animal farm, lavacave enter, endured horrible basalt wall partially with stone pick, good gap stables, none of the pigs got the memo, trade hole in floor coz didnt block off staircase, one idiot pig stuck in random hole outside gap, everything went into fire res and only 12 pearls, monster eray on spawner anyways so went to trevor, played bottom, fort 28 away, subspace 0.6 ch, ocean exposed pr, dragon flew on back 95 USS, took ages to perch
EverettM_: Okay we need a 16:05 for sub 20 avg lol"
3/27/2026 19:29:02,Full Shipwreck,Magma Ravine,Bastion,00:18:35,00:05:36,00:07:08,00:09:44,00:10:54,00:13:13,00:14:33,00:14:54,00:17:08,8,0,13,0,0,6.77518E+18,Treasure,Half Bow,0,2,9174,FALSE,"Called ocean spawn from loading screen, TAS shipwreck, 2 diamonds in ravine, dug 1 block under and uncovered another 3 vein, brain doid thinking how to make underwater magma work, pivotted to wall portal, saw fort with trevor close in a wall, not much gold but trades lockedin, sub 9 fort, 0.6 ch very shallow 1st ring so went further, 1850 dist, odd height wall to identify pr, stuck on pearl clip, pearl way too low to force zero"
3/27/2026 18:28:07,Village,Lava Pool,Bastion,00:24:32,00:07:07,00:07:53,00:15:20,00:16:46,00:19:27,00:21:12,00:21:48,00:23:38,8,0,14,0,1,6.09766E+18,Stables/Housing,Half Bow,0,0,9173,FALSE,"Snowy forest spawn, lavapool spotted, went to village, worst chests ever, grabbed gravel to kill pent cows, pre-dug water hole, dipped to ravine, forgot abt og lavapool and dug into lavacave, 3 diamonds but trolled mining last one directly under lava, DBNT stables, stayed less than 1 min before pivotting to new eray,"
3/27/2026 17:58:54,Full Shipwreck,Magma Ravine,Bastion,00:22:23,00:09:11,00:11:37,00:13:41,00:15:26,00:17:10,00:17:41,00:17:59,00:19:23,8,0,16,0,0,-5.12355E+18,Housing,Half Bow,0,1,9172,FALSE,"Fns in rp, wonderful ship loot, used all bt gold to make garrots, snow village next door, couriChatter got a Mets themed Queen's Library card made by Mr. Couriway himself when he worked for The Mets, wholesome LOVETHEMETS moment, W merch, even pulled up old work stored in drive on stream, dug into mob nation ravine, obv fake magma spot ahead, wall portal, b-lined to not fully clear eray, td hauss, confused abt snow later, was due to silk touch shovel from rp earlier in run, 25 to fort, 0.7 straight line, lost boat to trident guy, ocean exposed sh, TAS nav, failed speedbridge for 1/8, the most insane perch snap but even more crazy pearl in to save"
3/27/2026 17:35:07,Full Shipwreck,Lava Pool,Bastion,00:19:06,00:03:52,00:05:23,00:11:56,00:12:43,00:15:12,00:15:13,00:15:45,00:18:19,7,0,15,0,0,-5.06182E+18,Stables,Full Bow,0,0,9171,FALSE,"Full ship, great loot but map chest fully buried under ocean floor, only 2 sus stew and small dot in half boat, forced low food digdown, 5 diamonds, divorced double triple, beautiful warped night vision, no good gap to solve fire res crisis, chests helped with obby, extra gold helped get some fres, killed hogs on the way to fort, mined past debris, 1.0 ch, icepie again, weird roof, didnt push back zero, ground pivot, trolled in trying to be fancy and dragon flew before last anchor, full bowed, no damage from anchor but still 1 perch kill"
3/27/2026 17:14:48,Full Shipwreck,Lava Pool,Bastion,00:20:55,00:06:13,00:07:19,00:13:04,00:14:44,00:15:53,00:15:53,00:19:31,00:20:23,7,0,10,0,0,-7.24414E+18,Bridge,Zero Cycle,0,0,9170,FALSE,"Slowly turning unc physically, went ocean through swamp, epic food in half ship, loads of iron in close bt, garrots and fa sword in rp just in case food wasnt enf, ocean ravine digdown enter, TAS skeleton positioned outside brijj, cs, unlucky with 19 obby and got backups, forced better terrain but lost 50-50 for fort, 1.4 ch into library icepie, horrible one-way sh, full cleared multiple wrong paths, nav killed pred, cranked top 104 w/o arrows"
3/27/2026 16:52:37,Full Shipwreck,Lava Pool,Bastion,00:20:24,00:06:51,00:09:37,00:12:57,00:14:21,00:16:07,00:17:00,00:18:27,00:19:20,8,2,16,0,0,-7.03085E+18,Housing,Zero Cycle,1,1,9169,FALSE,"Ship more inside land than outside, treasure chest with 7 iron still easily accessible, killed animals, dug into cave with an insane number of creepers and got cannon killed, barely survived on return, no shot of checking out dungeon, avg y6 lavapool into y103 basalt spawn, long way to buried td hauss, got no iron trades, 27 to fort, 0.7 ch, heard silverfish, mined into pr, far end island from spawn, back 94, green death run"
3/27/2026 16:31:15,Structureless,Lava Pool,Bastion,00:19:29,00:06:10,00:07:08,00:11:43,00:13:24,00:14:33,00:15:24,00:15:46,00:18:52,8,0,14,2,0,1.31799E+18,Bridge,Half Bow,0,0,9168,FALSE,"Dipped to cave seeing free iron, dugdown for lava, accidentally flooded with nearby stray water from cave, mined 1 block sideways to reveal new pool, netherrack sticking out so checked out rare underground buried rp first, no good loot, cs but single, pearl hang to fort waiting for extra trades, 900 blind dist, pearled into crystal and insta bailed, dragon took its sweet time to perch"
3/27/2026 16:11:05,Village,Lava Pool,Bastion,00:19:12,00:03:41,00:05:34,00:11:03,00:13:20,00:15:34,00:17:30,00:17:49,00:18:35,8,0,17,0,1,3.16161E+18,Treasure,Zero Cycle,0,0,9167,FALSE,"DT + RP + Acacia village all very close to spawn, 11 garrots + gap, 4 irorn DT, blew up house for wood, spotted lavapool on a hill after climbing a different one, sub 4 enter, far trevor, pigs cranked obby, forced quadrants, spent a while loading new spawner, extra regional fort, fourk tnt, jungle coast blind, 0.4 ch, still 500 off, 2561 block straight line = 0.361 ch, front 99"
3/27/2026 15:22:03,Half Shipwreck,Lava Pool,Bastion,00:18:38,00:06:31,00:08:59,00:12:36,00:14:07,00:15:46,00:15:50,00:16:27,00:17:16,7,0,21,0,0,6.59237E+18,Stables,Zero Cycle,0,0,9166,FALSE,"Regretted postponing lunch with jungle spawn, first try apple, spotted ocean in the dist, called buried ship as amethyst geode, mined ut treasure chest only, farmed animals, ocean cave into lava ravine, saw fort on the way to bastion, played divorced double triple as 2 single triples, not the best trades but enf, back to spawn fort, 470 block blind, icepie intto mineshaft starter lol, pushed top 104 setup"
3/27/2026 15:02:07,Misc,Lava Pool,Bastion,00:26:00,00:08:05,00:08:55,00:19:02,00:22:11,00:23:45,00:23:46,00:24:15,00:25:09,8,0,17,0,0,2.28681E+18,Housing/Treasure/Treasure,Zero Cycle,0,1,9165,FALSE,"Bell to spruce village, largefern, 3 emeralds to trade bread, wood pick to break cauldrons for stoopid villager, dipped to ocean, ruins for map, close bt with all the iron and 7 tnt (0.31% or 1 in 313), dove into cave to digdown, mined into weirdly flooded lavapool, wall portal 8 min enter with full cluttered inv,"
3/27/2026 14:35:05,Half Shipwreck,Magma Ravine,Bastion,00:22:39,00:05:01,00:07:13,00:15:49,00:17:36,00:20:43,00:20:43,00:21:12,00:22:01,7,0,26,0,0,6.73263E+18,Housing,Zero Cycle,0,2,9164,FALSE,"9 iron ship, neighbour rp solved all food issues with 12 garrots and a gap, bubbles under ocean ravine, fake except for wall portal, buried hauss, lost spawner on the way, -3 distraction garrots to losing pickup priority, traded backups to 19 obby but no extra pearls, ripped final one with stray outer gold, walked 24 chunks to fort, 2k blind, horrible 8/27 rates, coords near another fort, shocker icepie, ocean exposed pr, back 95 almost 2+2"
3/27/2026 14:10:55,Village,Lava Pool,Bastion,00:25:16,00:08:37,00:12:05,00:16:36,00:19:05,00:20:38,00:21:12,00:22:34,00:23:28,7,1,17,0,2,1.68014E+18,Bridge/Treasure,Zero Cycle,0,1,9163,FALSE,"Acacia village spawn on sub 17 pred, desert village next stop instead of cod strats, ocean no good, dugdown into mineshaft, creeper cannon, 3 big diamond veins, fak elava bait, more diamonds in lava ravine, basalt rp with helmet, skipped gb, garbage terrain to brijj, dk, boxed ziglin on staircase, treasured, ub upgrade to sword, 14 chunk fort, subspace blind, 1.0 ch, hot tourst on coords, surfaced 1 chunk off sh on a coast, not even ocean exposed, strongshaft, back 95"
3/27/2026 13:44:46,Buried Treasure,Magma Ravine,Bastion,00:22:15,00:03:03,00:03:21,00:15:39,00:18:11,00:19:40,00:19:40,00:20:10,00:21:03,8,1,12,0,0,7.20377E+18,Treasure,Zero Cycle,1,4,9162,FALSE,"5th ever sub 16 pred, 3rd one in the last ~100 runs, sorta gave up with forest spawn, ocean lit a spark, ripped 13 iron 2 dia mapless bt, long swim to ravine, 3 min enter, spawned right beside trevor, pig yoinked bridge gb, got knocked into lava moat, self lava'd going for hog, lived on 2 hearts, crimson tree blocked staircase, pushed for pace routing on low health and killed by stupid pigs on route, returned with few blocks, iron from earlier to make new pick, very few pigs to trade, one shot hog, misfired fres, cope for only 12 pearls and going bottom, techshroom, took ages to get last pearl extra pearl trade, fort through wall, half heart clutch on falling in lava without fire res on, 1.4 full diag ch into icepie, back 95, probably sub 16 if not for pigs being stupid"
3/27/2026 13:21:13,Village,Lava Pool,Bastion,00:18:02,00:04:09,00:05:38,00:10:13,00:12:09,00:13:28,00:13:28,00:14:48,00:16:42,7,0,19,0,1,8.1674E+18,Treasure,Half Bow,0,2,9161,FALSE,"Sub 17 pred, Poundy world name, cranking village spawns, lavapool as well, 3:30 enter, double ghast attack, bestie trevor showing up to cheer, big erays everywhere so went to break spawner, dia chestplate, good reflex helped live on half heart after bad pearl, gapple in rp outside sub 10 fort, ripped 2.0 full diag ch, misplaced but enf obby to build off, 5-way-ception, didnt force back small boi zero, perch for sub 17 for the believers"
3/27/2026 12:58:09,Village,Lava Pool,Bastion,00:17:49,00:04:18,00:05:36,00:10:31,00:12:51,00:14:09,00:15:12,00:16:21,00:17:06,8,0,24,0,1,-2.94453E+18,Housing,Zero Cycle,0,2,9160,FALSE,"DT right outside plains village, 2 iron 2 gapples, tnt'd house and hay stack, traded dt emeralds for bucket, cave digdown into lava ravine, o7 boat in lava, buried hauss, td, 28 to spawner, huge eray but pushed, dug out of wall right next to home portal, sub 10 ssv fort, scuffed fourk tnt, knocked off spawner by last one, educated travel, punched blaze far away, axised 2.2, 3rd portal icepie, 3 pick altar chest, hidden nation, cranked back 97 1/8"
3/27/2026 12:36:32,Structureless,Lava Pool,Bastion,00:19:33,00:06:05,00:07:08,00:13:26,00:15:07,00:17:02,00:17:41,00:18:10,00:18:55,7,0,17,0,1,-6.50739E+18,Housing,Zero Cycle,0,0,9159,FALSE,"Village spawn, knocked off pillar by golem, took shelter in house, iron chose not to land in cactus, rare OVERWORLD FOSSIL in cave, lived mob attack on 0.5 heart, 1 diamond, poundy portalled, walked back and forth between lava hole and portal, basalt housing, all pigs turned angy on ghast, hard to distinguish outer chest sections due to basalt, had to get all backups to cross 20 obby, 23 to fort, 0.7 ch, landed in basalt lava without fire res, clutched on 1.5 hearts, botched easy nav, front 99"
3/27/2026 12:14:56,Structureless,Lava Pool,Bastion,00:21:28,00:11:15,00:13:36,00:16:26,00:17:49,00:19:37,00:19:38,00:13:00,00:13:48,7,0,13,0,0,-7.94761E+18,Bridge,Zero Cycle,0,3,9158,FALSE,"Structureless ow, creeper crept up behind while smelting iron, niceRTA to check imp stuff, avg y13 lavapool jumpscare, almost jumped off into lava. dk, fort visible from rampart, very low string, sub10fort, pearled to sheep far away on blind, sub 500 blind, lived drop from basalt pillar on 2 hearts, side entry into pr, nailed 99 zero with 2 beds and anchors"
3/27/2026 11:51:08,Village,Lava Pool,Bastion,00:21:45,00:03:47,00:06:27,00:11:15,00:13:27,00:16:38,00:17:07,00:19:17,00:20:58,8,0,26,0,1,2.11835E+18,Housing,Half Bow,0,1,9157,FALSE," Insta plains village, smoothest cod strats, weird pumpkin on desert edge, scouted cave, ran through creeper line, digdown spot marked at the end, lavapool right under, sub 4 enter, manhunt, mongey chests forced into getting backups for obby, 14 to fort, spawner plumbed, 900 block blind, didnt switch to easy mode since bastion until in sh, dumb nav, dragon U-turned right after 1st bed on zero, forgot ground, quick perch"
3/27/2026 11:27:37,Half Shipwreck,Magma Ravine,Bastion,00:24:32,00:07:38,00:08:50,00:17:45,00:19:04,00:22:06,00:22:07,00:22:34,00:23:35,7,0,12,0,0,2.77864E+18,Treasure,Zero Cycle,0,1,9156,FALSE,"Sailed into ocean, fns and 3 iron rp, good ship 3.5 min in, ran into snow village and dipped on bt, ripped emeralds in chest, great blacksmith loot, villagers being mean for bread trade, digdown into ravine, heard bubbles, basalt treasure, huge pillars on main bridge and lava moat, 3 pig route, created mob farm going bottom on 2 rd, rooftop looked menacing especially with warped near, waited eons just for 17 pearls, called mining into fort in basalt, 0.6 ch, mega tall warped tree, icepie, back 90"
3/27/2026 10:59:03,Structureless,Lava Pool,Bastion,00:20:49,00:06:04,00:06:52,00:13:06,00:14:35,00:16:55,00:17:50,00:18:30,00:19:25,8,0,15,0,1,-9.02305E+18,Housing/Treasure,Perch,0,0,9155,FALSE,"Tracker didnt work for prev run Shocker, Pieray to plains village, caved after golem, digdown to enter, lava housing, well routed, 23 chunk spawner didnt look great upfront, forced diagonal path, dug through huge wall, diagonal play didnt pan out, pivotted different direction altogether, fort soon, 0.7 ch, weird nav, almost fell off small boi, dragon flew on 99 and absurd insta perched again"
3/26/2026 18:33:59,Structureless,Magma Ravine,Bastion,16:52:05,00:05:48,00:06:22,00:12:57,00:14:20,,00:19:14,00:32:59,00:34:02,8,2,13,1,1,-4.839E+18,Stables,Half Bow,1,0,9154,FALSE,"On a time crunch for meeting, Bell to plains village, lavapool hanging rp with gapple, gold hoe completely useless due to no hay, dipped to ravine for iron and animals for food, babymode portal due to not knowing completion tech, close double triple stables, nothing good in chests, ripped outer gold to get 20 obby, basalt fort, 0.6 ch, blaze tagging along to support build up, great spike but mineshaft ruined all joy, out of sprint on horrible nav, hunger reset with firecharge, creeper appeared out of nowhere and blew up, looked up to see no bed and died in sh, reviewed clip and couldnt see any sign of creeper, only bed and no blocks got blown up, stupidest death, late for meeting so ended stream, SEGMENTED RUN 4 | | | | | | Day 2/2 of run 9,154, RTA over 16.5 hrs, twitchcon schedule announced, part of panel talking abt competitive mc, no 10K news...yet, grabbed tools and food to return, thought random tunnel wad pre-dug but terminated shortly, immediately attacked by mob nation on sh re-enter, down to 1 heart, somehow found pr before items, luckily they didnt despawn before finding, dragon flew on 99, insane insta perch"
3/26/2026 17:34:07,Village,Lava Pool,Bastion,00:23:40,00:05:21,00:09:53,00:13:33,00:15:07,00:17:31,00:19:12,00:19:58,00:22:46,7,1,16,0,1,3.95199E+18,Housing,Half Bow,0,1,9153,FALSE,"Close furncace, spider jockey spawned under 1 min into run in dark oak, hard time finding village, lavapool near it, 5 iron breadmsith, golem playing hide n seek, chose to make shears instead of fns for lack of gravel, woodlight enter, really far eray, lunged without boat in hand but barely made it across, hoglin almost hole-in-oned through tree into ravine of doom, boat suddenly tp'd way lower, was in free fall for a second till catching up with boat, pig congress stationed outside housing, td, fort in 14, 0.7 ch. caved at y81, y105 sh digdown, absurd nav, back zero not happening on cage, gross fake snap"
3/26/2026 17:08:49,Structureless,Lava Pool,Bastion,00:21:17,00:07:37,00:09:08,00:12:52,00:13:15,00:15:57,00:16:16,00:18:46,00:19:37,12,1,22,0,0,-8.48018E+18,Bridge,Zero Cycle,0,0,9152,FALSE,"Went caving, mined into big iron vein going for skeleton sounds, killed loads of pigs, 3 diamonds on digdown, confusing eray, pig fell from way high up on easy, cs, b2b runs spawner under 6 chunks, pearl hung based on quadrants, catWait for 18 obby, heard blaze crackles while running around, 1.1 ch, pummeling blaze, ocean exposed sh, interrupted 5 creeper congregation in 5-way hall, witch poison, fyroah law, front 99"
3/26/2026 16:46:32,Structureless,Lava Pool,Bastion,00:44:15,00:12:35,00:22:27,00:25:36,00:27:28,00:30:25,00:31:32,00:32:03,00:42:56,8,2,11,0,1,-6.66019E+17,Stables,Other,2,0,9151,FALSE,"Giant monstrous ocean but emptier than empty space in structure density, saw an enter 3.5 min in, over 2k blocks out and 6 min swimming but nothing to show for, dipped to land for cave and animals, dugdown on swamp edge hoping to hit sh, unlucky, mined 130 blocks to lava, sub 13 enter, probably furthest out radially for an enter, ""mega dont die seed"" then dies to absurd boat velocity bug, went to ocean in other direction of spawn, instantly saw a chestless RP and ship with 3 iron, swam to desert blacksmith, 6 obby and armor, golem stuck in house while zombies invaded, ran around desert looking for lavapool, 2nd enter sub 21 within ring again, portals somehow linked despite being 1,422 blocks apart (796 x-offset, 1,196 z-offset), in contention of least fav seed ever, ttg, spawner under 6 chunks away, went out to see fort highway merge into rampart, caved under ocean, 1.0 ch, creeper greet on sh enter, shattered by cave, hard whiffed pearl for back zero, built up too late for automatt halfbow and died to dragon's breath, ran back 1.4k blocks to desert lavapool, going down memory lane again, better to dig through wall to sh from 2nd portal, quick e-w perch. Sh was ONLY 263 blocks from 1st home portal on the other side of swamp"
3/26/2026 16:00:41,Structureless,Lava Pool,Bastion,00:22:56,00:05:44,00:10:00,00:15:08,00:15:06,00:17:09,00:17:41,00:18:18,00:19:51,8,0,12,0,0,2.67822E+18,Bridge,Ground Zero,0,1,9150,FALSE,"Savanna with lavapool, water puddle entrance to cave, only 4 iron, setup woodlight portal, lava'd animals, iron pickless enter, W comms for hard mode toggle, brijj across lava, went straight to pigface then brain turned on, obtained iron from chest, dk, fort 23 away, quick rates, 0.7 ch, surfaced on sh chunk, echolocated pr, pushed front 99 but dragon flew bruhhh, ground pivot, flew again but still sub 20"
3/26/2026 15:37:09,Full Shipwreck,Lava Pool,Bastion,00:20:10,00:03:56,00:07:08,00:14:05,00:14:08,00:15:34,00:16:24,00:17:00,00:17:48,8,1,13,0,0,-1.55038E+18,Treasure,Zero Cycle,0,1,9149,FALSE,"Saw lavapool in desert, tempting ravine but preferred ocean, 8 iron 10 gold, crafted all garrots, poison stew, 4 min enter, close trevor, bottom gold for extra pearl trades, diamonds to craft sword, 22 chunk basalt fort, 0.6 ch, hot tourist, saw another treasure, lived 4 4 drop on 1 heart, back 99"
3/26/2026 15:16:00,Village,Magma Ravine,Bastion,00:22:55,00:06:38,00:07:26,00:13:14,00:15:15,00:18:01,00:19:54,00:21:00,00:21:48,7,0,20,0,1,5.27763E+18,Treasure,Zero Cycle,0,2,9148,FALSE,"Lavapool RP, chest chock-full of flint, DT and village in the dist, 2 iron + golem dropped 4, 7 emeralds but no wood to make barrel for cod strats, tnt'd more iron in cave, tnt cannon tree, weird contraption to finish rp, trevor right next to spawn, gb fell off bridge, pigs attacking at every moment's notice, bottom distraction gold slipped off block on its own, combo attack by bigfella and pigs, 0.6 full diag, taking from barely outside 1st ring to 2nd ring, caved under mountain, mineshaft ravinehold, weird fyroah's law, top 104 setup"
3/26/2026 14:25:21,Full Shipwreck,Lava Pool,Bastion,00:25:26,00:09:58,00:13:49,00:16:14,00:18:36,00:21:44,00:23:07,00:23:46,00:24:39,9,1,18,0,0,-4.88229E+18,Housing,Zero Cycle,0,3,9147,FALSE,"Dungeon spike on mapless, ship for map, slammed into pufferfish, bt way further than expected, 5 iron only, tall mushroom island, swam really far to get 2nd ship, monument and island close enf to go for gb, mined 6 before getting donged, didnt pickup any for some reason, milked cow then dugdown, poundy portalled, 10 min enter, difficult to nail down direction of small eray on 32, ran by fort, buried hauss, fort wall overlap on the staircase for td, unique intersecting fastion, blazes not cooperating, 0.5 ch to 2nd ring, bad terrain, 2.4k blind dist, pr past wall, back 95, scuffed coz bed didnt want to be placed"
3/26/2026 13:57:25,Buried Treasure,Lava Pool,Bastion,00:17:50,00:04:17,00:05:18,00:10:08,00:12:22,00:14:01,00:14:42,00:15:01,00:17:05,8,0,13,0,0,-6.43593E+18,Treasure,Half Bow,0,1,9146,FALSE," 11 iron mapless bt, 2 tree island far away, digdown from ocean ravine, sub 5 enter, good job seeing fort on wide from treasure, threw out bucket in panic during route, pretty empty ramparts and no chest obby, so many late pigs, had to go bottom, dia helmet, pearl almost landed on ziglin, farmed rooftop hogs, joined their space program, 10 fort, 1.7k blind, navking, flew on back 95, perch just too late fro sub 17"
3/26/2026 13:38:20,Full Shipwreck,Lava Pool,Bastion,00:30:26,00:06:11,00:09:20,00:17:46,00:20:50,00:22:39,00:24:46,00:25:41,00:27:01,7,1,20,0,0,-7.13497E+18,Bridge,Perch,1,1,9145,FALSE,"Horribly land buried shipwreck, treasure chest was exposed with enf iron, tnt after mining out supply one, cave went down to lava, baby 2x3 one next to huge lavapool, far double triple brijj, almost died on cs, piglin yoinked gb, killed it over lava but magnet pulled the gb, got shot off same moment, only placed boat but couldnt get in it, killed sheep before re-enter, grabbed shroms on the way back, boat stuck on boat, mostly everything survived, not fully sure abt 27 chunk spawner, fortunately real, 1.0 perfectly full diag ch, caved at y15, eye throw led nowhere so dugup, no arrows and 4 explosives, kinda bad damage, dragon just flying away when killed"
3/26/2026 13:06:28,Structureless,Lava Pool,Bastion,00:19:08,00:05:08,00:07:39,00:11:10,00:13:29,00:14:40,00:16:15,00:17:04,00:17:55,10,1,19,4,0,-8.48143E+18,Housing,Zero Cycle,0,2,9144,FALSE,"Opened canal into ravine, killed cows, digdown for lava, leaf insta light, sub 5 enter, misjudged housing from afar as stables, pulled off an insane 25 obby double chest (0.0230% or 1 in 4354), even more insane - 35 obby from 3 chests before starting td(0.0028% or 1 in 35,689), personal record, ds boots in rp going to fort, hill blocked eye view, 0.8 ch with 3/3 breaks, out of fire res and had to play a little with shield, 250 off, front 99"
3/26/2026 12:37:39,Structureless,Lava Pool,Bastion,00:35:56,00:05:20,00:06:22,00:10:33,00:13:03,00:14:43,00:16:31,00:19:50,00:33:52,8,6,15,0,0,-7.04083E+18,Stables,Other,3,0,9143,FALSE,"Typical structureless ow, dug into mineshaft, bunk bed lavapools, fully misjudged hidden rampart as not being triple until closer look, brainfog moment thinking mid, almost died, pushed through to mid but then ziglin blocking the way, improvised trade hole next to it, great idea bad execution, brought up gap gold, 22 to fort, 0.8 ch, scuffed triangulation, y100 mountain digdown, turned away from skeletons, av ended up being way deeper that way, offhand placed bed on portal frame, TAS crank to top 104 offset setup, trolled cycle and dragon broke bed, placed anchor behind and killed dragon but died in the process, grabbed basic tools, got up to wipe sweaty palms, accidentally relogged and opened up realms, fell straight down digdown hole and died again, lost in mineshaft going to enter, low health, got sniped through portal by skeleton for 3rd death, insane snipe from ghast almost led to falling in lava, rushed to try and sub 30, discovered dragon was on full health, apparently relog bug occurs even when not in end dimension, 2nd EVER DOUBLE DRAGON FIGHT, full bowed, early flyaway RAGEY, a lot of perches and bowing to kill, retested the relog bug and confirmed its a thing"
3/26/2026 11:53:26,Village,Lava Pool,Bastion,00:26:20,00:07:46,00:08:52,00:16:02,00:13:37,00:14:50,00:18:05,00:18:57,00:21:38,8,0,11,0,1,-3.70806E+18,Housing,Half Bow,0,0,9142,FALSE,"Didnt show world loading screen so unverifiable, saw village past hill, baited by nothingburger rp, job guys difficult to find, dugdown for lava, wholesome email from The Pad Project abt the charity marathon couriL, didnt grab gravel but convenient insta woodlight on wrong setup, y111 spawn over giant lava abyss, went through cave till seeing hauss, boated down from far away, barely made it but piglin came chasing, hard pivot to lower ledge while watching pigs fall to their doom, piglin launcher on opening 2 block gap for td, 21 to fort, horrible educated over 850 blocks off, sh was closer to 1st portal, forced diagonal tower zero without pearls, almost made it to 90 from the ground up, wait for perch"
3/26/2026 11:21:29,Village,Lava Pool,Bastion,00:43:29,00:03:42,00:06:47,00:11:03,00:31:33,00:33:57,00:37:40,00:38:12,00:40:49,16,2,17,1,1,-1.48037E+17,Housing/Bridge,Half Bow,2,2,9141,TRUE,"RV 1.21.11 for $9k charity incentive, Mets Opening Day on 2nd monitor, insta village with lavapool spotted in forest, robbed richest house in town with 9 emeralds (0.06% or 1 in 1635), failed bucket mlg down hill, unheard of 3 min RV enter, brute in 12, fear in the eyes seeing spear piglin, pieray being dumb, piglin ambush entering hauss, td, fort only 9 chunks away but pigs trolled with 5 pearls, sharp 4 sword, sent a random direction after fort, crafted wood hoe alongside new iron pick, stumbled into brijj 750 blocks out, TAS lower bridge route worked very well, got knocked off cliff by brute and died on tree over lava, grabbed basic tools, fell for hole in the floor trap and died in lava, returned safely next attempt, rods survived on the very edge of terrain, way too much obby and only 12 pearls, blind in deep and narrow cave,not in ring and didnt want to lose eyes, missed diamonds, went to blind in 3rd ring and luckily surfaced, 0.4 ch, resurfaced, ice boating Weee, kinda nailed portal on 2527 blind, ez nav, cage spawn so no back zero, high y71 fountain, some time to perch, ungodly seed if trades hit"
3/25/2026 21:39:28,Structureless,Lava Pool,Bastion,00:21:34,00:07:59,00:10:11,00:15:24,00:18:31,00:19:44,00:19:45,00:19:50,00:20:47,7,0,16,0,0,-6.01829E+18,Treasure,Zero Cycle,0,2,9140,FALSE,"Last Run of Charity Marathon, Pierayed taiga village, only good for food and armor, backtracked to cave from earlier, saw another one but too high for iron to gen, digdown into lavacave with 5 diamonds, no blocks from bedding outside treasure, all the crying obby in the world ever, whiffed all bottom distraction gold throws, 22 diag warped fort, 2.2 ch, pr offset icepie, front 95 small boi, raised over $9,100 for The Pad Project"
3/25/2026 21:17:05,Structureless,Lava Pool,Bastion,00:22:37,00:05:56,00:06:35,00:14:08,00:15:50,00:18:09,00:20:09,00:20:31,00:22:10,8,1,11,0,1,-6.39618E+18,Stables,Half Bow,0,3,9139,FALSE,"16 chunk village seemed way closer, fell into cave and collected iron first, swamp x dark oak village, golem hit challenge : impossible, dug into lavapool, close buried stables, ttmtg with a bunch of pigs, express speed trades, insane amount of string, 30 chunk spawner not looking great with almost 500 e count, terrain opened up massively, basalt treasured, fort 15 away but tough to find, mined up straight into spawner, educated, nailed educated by 200 blocks, pick broke mid-digdown and no wood for c-table, had to surface, strongshaft but good nav, o58 cage, didnt see bars in inv, quick perch"
3/25/2026 20:53:30,Structureless,Lava Pool,Bastion,00:17:26,00:04:12,00:05:19,00:10:11,00:12:05,00:13:40,00:14:58,00:15:53,00:16:45,7,0,14,0,1,-3.11206E+18,Housing,Zero Cycle,0,2,9138,FALSE,"Lolcat language, Village and lava pool at spawn, 5 iron from golem, tons of bread from chest, shears for bunch of leaves, really weird lava pool generation sub 5 enter, stables with decent trades, minebert in wall to fort, .8 angle change, mines into mineshaft, hits stronghold, zeros"
3/25/2026 20:05:00,Structureless,Lava Pool,Bastion,00:22:28,00:08:20,00:10:02,00:12:49,00:15:22,00:16:32,00:17:35,00:18:06,00:20:46,9,0,19,0,0,5.27753E+18,Treasure,Full Bow,0,1,9137,FALSE,"Pirate-speak, no caves, set pigs cooking, river bolan hit, 9 source lavapool, 5 diamonds, same cave had huge lavapool, convo turned to movies and books Aware, saw ssv fort near treasure, leaving off top with like no string, pretty good blaze strays, lost a lot of boyf elo, 1.4 ch, surfaced 1 chunk off, holy mob nation stopping digdown, 3 anchor perch setup, 2nd one did no damage, quick 2nd perch to kill "
3/25/2026 19:38:18,Structureless,Lava Pool,Bastion,00:24:51,00:11:24,00:12:07,00:15:15,00:17:57,00:19:49,00:20:45,00:21:16,00:23:02,8,0,12,0,0,-6.48325E+18,Treasure,Half Bow,0,1,9136,FALSE,"Mats for light in rp, nothing good in sight so dipped to coastal village, dugdown from ocean ravine, pick broke and setup smelting station, so long underground that eerie noises were heard, hard baited by fake lava, eventually found a pool, sub 12 enter, saw fort on the way to treasure, most scuffed route to placing block in trade hole, pearl hang to fort while awaiting trades, mesa blind, 1350 dist, spawnerless dungeon closing road, back 94 SS, flew after 2 rotations, 0 bitrate one cycle"
3/25/2026 19:11:34,Desert Temple,Lava Pool,Bastion,00:20:30,00:04:38,00:07:12,00:11:12,00:13:56,00:16:12,00:17:53,00:18:13,00:19:30,8,0,12,0,0,2.1851E+18,Treasure,Ground Zero,0,0,9135,FALSE,"Heard lava pops running to DT, TAS parkour to get in, god apple + 1 iron, tnt mined rest in cave, sub 5 enter, farmed hoglins, pre-gapped on boomer, rolled on pearls, dia helmet, veru close warped fort, ziglin forced into using buttons for b;aze tnt, 0.6, unlucky mismeasure and 400 off, bad pearl and dipped on zero, 8 explosive ground"
3/25/2026 18:49:43,Full Shipwreck,Lava Pool,Bastion,00:21:18,00:07:37,00:09:05,00:13:18,00:14:47,00:17:27,00:18:31,00:19:02,00:20:11,7,1,16,0,0,8.40424E+18,Treasure,Ground Zero,0,3,9134,FALSE,"Korean, Ocean spawn, awfully buried ship, only grabbed food chest and scooted, 2nd ship with loads of iron, no enter in sight, difficulty reading subtitles for lava on digdown, 3 poison stews in a row starting from before entering trevor to start of route, ran out of blocks in hotbar mid route and had to bring those later, bottom for obby, 22 chunk fort, tunnel connecting both spawners, 1.1k blind, o59 cage so ground"
3/25/2026 18:27:20,Buried Treasure w/ tnt,Magma Ravine,Bastion,00:16:29,00:05:18,00:06:26,00:10:12,00:12:21,00:13:26,00:14:12,00:14:55,00:15:48,7,1,15,0,0,8.50814E+17,Housing,Zero Cycle,0,2,9133,FALSE,"savanna coast - no mapless or close dolphin, grabbed wood to go ocean, dolphin to good half boat, back to coast (desert) for bt, buried desert temple nearby, tnt for blocks, back to ocean for kelp - magma enter, basalt spawn but close housing - no spawner, managed to put pick in chest but was fine,  typical howmanypiglins housing, pearl into strider to save time, hoglin pitstop before fort enter, double tnt for spawner, 1.3 angle change, threw eye in ravine on 2nd portal, xray while boat crawling to see sh, aggressive hunger reset pearls while nav-ing, beautiful zero for sub 16, placed netherbrick everywhere"
3/25/2026 18:09:41,Structureless,Magma Ravine,Bastion,00:24:17,00:07:47,00:11:35,00:15:36,00:17:02,00:19:33,00:20:54,00:21:10,00:22:28,8,0,10,0,0,-1.23227E+18,Stables,Ground Zero,0,0,9132,FALSE,"standard structureless overworld, dark oak haircuts for blocks, only sheep for food until finding pigs, lake digdown to nothing, quick dig for lava, basalt spawn, saw fort on way to bastion, realised went far off angle, rare stables with 1 of each random section (ramparts and gaps), back to original fort, blaze spawner leg standing on other part of fort, 8/9 rates, ocean cave blind - dug up to measure, badblindTM, scary pearl leaving fort, magma and basalt dig, mineshaft 2nd portal - 100 blocks off, had to back out from zero"
3/25/2026 15:59:42,Structureless,Lava Pool,Bastion,00:27:02,00:08:35,00:15:37,00:08:58,00:18:51,00:21:06,00:21:56,00:23:01,00:25:56,8,1,16,0,0,1.53321E+18,Bridge,Half Bow,0,1,9131,FALSE,"French ouiouioui, spawned on a hill facing outpost, some food and wood, pillagers raided everyplace including caves, ran away on 1 heart, voicing pillagers for 5 min for fun and whimsy, went caving, killed pigs before digdown, 8 diamonds, inv full, went past another vein before lavapool, sub 9 enter, fort first at spawn, overlapped blazes and cooking potatoes, very confusing eray but nailed it down eventually, armor in rp outside brijj, double single cs, 15 obby and had to mine rest after blind, 0.7 ch, screenshot spamming for pre-emptive, somehow overshot pearl for front cage tower, catwait for perch"
3/25/2026 15:29:34,Structureless,Lava Pool,Bastion,00:25:03,00:09:19,00:10:32,00:16:53,00:19:34,00:20:42,00:22:45,00:23:58,00:24:44,8,3,14,1,0,4.46185E+18,Bridge,Zero Cycle,0,1,9130,FALSE,"tlhIngan Hol (Klingon), Played ravine at spawn, amazed by how words/languages are created and evolve, made up a new word - borve, unable to recognise lava in subtitles, dug around for ages until randomly mining into it, 9 min enter, dk, 8 obby so had to go for backups, piglin got the kill on hog and almost yoinked food, future stream idea ""make a new language"" inspired by convo, spawner taking back to spawn, pearl hang to home portal, warped fort, educated, went way off angle to yapping, 450 off, heard silverfish from starter, clean back 99 offset"
3/25/2026 15:02:00,Buried Treasure,Magma Ravine,Bastion,00:20:06,00:05:04,00:05:29,00:11:25,00:13:37,00:16:27,00:17:12,00:17:49,00:18:46,17,4,15,0,0,6.65132E+17,Housing,Zero Cycle,0,1,9129,FALSE,"Took a break for meeting, Korean, ship + bt ow, dove into ocean cave to find magma, sub 5 enter, close manhunt hauss, top chests major contributor for 20 obby, moving spawner on 32 rd, basalt fort, 0.4 ch, went on 0.5 and nailed it, front 92 1/8"
3/25/2026 12:19:21,Structureless,Lava Pool,Bastion,00:23:18,00:06:23,00:09:24,00:14:41,00:16:23,00:17:47,00:21:31,00:22:02,00:22:49,8,1,13,0,0,6.72805E+18,Bridge/Stables,Zero Cycle,0,3,9128,FALSE,"Svenska (swedish), x-rayed skeleton when changing render, didnt mine towards it, dancing squid, enf iron in cave, stick is Pinne - skycrab reference, dug into mob nation cave, 6 diamonds and lavapool, far brijj, 4 pig double single cs, went to bring pigs stuck at pigface, them being idiots as usual, not even 10 obby, left for fort hoping to find something later, encountered stables, ripped 20 obby from double triple, fort near, educated, measured on 2nd portal and was quite close to 1st portal, , went back to 1st portal, backtracked and walked 450 blocks to sh, buried rp on hill side, front 99"
3/25/2026 11:54:32,Structureless,Lava Pool,Bastion,00:24:13,00:07:02,00:09:19,00:16:46,00:18:48,00:21:13,00:21:49,00:22:07,00:22:56,7,1,14,0,0,-3.79292E+18,Treasure/Treasure,Zero Cycle,0,0,9127,FALSE,"Narrator for $8k raised, 4 MODS get to choose language, Gaeilge (Irish), heard lava in cave, real, x-ray mined into 6 iron, killed pigs, woodlight enter, wall to trevor, enf to leave off top, dia helmet, got treasured after more wall, 2 enchanted swords and 1 felt like could be looting so kept it, full diag to fort, sword turned out smite, played off just strays, 1.1 ch, slkight confusion on angle, cool 715 715 coords, ocean exposed pr, front 92 1/8"
3/25/2026 11:28:47,Full Shipwreck,Magma Ravine,Bastion,00:18:26,00:04:59,00:06:59,00:10:21,00:12:23,00:13:18,00:13:18,00:15:09,00:17:19,7,0,13,0,0,5.0794E+18,Housing,Half Bow,0,2,9126,FALSE,"Ocean spawn, miscrafted 9 buttons, ship with enf loot, ocean ravine beside to enter, farmed hogs, housing and fort in close proximity, outer housing felt like stables with so many hogs, 31 obby before td, sub10fort, 1.7 ch, icepie, burning library gave bad spike, pr was still next to it, made back 92 small boi but dragon flew so no +$100 dono, perch soon"
3/25/2026 11:08:25,Structureless,Lava Pool,Bastion,00:21:21,00:05:13,00:07:02,00:14:20,00:15:58,00:19:03,00:19:14,00:19:41,00:20:35,8,0,16,0,1,-7.25461E+18,Bridge,Zero Cycle,0,0,9125,FALSE,"Spotted desert blacksmith, 1 iron and sword, 5 from golem, villagers enjoying waterpark slide, dugdown into mineshaft with soem iron, 1 diamond in lava ravine, far brijj, dk, spawner barely in 32, terrain turned pretty bad with wall and basalt, 2nd pick on verge of breaking,  heard blaze crackles, 0.8 ch, half heart after bad pearl throw, terrain opened up a little, sh exposed in ravine on jungle-mesa border, back 90, won bet against chatter for +$400 to charity"
3/25/2026 10:45:31,Structureless,Lava Pool,Bastion,00:17:20,00:05:09,00:08:15,00:06:32,00:12:47,00:13:39,00:14:53,00:15:28,00:16:19,7,0,14,0,1,1.65302E+18,Bridge,Zero Cycle,0,1,9124,FALSE,"Polish language, Plains villages, golem dropped 3 iron, dipped to cave, ravine connected to lavacave, poundy portalled, no bastion in 32, saw a fort near spawn, ran into a 2nd fort heading towards bastion, decided to play with shield, bailed on 1st spawner with wither army, killed one spawn cycle at other spawner before seeing bastion right across, brijj fastion, W sub 9 pacebait, cs but single, crazy pig no.s, pearl hang to spawner while awaiting trades, 0.3 ch in 1st ring, 2.2k blind, back 97"
3/25/2026 10:27:13,Full Shipwreck,Magma Ravine,Bastion,00:19:17,00:05:04,00:07:25,00:12:28,00:14:31,00:16:32,00:17:19,00:17:41,00:18:29,8,0,12,0,0,-2.9222E+18,Stables,Zero Cycle,0,2,9123,FALSE,"Awesome ship, bt for more food, creeper jumpscare diving into cave, heard bubbles, 5 diamonds, spawned next to rp, distant eray, tnt'd blocks midway, saw fort, buried stables, 3 pig ttmtg, found every pig ever stuck in single, garrots with extra gold, TAS pearl hang landed right on fort, blazing fast rates, 1.6k blind, nasty back 99"
3/25/2026 10:03:20,Full Shipwreck,Lava Pool,Bastion,00:26:38,00:06:22,00:11:24,00:17:21,00:18:48,00:20:54,00:21:35,00:23:36,00:25:45,8,1,12,0,0,3.40152E+18,Treasure,Half Bow,0,1,9122,FALSE,"Horse pack stranded on treeless spawn island, fully misjudged ship type, pathetic bt but enf iron, visit to another ship for food didnt payout, lava ravine fully flooded by ocean, wall portal enter, reality-check basalt, fireball rebound mechanic bugging, huge bridge over lava to trevor, piglin hop, ziglin by trade hole refused to leave, put him in a cage, 1 gb went flying off the back and landed on terrain edge, not great trades so going bottom,"
3/25/2026 9:34:56,Full Shipwreck,Magma Ravine,Bastion,00:18:49,00:05:54,00:07:31,00:10:11,00:12:44,00:14:36,00:14:36,00:15:12,00:18:21,8,0,12,0,0,3.66821E+18,Treasure,Perch,0,2,9121,FALSE,"Jungle spawn, map in ruins, really far journey, poggers 1.15 bt with 21 emeralds, messed up first 2x1, pivotted to L portal, dolphin died in front of eyes, ds 2 boots in rp, glad to have seen fort before trevor, tnt'd for blocks, pushed for home portal play rather than , 10:10 fort, 0.6 ch, coords right past trevor, surprise icepie, backnavved to pr, front 94 SS, realised not enf explosives or arrows and bailed, dragon refused believers money"
3/25/2026 9:15:19,Structureless,Lava Pool,Bastion,00:18:55,00:05:30,00:06:44,00:11:44,00:14:17,00:17:05,00:17:20,00:17:24,00:18:10,8,0,15,0,0,4.61459E+18,Stables,Zero Cycle,0,2,9120,FALSE,"Not enf iron for shears, animal buffet, digdown enter, navved around wall to stables, baby hog pushing away from chest, ttg, hoglin chokepoint at staircase bottom, went around it and played gap housing style with trading hole in floor, worked fine, managable pearl amount, 18 chunk fort, genned very weirdly, rod got magnet pulled by fire, caved under ocean, 0.7 full diag to very far 2nd ring, ocean exposed pr, cranked front 99"
3/25/2026 8:55:31,Full Shipwreck,Magma Ravine,Bastion,00:16:06,00:02:17,00:05:05,00:09:01,00:11:06,00:13:13,00:13:53,00:14:20,00:15:11,8,0,14,0,0,-8.82553E+18,Treasure,Zero Cycle,0,0,9119,FALSE,"Last Day of The Pad Project Charity Marathon, game capture didnt load in time to show world creation hence unverifiable, ocean spawn, epic ship close to magma ravine, 2 min enter, far eray to trevor, goated trades from top alone, forced extra regional for pace, sub9fort, 0.7 ch to not even 3rd ring coords, went further but even that was just outside ring, pink sheep near sh, was more like 0.5 and 250 frommring edge, front 99 offset for low 15"
3/24/2026 21:41:35,Village,Lava Pool,Bastion,00:21:24,00:03:52,00:07:17,00:12:17,00:14:13,00:15:56,00:17:35,00:18:00,00:20:34,9,0,15,0,1,-3.08062E+18,Housing,Other,0,1,9118,FALSE,"Spotted outpost, desert village right besides, lava pool on the way, 9 obby blacksmith, better lava pool on the way to gravel, far buried housing, silly mid down start, spawner behind, baited by chunk error, dug on y40, chunk counted and went up right besides a fort leg, spawner blocked by glowstone, got 5 rods on the last 2 spawn cycles, MEOWDY spawn, 1.3ch, caved, 3had to go up, 3 chunks away, free nav, back small boy 95 just in time but missplaced anchor for the last explosive, pearl clutch full bow time, quick second perch, 1 anchor, endermen nation on fountain"
3/24/2026 21:19:24,Desert Temple,Lava Pool,Bastion,00:24:24,00:05:48,00:12:45,00:07:48,00:17:43,00:19:06,00:21:11,00:22:31,00:23:49,8,2,19,0,0,-7.45883E+18,Housing,Ground Zero,1,0,9117,FALSE,"DT ow, 3 iron and gapple, says ""Am I ok?"", tnts gravel then jumped into ravine and died, tnt mined before heading up, loads of animals, digdown enter, floating spawn with no bastion in 32, headed to firt first, tnt bagel, housing in 32 from there, 1 pig manhunt, less obby count, backups and stray gold helped get to 20, 0.4 straight line,caved under mega taiga, got ping ponged into a creeper, lived on 2 hearts, nonsense nav, ground"
3/24/2026 20:53:59,Structureless,Lava Pool,Bastion,00:21:41,00:07:02,00:08:00,00:11:40,00:14:12,00:15:29,00:16:47,00:17:13,00:20:47,10,1,15,0,0,-1.07815E+18,Housing/Treasure,Half Bow,0,0,9116,FALSE,"Deutsch, structureless ow, paniced seeing lava right overhead and lost water, stupid fake ravien lava, saaw another 5 lava sources and ravine-ception before water, td hauss, pieray and quadrants suggested trevor, forced different quadrant and hit fort, 26 iron ingots lol, 1.0 ch, eye flowed by waterfall into portal, 2nd portal spawned on cow family, insta nav, dragon flew on back 95, clean 4 bed one cycle"
3/24/2026 20:30:15,Structureless,Lava Pool,Bastion,00:22:00,00:06:21,00:07:14,00:11:05,00:13:05,00:14:59,00:15:46,00:19:37,00:20:58,8,0,14,0,0,-7.81126E+18,Bridge,Half Bow,0,3,9115,FALSE,"Lolcat, Lavapool rp, went caving, loads of pigs, messed up cool RP completion, still enf leftiver lava for new portal, cs iwth pig nation, ssv fort, TAS no look RTS from spawner mixed with insult to ghast, 0.8 ch, caved then surfaced just to see eye go down on next chunk, stupid nav killed sub 20, great pearl onto back t100, took too much damage falling for SS, perch to sub 21"
3/24/2026 19:38:01,Buried Treasure w/ tnt,Lava Pool,Bastion,00:24:58,00:06:03,00:08:02,00:15:17,00:17:46,00:19:02,00:19:56,00:20:11,00:21:27,8,0,12,0,0,-7.38041E+18,Stables,Half Bow,0,0,9114,FALSE,"Afrikaaans, mapless spike at the most random space-time, 7 iron bt, ocean ravine digdown, mined inro stables, pushed through huge crowd on mtg, broke a 2nd gold shovel, rolled on pearls, went up to trade triple, tagged along 1 pig to gap, no more pearls obtained, decent terrain to fort, spleefed by ghast fireball on fully expanded spawner, skeletons fighting amongst themselves, 850 block blind, ez nav, didnt push 1 pearl zeor, quick perch"
3/24/2026 19:11:40,Village,Lava Pool,Bastion,00:24:51,00:06:33,00:07:43,00:10:58,00:14:39,00:16:05,00:18:36,00:20:34,00:21:27,8,0,19,0,1,8.26653E+18,Treasure,Zero Cycle,0,1,9113,FALSE,"Narrator for $7k raise in Pirate speak, ggs family friendly tag in just creating world, pierayed to plains village, narrator insulted farmer with Dirt Digging Landlubber, baited by fake mineshaft lava, connected to cave with real pool, fort near spawn, helpful coz trevor, left with < 20 obby off top, mistimed pearl hang, huge drop over lava with 2.5 hearts, W Couriway pause, regened health last moment before pearling to land and lived on half heart, dodged skeleton arrow too, home portal educated, 300 off, skeleton civil war, really weird nav, front 92 1/8 after such a big gap"
3/24/2026 18:43:26,Village,Lava Pool,Bastion,00:26:51,00:05:33,00:08:45,00:13:17,00:16:11,00:18:09,00:18:37,00:19:14,00:20:44,8,1,21,0,1,1.89193E+18,Bridge,Half Bow,0,4,9112,FALSE,"English Canada, plains village, 3 iron golem and no strawbales, dipped to cave, lavapool exposed under mound, chat and streamer are kids for getting in on the dumbest brainrot ever, saw fort on the way, cs, waited a while for pearl trades to catch up, wither hit from strange angle at spawner, 1.7 ch, garbage rates, crossed $7k raised, TAS place block while boating down fort leg, caved but trusted mining off eye throw, dug right into starter, cool 4 eye, went for back 1/8 but then slid down tower, barely lived, perch soon"
3/24/2026 18:15:41,Structureless,Lava Pool,Bastion,00:24:27,00:06:02,00:06:40,00:14:03,00:16:38,00:19:41,00:21:00,00:21:23,00:22:26,9,0,15,0,1,7.19083E+18,Housing,Zero Cycle,0,2,9111,FALSE,"Village spawn neighbouring mesa, cosmetic 2 dia 2 iron sword blacksmith, big zombie siege in cave, basalt spawn, 16 pearls from td hauss, spawner far so went for backups, fully hosed on trades, ssv fort fully diag through a wall, caved, 0.6 ch, misplaced obby, overlapped mining with going through some contract, ravinehold, back 90"
3/24/2026 17:50:22,Structureless,Lava Pool,Bastion,00:30:28,00:05:35,00:08:08,00:21:34,00:23:57,00:25:23,00:27:13,00:27:40,00:29:34,8,3,15,2,0,-5.15909E+18,Treasure/Treasure/Treasure,Half Bow,0,1,9110,FALSE,"Shakespearean suggested by Squarebob Spongepants (yes thats the name), typical structureless ow, basalt spawn, missing every mlg clutch in existence, slight surprise seeing trevor, kinda low pearls, went to break bottom for next pieray and considering more trading, smite sword, seemed treasure so chose to go there and overlap trades, new spawner 32 full diag and no food, pearl hole in oned and landed deep in lava, hot tourist, ot treasured again 1.6k full diag out in nether, escaped bigfellas, farmed hogs in crimson outside, almost died coz not paying attention to fire res, skelptical of next spawner as well but felt could be weird strays, finally fort, subspace 0.8 full diag, 4th ring sh, diagonal moment, double stuck in tower cage then fell off, perch to sub 30"
3/24/2026 17:13:37,Buried Treasure w/ tnt,Magma Ravine,Bastion,00:25:25,00:05:40,00:08:00,00:18:32,00:20:14,00:22:35,00:23:07,00:23:32,00:24:18,14,3,14,0,0,5.13768E+18,Stables/Treasure,Zero Cycle,0,0,9109,FALSE,"Ripped mapless bt on spawn island, 2 gb rp, sub 6 enter for what could have been sub 3 with ravine luck, ttg, farmed hogs while awaiting other gap trades for obby, 18 chunk spawner, saw brijj on the way, got treasured, 400 e counter still, kept going a direction and stumbled into extra-reigional fort, 1.2 ch, laggy back 99"
3/24/2026 16:39:22,Structureless,Lava Pool,Bastion,00:30:47,00:08:25,00:21:28,00:10:06,00:27:00,00:28:33,00:28:33,00:29:07,00:29:56,13,1,15,0,1,-1.29034E+18,Bridge/Treasure,Zero Cycle,1,1,9108,FALSE,"Plains village in spruce forest, not much hay, dipped to cave, crazy amount of diamonds today, long dig for lavapool, no bastion in 32, fort first with shield, blaze bed, far blazes sniping, spawner got overloaded, ghast also joined the party, couldnt handle so much at once and died, safety iron on digdown for enter, fully thought something imp would have burned but all was fine, eray from there, brijj again, cs, all triple pigs stuck in backrooms, a little too much obby leftover to mine. got close eray to treasure and traded there for rest, annoying ghast no. 2, 2.0 ch, icepie, front dug into pr, cranked top 104 bowless to sub 30"
3/24/2026 16:07:03,Structureless,Lava Pool,Bastion,00:20:24,00:04:48,00:06:05,00:10:52,00:12:54,00:13:37,00:16:25,00:18:30,00:19:52,8,3,11,0,0,1.02291E+18,Bridge,Half Bow,0,2,9107,FALSE,"Cave carved like 2 meteor craters, pig nation, sub 5 structureless enter, saw fort from spawn, wall to brijj, dk got like no pigs, waited for string trades, dug back through same wall to fort, all wither strays in basalt, b2b home portal educated, caved under forest, unlucky on sh being far radial, 500 off, dungeonhold, sneaky nav, front 90 SS, dragon didnt stay, insta e-w perch, TAS 4+1"
3/24/2026 15:45:06,Buried Treasure,Lava Pool,Bastion,00:15:07,00:06:43,00:07:16,00:09:53,00:11:18,00:13:02,00:13:16,00:13:46,00:14:33,8,0,13,0,0,-5.53419E+18,Stables,Zero Cycle,0,2,9106,FALSE,"Ranked LAN announced, 24-26 April at LVLUP EXPO, Dutch language, loaded ship + bt, pre-crafted dia sword, garrot nation rp, 6 more diamonds before lavapool, insta eray and fort at spawn, double triple stables, pig attack almost fatal while hanging, under 20 obby, pearl hung at home portal, sub10fort, educated travel, mostly wall, nailed 2nd portal, insta nav, back 99 offset, sub 14:36 on a 6:40 enter"
3/24/2026 15:16:48,Full Shipwreck,Lava Pool,Bastion,00:24:32,00:07:22,00:08:49,00:14:50,00:16:46,00:19:34,00:21:14,00:22:36,00:23:28,7,0,23,0,0,-8.81267E+18,Stables/Bridge,Zero Cycle,0,3,9105,FALSE,"Visited ocean trifecta of RP, ship and bt, blue pickaxe acquired, went down ocean mineshaft to find another 5 diamonds, got fed up seeing more while tunneling and went past them, double DBNT stables, checked chests and left for new eray, saw brijj and fort at the same time, tnt pigface, dk but single, pearl hang to fort while waiting on trades, 0.6 ch, mined 2 obby, hot tourist on coords, lost boat to brick moment, threw out 2 eyes while in cave on accident. luckily neither bwoke, strongshaft, back 95 USS"
3/24/2026 14:48:59,Structureless,Lava Pool,Bastion,00:22:04,00:06:07,00:07:24,00:12:08,00:15:06,00:17:04,00:18:14,00:18:46,00:21:11,8,0,19,0,0,-6.02078E+18,Housing,Half Bow,0,1,9104,FALSE,"Outpost at spawn but didnt go for it, caved and killed pigs, cave led to lava ravine, td hauss, mined glowstone to let pigs enter gap, W mongey chest for 20 obby, fort very close, went off quadrants, spawner was almost above home portal, god nether if only some terrain, moved a little away for blind portal to not link, 1.9k dist, dedicated small boi zero to Fulham but dragon flew, made an oopsie by placing anchor on 0 0, perch soon"
3/24/2026 14:25:00,Structureless,Lava Pool,Bastion,00:23:21,00:07:45,00:10:27,00:15:44,00:17:44,00:19:51,00:21:24,00:21:47,00:22:40,8,0,17,1,0,9.15267E+17,Bridge,Zero Cycle,0,1,9103,FALSE,"Nothing burger taiga spawn, cave for iron, enderman drops a pearl, far away gravel, pigs/cows for food, useless dungeon loot, diamonds in mineshaft, crafts dia axe + pick, floods lava pool, far bastion, double single bridge, buries baby hoglin in a hole, fort 6 chunks away, bad terrain, buried + low fort, realises mouse is on vsync, 1.1 ac, mines obi, dig to coords, misplaces 2nd portal, front dragon 99, baited by end fountain placement"
3/24/2026 13:37:28,Structureless,Lava Pool,Bastion,00:31:38,00:07:32,00:09:27,00:16:25,00:23:56,00:26:35,00:27:52,00:28:21,00:30:02,8,0,23,0,0,1.57534E+18,Stables/Bridge,Ground Zero,0,2,9102,FALSE,"Birch forest spawn, found underground lava pool while caving for iron, killed chicken and salmon for food, 7:30 enter. Stables with one good gap, terrible gold block spawns with even worse pearl rates so forced to go to bridge. Hit fortress on the way to bridge, grabbed food from a village while blinding, ocean non-exposed stronghold by one block, quick nav into failed t104 zero because dragon was too low, ground zeroed for barely not sub 30"
3/24/2026 13:04:10,Half Shipwreck,Lava Pool,Bastion,00:28:36,00:09:36,00:12:58,00:17:21,00:20:50,00:23:05,00:23:17,00:23:35,00:24:41,8,0,17,3,0,1.6718E+17,Stables/Warped Forest,Half Bow,0,1,9101,TRUE,"2nd ever b2b RV runs in 100k, this one for $6k raised incentive, Jungle spawn, spotted ocean and rp, free fns, pathetic ship loot, weird underwater bt spot, killed pigs before looking for enter, ocean ravine digdown, 8 min enter, brain immediately went to eray, brute loaded on pretty high render, again huge warped, divorced double triple double bad stables, set some ow gold ore smelting just in case, ripped double triple for 12 pearls by luck's grace (<6%), W garrot chest, obtained last obby from trading chest gb, killed some endermen on the way to sub 18 fort, blazes protecting hoglin invasion on spawner, blinded next to surface exposed emerald ore, mountain terrain in the dist looked weirdly sharp, sheep for extra beds, holy 2.5 ch in 3rd ring, caved but library just exposed in a random corner, back navved into pr, no pearls to force back zero, insane perch snap, sub 25 RV"
3/24/2026 12:32:44,Full Shipwreck,Lava Pool,Bastion,00:36:47,00:10:02,00:13:43,00:21:48,00:23:29,00:30:08,00:32:09,00:32:38,00:35:30,10,0,15,7,0,-3.78375E+18,Bridge/Warped Forest,Half Bow,0,0,9100,TRUE,"Normal RV 1.21.11 in Finnish, Beautiful let's play spawn, headed to ocean, 4 dollars and 24 seconds, crossed $6K raised so b2b RV coming up, ship and close bt, dove into ocean cave, 6 diamonds in lush cave, pearl drop, tunneled miles before hearing lava, exactly enf to make a portal, sub 10 enter, brute in 13, crossed huge lava ocean, warped as insurance, lost pieray coz full diag, mogged cs brutes, single so dipped below, almost died to another set of brutes, 2 pig route, piglin on other rampart didnt even try, overlapped trades with killing some warped endermen, 13 pearls 12 obby to leave for fort, blind caved 40 blocks underground, 0.4 ch, taiga village near for extra bed, overlapped mining obby with spawns and math, made minecarts for oneshot (not actually), rare going full 0.4, very pretty cherry biome with sheep for wool, creeper pathfound straight into digdown hole while couri wasn't even in it, pushed for 1 pearl diagonal zero, made 90 too late, anti-aimbot dragon, perch not in favour of believers"
3/24/2026 11:51:30,Full Shipwreck,Lava Pool,Bastion,00:25:32,00:08:37,00:08:58,00:15:48,00:18:30,00:21:23,00:22:21,00:23:11,00:24:24,9,1,20,1,0,-6.03309E+18,Bridge,Ground Zero,0,1,9099,FALSE,"Ran towards ocean, lavapool on coast, obby and flint in rp, enf iron from ship, 1 gp short of tnt, 2nd rp for gold helmet, mouse feeling weird, headed back to lavapool, sub 9 enter, skeleton sky attack while building dk, setup burned from use of leaves, entire pig population chased through soul sand, ran in circles to get back for route, low pearls for 29 chunk fort, noticed only fire res after using it, scary drop from high after missing block clutch, somehow looked at enderman, had to play fort with shield, skeleton juked ziglins after shotting one, spawner past floor is lava, 2.2k to sh, both endermite and couri suffocated during pearl clip, endermite doid, went in straight for ground"
3/24/2026 11:19:17,Misc,Lava Pool,Bastion,00:22:31,00:03:05,00:07:08,00:14:05,00:15:42,00:16:40,00:17:54,00:20:18,00:21:34,8,0,12,0,0,-3.43004E+18,Treasure,Ground Zero,0,2,9098,FALSE,"Stupid Fossabot got a world name, rp way up on a mountain, sick parkour trekking, 2 iron and enf obby to enter so went for the funny play, 62.5s of mining crying with stone pick later ; 3 min enter, killed hogs in ravine, got iron in top trevor chests then went for route, ghast almost shot into lava, 16 pearls and no string, sword chestplate combo, 0.8 ch, portalled next to monument and no boat, somehow not donged, ocean exposed, sh looking horrible from every angle, mineshaft too, mega chopped nav, didnt force back zero on cage, ground pivot"
3/24/2026 10:54:18,Structureless,Lava Pool,Bastion,00:29:18,00:06:01,00:08:44,00:21:17,00:23:02,00:25:32,00:26:07,00:26:56,00:27:51,8,1,23,0,0,-5.66328E+18,Housing/Treasure/Housing,Zero Cycle,1,3,9097,FALSE,"Went caving, inter-mob battle involved friendly fire, chestless gbless rp, digdown for lavapool, tiny eray on increasing render, manhunt hauss, backups didnt help for 16 pearl situation, bad feeling abt spawner, poor terrain, saw another bastion, also confirmed buried trevor, forced further extra-regional, new spawner refusing to load, pitstop at another housing to trade for pearls, fort 1.7k radial, double plumbing at spawner, 1k blind to 5th ring, axe broke killing blazes, surfaced 1 chunk off sh, back 93"
3/24/2026 10:24:09,Structureless,Magma Ravine,Bastion,00:31:28,00:05:55,00:07:04,00:13:23,00:15:20,00:17:01,00:18:14,00:18:30,00:30:50,8,1,12,0,0,-8.0092E+18,Bridge,Other,1,0,9096,FALSE,"Chestless rp followed by one with 3 iron, saw enter ravine before shipwreck, bt on flower forest island for food, pigface almost at 150 150, cs, 19 obbied, last one as stray trade on route setup, farmed hogs on the way to fort, 0.6 full diag yikes, diagonal moment error,2.4k dist, back 99, dragon broke double bed, tried super risky pivot to lower setup and got knocked off on 2 hearts, failed boat clutch and died, stone tools before enter, just won battle vs hog, terrain much worse than assumed, 10 min end return, insta e-w perched"
3/24/2026 9:45:54,Full Shipwreck,Lava Pool,Bastion,00:20:47,00:06:36,00:07:50,00:11:25,00:13:25,00:15:06,00:16:07,00:17:27,00:20:03,7,1,12,0,0,1.6136E+18,Housing,Half Bow,0,3,9095,FALSE,"4th ever sub 16 pred - flabbergasted by this knowledge, Mandarin, map in 3rd ruins chest, awesome 4 dia bt, fake kelp due to ruins, sent digdown for enter, basalt housing but no lava, td, chat said was in hard mode but not enf panic to approve of change, 22 chunk fort, tested out blaze damage to confirm was in fact in hard mode fully since bastion, 0.6 ch, far 1st ring, insane wormhole, silverfish invaded hunger reset spot on last pearl, all items scattered but safe from lava, dragon way too low on front 94 and broke last bed, perch barely too slow for sub 20"
3/24/2026 9:21:40,Village,Magma Ravine,Bastion,00:17:19,00:06:03,00:07:16,00:10:43,00:11:51,00:13:24,00:14:03,00:15:25,00:16:13,8,0,10,0,1,-8.7468E+18,Stables,Zero Cycle,0,0,9094,FALSE,"Charity Marathon day 4, starting on a sub 17 pred and 5 streak of sub 18, Arabic language, didnt capture gameplay till 30s RTA into run so invalid, ruins for axe, dolphin nation, grabbed isolated tree before going to desert village, iron pick from blacksmith, kelp from earlier was real ravine, dolphin died to magma, triple triple stables, couldnt tell difficulty mode to language barrier, sub10 ssv fort, 0.5 ch to 2nd ring, ocean explosion, spike too high and also saw mineshaft, W nav, front 95 small boi almost 2+2, 6 streak of sub 18s and sub 16 pred"
3/23/2026 21:32:30,Structureless,Lava Pool,Bastion,00:17:28,00:06:40,00:08:40,00:11:56,00:13:30,00:14:54,00:15:33,00:15:57,00:16:56,7,0,10,0,0,-4.03735E+16,Bridge,Perch,0,2,9093,FALSE,"Locking in for new best streak of sub 18s, B2B jungle spawns, caved for iron, saw chicken but then lost it, farmed melons and dandellions, 8 diamonds on digdown, y7 lavapool, crimson spawn solved food situation, launched into space by hog and close to dying, fort and brijj close on one another, 1 pig jumped off, dk, ranked single chest, only 16 pearls, W rates, 570 block blind, sending on 13 eyes, buried spawn at y70 under snow, 3 chunks off, TAS nav, perfect pearl on t99 but trolled back 95 USS, insane insta perch, NEW BEST STREAK OF SUB 18 (5)"
3/23/2026 21:14:07,Buried Treasure w/ tnt,Lava Pool,Bastion,00:15:56,00:02:54,00:04:03,00:08:24,00:10:21,00:13:02,00:13:25,00:14:19,00:15:13,14,3,10,0,0,6.40615E+17,Bridge,Zero Cycle,0,0,9092,FALSE,"Jungle spawn, ship and bt on nearby coast, lavapool on map, sub 3 enter, close brijj, cs, not in love with spawner, highrolling for it to be real, terrain turned bad but well worth low 8 fort, 0.8 ch, ocean exposed, high end terrain made small boi look very small, made 90, tied best streak of sub 18s"
3/23/2026 20:55:54,Village,Lava Pool,Bastion,00:17:40,00:05:00,00:07:05,00:11:18,00:13:22,,00:15:03,00:15:44,00:16:38,8,0,16,0,1,1.53647E+18,Stables,Zero Cycle,0,1,9091,FALSE,"Desert village, heard lava on stone digdown, golem trying to be sneaky by hiding in cave, far stables, ttg with lot of damage, banger rp on the way to fort, 0.8 full diag ch, icepie, pushed back 95 small boi, 3 crazy sub 18s in a row"
3/23/2026 20:37:10,Buried Treasure w/ tnt,Lava Pool,Bastion,00:18:00,00:04:52,00:05:51,00:11:04,00:13:06,00:14:28,00:15:44,00:16:15,00:17:14,8,2,13,0,0,-2.17002E+18,Bridge,Zero Cycle,0,2,9090,FALSE,"Checked coast for mapless but nothing, close ship, map led to same spot in coast, prolly dungeon under, dugdown for lava, staring at a brijj right off spawn, forgot tnt pigface, cs, 20 obby with backups, 15 chunk fort, cool tnt bed, mega taiga blind, 0.9 ch, coords ON x-axis, mountain digdown, back 95 USS"
3/23/2026 20:16:57,Full Shipwreck,Magma Ravine,Bastion,00:17:00,00:06:27,00:07:11,00:10:04,00:11:56,00:14:12,00:14:12,00:14:30,00:16:20,8,1,26,0,0,-8.63087E+18,Treasure,Half Bow,0,1,9089,FALSE,"Chose ocean over DT, spent 3 min lookign for ship, W eyeballs, close map too, super chopped ravine, close trevor and also saw fort, ripped 20 obby off chests alone, sub10fort, cool tnt bed, ripped 520 block blind, bad rates killed sub 15 pace, kinda brentilda icepie moment, wrong offset for 95 broke crystal, +$10 to charity "
3/23/2026 19:30:30,Full Shipwreck,Magma Ravine,Bastion,00:30:58,00:06:55,00:08:03,00:16:10,00:17:08,00:21:52,00:22:21,00:22:55,00:23:44,7,1,20,0,0,3.61401E+17,Housing,Zero Cycle,0,2,9088,FALSE,"Encountered ship 4 min into run, mushroom island, forced enter on low food, stray convention, very confused abt dig-in spot of bastion, guessed everything except housing and guess what it was?, got up to put food in oven, checked twitter and got a follow from Executive Director of The Pad Project, grabbed backups for more pearls but no use, close fort so could just walk, fell off after building fully to the top, early blind, caved at y15 but easy way to ocean, 1.4 ch, no soul sand so expanding platform with brick, surfaced on mushroom island and eye went down, scary back 95 almost 2+2"
3/23/2026 18:57:13,Full Shipwreck,Magma Ravine,Bastion,00:26:31,00:08:35,00:10:39,00:17:52,00:20:14,,00:23:55,00:24:33,00:25:24,7,1,15,0,0,-5.7819E+18,Stables,Zero Cycle,0,1,9087,FALSE,"Ship + very close bt, chestplate in rp, went to jungle edge for animals, weird 5 min lag, took long to find anything enter-worthy, dove into ocean cave to magma, messed up only good spot, sub 9 wall portal enter, mtg, 19 obby after chests, hog hunt while scavenging outer gold, 22 full diag fort, 550 blind dist, generational obby misplace due to placcing in hitbox, felt was better to go through ow, sh felt high due to river, front 99, made c-table mid-zero very late into fight for bow and didnt even need it"
3/23/2026 18:29:11,Structureless,Lava Pool,Bastion,00:19:49,00:06:28,00:06:57,00:11:34,00:12:51,,00:15:12,00:15:32,00:16:25,7,0,14,0,0,4.46447E+18,Bridge,Zero Cycle,0,1,9086,FALSE,"Quenya, endless spree of structureless ows, put crafting table in to smelt iron, surface lavapool while roaming for animals, cs but single, fort only 10 chunks away, pearled into ziglin, didnt immediately clock in ripping a sub 100 block blind, back 99"
3/23/2026 18:08:10,Structureless,Lava Pool,Bastion,00:29:25,00:06:39,00:10:31,00:19:34,00:20:59,00:22:08,00:22:08,00:26:12,00:27:54,7,2,10,0,0,-1.8831E+18,Stables/Treasure,Half Bow,0,1,9085,FALSE,"Last learning language - French, some surface iron, rest in cave, watering pigs, digdown enter, long way to buried stables, shickingly low eray, ttg, baby hog cosplaying piglin in trade hole, last little obby from double, almost died running through outer, got treasured, in middle of quadrant and had to break, hot tourist while boating down, chestplate and blue pick, ssv fort, rod saved by falling in fence window gap, subspace 1.2, eye spy, strongshaft, stupid nav, front 95, bed broke, ran around breath to reach fountain for perch"
3/23/2026 17:35:44,Village,Obsidian,Bastion,00:16:23,00:02:27,00:03:22,00:08:57,00:12:34,,00:14:54,00:15:13,00:16:03,8,3,19,0,0,4.04714E+18,Bridge,Zero Cycle,0,1,9084,FALSE,"Conveniently chose lolcat to try and better ""learn"" search crafting, empty ocean except for obby completion rp, forced 2 min enter, close brijj, rolled on iron till crazy pull in last chest, cs, slipped on bridging part and ring around the rosied pillar, brought over stray pigs,  left on 11 obby, best opportunity to rebound ghast fireball with ghast fireball but flunked it, still got RTS with fireball of different ghast, sub 9 ssv fort, bad rates, highrolled for blind after going to good coords, estimated 700 blocks, village pitstop, front 95 +$10"
3/23/2026 17:18:08,Full Shipwreck,Lava Pool,Bastion,00:20:10,00:04:16,00:05:47,00:12:09,00:14:11,00:15:27,00:17:08,00:17:25,00:19:37,8,0,16,0,0,5.51674E+18,Stables,Half Bow,0,4,9083,FALSE,"Plops out the ""wants to be British"" card and chose UK English, Goated ship with 16 carrots 12 iron, lavapool on ocean ravine digdown, gravel right next to portal, weird cave-ception, poison stew, double triple to gap but ziglin created chokepoint, pre-made garrots,enf string at the very end, phased through soul sand trying to block clutch on fort, 0.7 ch, caved y13 under ocean, pearl damage cancel with creeper, baby nav, misjudged tower and had to bail on zero, high end, perch for sub 20, kinda trolled one cycle"
3/23/2026 16:49:42,Structureless,Lava Pool,Bastion,00:30:47,00:07:57,00:10:26,00:18:18,00:20:34,00:23:57,00:26:52,00:27:15,00:29:30,12,2,15,0,0,-8.61956E+18,Stables/Stables,Half Bow,0,0,9082,FALSE,"Italian Mamma mia, zombie daycare let loose in daylight, one dropped an ingot, every subtitle looked like a food dish, no good caves, bolan worked out, all 1 drops from cows, killed a few salmon too, lavapoool down same bolan cave, pathetic rp, triple -> outer -> mid -> gap but both bad, more than enf obby and 11 pearls, dipped to new eray, stables-tosis, gap route, almost died to endermite spawning and pushing off ledge, fort in 8 but not visible, lost 50-50 on direction and then saw it in basalt, caved under ocean, 0.3 ch, scary pearling with no fire res, barely avoided hole-in-oneing in random hole, village 2nd portal, 600 off, 2768 blind dist (0.344 ch), mob army outside pr, dragon flew on 95, weird perch angle"
3/23/2026 16:16:57,Village,Lava Pool,Bastion,00:32:47,00:06:10,00:10:31,00:14:05,00:16:32,00:19:00,00:20:34,00:21:12,00:22:06,9,0,10,0,0,3.55915E+18,Housing,Zero Cycle,0,4,9081,FALSE,"Narrator for $5k, Couri gets to choose 5 language runs, #1 Venezuelan Spanish, fabrication for crafting, chest is Baul, half ship then bt, tnt'd trees, narrator full botching advancements, digdown enter, op-see-ens, ghast slowly floated down and got axed, baited by something on eray, 2 rp gb, took most unoptimal path from spawn to hauss, watched silverr and fein talking abt car driving, couri got called out for being a bad driver, Jules is TAS, HBG storytime, crazy 10 min detour, 20 chunk fort, narrator and couri both botched búsqueda and jules barged into the room, 0.5 diag ch, dug through mountain side for sh, front 95 small boi"
3/23/2026 15:36:18,Structureless,Lava Pool,Bastion,00:26:44,00:07:14,00:07:51,00:14:06,00:16:19,00:18:36,00:18:59,00:19:58,00:22:13,8,0,15,0,0,1.31178E+18,Bridge,Half Bow,0,1,9080,FALSE,"Couriway makes ALL in-game sound effects for a run for $5k incentive, nailed footstep sounds, burst out laughing while breaking blocks, mooooooo moooooo, 0/10 oink and pig dying, nothing good in ow, set food smelting by river while bolaning, got enf iron, hilarious swimming sound, chopping wood more like choo choo train, CHING exp pickup, ""i'm lava"" for lava pops, took a short break after entering, BLOCK for placing block LOL, was running away from brijj near spawn but saw in time, piglin sounded more like pillager, took some advice from chat and then got it right for like 2s, making up random sounds during dk, stuck on chest open sounds, spawner didnt look great, pillager sounds for everything, got absolutely rolled on string trades, not much of other stuff either, suddenly turned into pterodactyl while immitating hoglin, decently good ghast noises, also got RTS, kept forgetting to make sounds for pearl landing, brain overloaded due to hitting wall lava, pillager for blaze, BOOOOOOM, hot tourist celebration, worst ever obby noises, BING eye throw, 0.5 ch to 450 450, turned into police siren, short choo choo, sad puppy ghast, ocean exposed sh, horrible dolphin, b2b BOOOOOM, TAS zombie noises, ting ting ting enters end, dragon sounds like lion, setup 4 anchors, BOOOM for each crystal, made a perch snap noise, BOOOM BOOOOM BOOOM BOOOM, rawwwwwrr, brruweewiefh, Dragon dies, Absolute Cinema run"
3/23/2026 15:06:36,Full Shipwreck,Magma Ravine,Bastion,00:19:58,00:05:25,00:05:25,00:13:03,00:16:28,00:17:24,00:17:47,00:18:39,00:19:25,7,1,15,0,0,-4.09432E+18,Stables,Zero Cycle,0,2,9079,FALSE,"Upside down english, saw enter ravine, ship + bt for loads of iron, okayish food, spawned inside a stables, $5k crossed, endured some hits on ttmtg, ziglins spoiled a little, fire res for eons and 14 obby, 19 with bad gap chest, stupidest hoglin ever straight up plunged into lava,"
3/23/2026 14:45:35,Structureless,Lava Pool,Bastion,00:18:34,00:06:07,00:08:40,00:12:56,00:14:00,00:16:24,00:16:24,00:16:47,00:17:41,8,0,11,0,0,6.97742E+18,Housing,Zero Cycle,0,1,9078,FALSE,"Watched Dav1e on FSG WR pace during lunch, Normal structureless ow, mined into cave with 4 diamonds, y8 lavapool under, almost slipped of bridge into lava right outside hauss, way too many pants, td, W comms from chat for leaving food in chest, 31 to ssv fort, hot tourist, icepie on 1.1 ch, dipped to front 94 SS"
3/23/2026 14:01:13,Village,Lava Pool,Bastion,00:20:23,00:06:14,00:08:54,00:13:28,00:15:05,00:16:46,00:17:17,00:18:01,00:18:54,8,0,14,0,1,-2.44304E+18,Stables/Treasure,Zero Cycle,0,1,9077,FALSE,"Dessert spawn, went to far village, tas house with 7 emeralds, 3 iron from golem, double bucket, did woodlight and entered through surface lava pool, sub 6 enter, dug for a millennia which left pick almost broken when we got to bastion, double triple, fell into a hole with a billion piglins managed to survive on half a heart, quick trades, eray’d and it was giving treasure so went another way, ssv fort with a billion wither skeletons, good rates, ocean exposed sh, easy nav, hit zero"
3/23/2026 13:36:38,Structureless,Lava Pool,Bastion,00:20:16,00:05:18,00:06:31,00:11:21,00:12:48,00:14:53,00:14:53,00:18:46,00:19:35,8,1,15,0,0,-8.86E+18,Housing,Zero Cycle,1,2,9076,FALSE,"Dug down for iron, found lava pool but it had no iron surrounding it, went back to surface found surface lava pool, grabbed food whiles waiting for woodlight, sub 6 enter, decent terrain to bastion, manhunt, good trades and closeby fort, died when pearling to fort, quick runback to fort, ch 0.9, trident guy, blasted by ghast when leaving nether, icepie into library, ocean exposed sh, baited by dungeon in sh, eventually found sh after double checking mid, hit zero, another sub 20 to the counter
"
3/23/2026 13:15:02,Structureless,Lava Pool,Bastion,00:22:40,00:05:36,00:07:29,00:13:55,00:16:40,00:19:02,00:20:10,00:21:00,00:21:50,8,0,12,0,0,1.03077E+18,Stables/Treasure,Zero Cycle,0,1,9075,FALSE,"Structureless ow, 1 short of cobble skip, decent ravine through cave, huge eray spike, mining session part 100, forced ttg but double bad gap, still ripped pearls, loads of outer gb too, saw trevor around the corner, left stables on 19 obby and got final one in treasure chest, lavafall engulfed entire blaze spawner, 0.5 full diag ch to 2nd ring, good work going around 0.6, normal sh finally, reached front top 104 with time to spare, block parkoured down tower after zero"
3/23/2026 12:51:36,Structureless,Magma Ravine,Bastion,00:27:43,00:07:32,00:11:19,00:15:34,00:19:13,,00:24:29,00:25:12,00:26:01,8,1,15,1,0,3.22055E+18,Bridge,Zero Cycle,0,0,9074,FALSE,"Chat decided on Pirate language, only trees in sight, small cave, enderman somehow spawned in staircase tunnel, heard bat but difficulty locating its cave, stack of cobble, had missed surface iron, sub 8 enter, basalt spawn, maybe half bastion on 32 rd, mined through basalt to escape wall, extra regional brijj, basalt corruption of pigface ate 1 gb, double single dk, boxed ziglin, no chest obby, 13 after backups, pearled into ziglin leaving for fort, played off bad part strays while chest checking, nothing good and too far out so hoped for good blind, swam a little then measured 0.4, chucking pearls through snow biomes, 2250 blind dist, ocean exposed, first chest 3 diamonds, another horrendous looking sh, navking, front 95"
3/23/2026 12:22:25,Structureless,Lava Pool,Bastion,00:24:10,00:06:56,00:08:47,00:16:00,00:17:27,00:19:20,00:19:42,00:22:04,00:23:20,8,0,11,0,0,8.34103E+18,Stables/Treasure,Perch,0,0,9073,FALSE,"No structure in 32, ran far to find good cave, cow farm, one migrated into cave that led to lavapool, buried spawn very indicative of the day's runs, ttg, felt spawner was treasure, giant walls on every where so went towards it anyway, dipped midway to extra regional, hit warped fort, 0.5 ch, far 2nd ring, another fort near coords, ocean exposed sh, guardian sounds, mob hell, fisherman zillager, heard silverfish at some point but couldnt find it, nav was ez at the end, checked no arrows so dipped on SS zero, tried going for halfbow, perch soon"
3/23/2026 11:54:56,Village,Lava Pool,Bastion,00:23:21,00:07:39,00:09:02,00:14:42,00:17:08,00:19:32,00:20:36,00:21:28,00:22:28,10,1,13,0,1,-8.34645E+18,Bridge,Zero Cycle,0,3,9072,FALSE,"Narrator for $4k raised in Canadian French, CRAFTING CRAFTING is back Scared MyEars, slight suspicion loading furnace and brewing stand together, plains village, Slider Champ Division for FOV, pick and armor in blacksmith, creeper running through village, hilarious narrator, calling out Elli, pick on verge of breaking, mined under lavapool, poundy portalled, no wall this time to brijj, cs, needed backups for obby, 29 to fort, very not normal spot for spawner, annoying ghast caused misplace, luckily had 21, 0.5 ch, ocean exposed, 2500 blind dist, another absurd sh, fyroah law, awful back 95 zero"
3/23/2026 10:58:39,Structureless,Lava Pool,Bastion,00:24:35,00:06:44,00:09:03,00:16:42,00:18:19,00:19:31,00:19:54,00:21:44,00:23:12,7,0,15,0,0,-1.09587E+17,Housing,Ground Zero,0,0,9071,FALSE,"Wonderful world name reference to prev seed, Korean, narrator doesnt work so postponing it, loads of iron in cave, animals in narnia, committed arson on forest, y5 lavapool, bastion in 22, td hauss, not enf pearls to travel to 30 chunk spawner, traded all backups too, very flat terrain, ran into brijj, re-pied to find fort was fully diag, really good terrain nav to fort, subspace blind, 1.3 ch in 3rd ring, sh same ravine as 2nd portal, horrible nav through very chopped cave, pearl to main island landed in a chasm on bottom edge wall facing void, fortunately stuck in the block, ground, went back to look at the the gaping hole, new MC snapshot made dragon death animation load as soon as dragon dies, went through some sillyness of checking wrong snapshot first then not enf beds in inv to zero etc., eventually saw it and it was hilarious, restarted stream and went to get a really cool package from AHA"
3/23/2026 10:32:17,Village,Lava Pool,Bastion,00:36:12,00:05:54,00:10:49,00:16:58,00:18:30,00:19:46,00:20:20,00:33:38,00:34:30,8,1,12,0,1,-5.1957E+18,Treasure,Zero Cycle,1,1,9070,FALSE,"Schwiizerdütsch , pierayed village, digdown enter, y109 spawn, barely some eray in 32, mining simulator, switched to stone pick, big donos to cross $4k raised, endured a lot of wall just to see stupid trevor, had to mine bottom gold, much better terrain to fort tho last part was a wall, thought magmawürfel was cool name for a blaze but actually translated to magma cube, blaze is Lohä, wanted to make own language thereafter, 0.9 to far 1st ring, no spike to insane mobs, fell into warzone ravine, blocked off to make gapples, thought saw pr on other side and pearled to it, stuck in block and heard creeper so started chugging gapple, zombie skydropped out of nowhere and got the kill, grabbed food and travelled back, found pr first thing LOL, some difficulty in retrieving items, backtracked to pr, redemption front top 104 but super scuffed"
3/23/2026 9:54:42,Structureless,Lava Pool,Bastion,00:30:11,00:08:01,00:10:28,00:21:05,00:24:13,00:26:11,00:27:03,00:27:47,00:29:19,8,2,15,0,0,5.31123E+18,Bridge,Half Bow,0,1,9069,FALSE,"Very cool savanna mountain, huuuuuge ravine for iron, pig mogging couri by casually walking to far away water without getting hit, lavapool in same ravine, good muscle memory of block breaking speeds, grabbed rp on the way to brijj, cs but double single, inability to rebound ghast fireball, trades forced into going for backups for obby,"
3/23/2026 9:22:19,Village,Lava Pool,Bastion,00:23:51,00:04:05,00:10:04,00:15:21,00:14:04,00:16:12,00:16:38,00:19:22,00:20:11,8,0,13,1,1,2.48118E+18,Housing,Zero Cycle,0,0,9068,FALSE,"Charirty Marathon Day 3, starting off with lolcat, giant RP in sight, some iron and fns, hilly village near as well as furnace, couldnt see blacksmith but golem dropped 5 to leave, didnt mine top rp gold for pace, sub 4 enter, pearl drop from enderman, mined into hauss staircase area, 4 pig td thanks to ziglin, 25 chunk fort at -150 150, 800 block blind, nav being dumb, saw mineshaft too, ruined sub 20, front 95"
3/22/2026 21:52:48,Village,Lava Pool,Bastion,00:22:52,00:03:36,00:06:07,00:11:55,00:14:52,00:16:31,00:19:23,00:21:03,00:21:58,18,5,18,0,0,-8.80008E+18,Bridge,Zero Cycle,0,2,9067,FALSE,"extra run going for most sub 20s in a day, taiga village - crazy blacksmith loot for golem skip, golem spin, digdown for sub 4 enter with lots of gear, no really close structures, brijj with lava curtain, ghast causing chaos mid-route - almost died and lost several pigs, back to spawn for guaranteed fort based on earlier pie, fort too diagonal and had to go through wall, struggle to find spawner, caved 1st portal, scary skeletons moment, immediate hunger reset on caved 2nd portal, lava flow into hunger reset hole after picking up items but no fire res - pearl out into cave to save items, close sh from educated, insane mobs over digdown - multiple hunger resets, struggle getting back items, insane last 5 minutes to the run"
3/22/2026 21:29:10,Full Shipwreck,Lava Pool,Bastion,00:20:30,00:04:05,00:05:03,00:10:25,00:13:10,00:15:04,00:17:54,00:18:33,00:19:53,8,0,15,0,0,8.68113E+18,Stables,Half Bow,0,1,9066,FALSE,"coastal taiga with lava pool, quick boat to full ship with enough stuff, back to spawn for trees and enter, stables not too far, cooked piglin with juke getting to chest, no good gap but double triple, only 14 pearls 17 obby but had to leave, good terrain to run to ssv fort, got the required 3 obby from fort chest to have 20, 0.7 angle, 3 breaks from 2nd portal, not ocean exposed, had to just guess digdown, crawl dig into crazy stronghold with mineshaft and lava starter, halfbow for sub20"
3/22/2026 21:07:16,Full Shipwreck,Lava Pool,Bastion,00:20:55,00:06:38,00:08:32,00:12:34,00:14:32,00:16:13,00:18:41,00:19:05,00:20:33,8,0,16,0,0,8.08031E+18,Bridge,Ground Zero,0,1,9065,FALSE,"ocean boating, ship with bt map, 20 iron and iron sword, forgot the sand for tnt, shears for block, digdown for enter, weird terrain, double single brijj, hot tourist destination, gold picks in wall, caved has to dig into ice spikes, 500 off after high roll, ocean exposed, dragon flies to miss the sub 20, quick ground"
3/22/2026 20:44:52,Structureless,Magma Ravine,Bastion,00:22:13,00:09:55,00:10:44,00:13:39,00:16:26,00:17:02,00:19:57,00:21:05,00:21:54,8,0,15,0,0,6.66891E+17,Treasure,Zero Cycle,0,1,9064,FALSE,"mega taiga coast - tried mapless but was weird, frontload wood into warm sea, triple dolphin far for ocean ruins, map took back to taiga but not spawn, 3 iron bt, rp for 1 iron and f&s, finally a boat but only nuggets, food boat, crafted tnt for blocks, forced magma ravine for 1 more iron ore for bucket, barely sub 10 enter, fort and trejjor both close, only 4 string from bastion, 5rd ssv fort, mis-hit ziglin when jumped by wither skel - hit off at one point, 1st and 2nd portals both caved, village with hotel on the way to sh, howmanyzombies, stronghold far radially, drop into stronghold but water flowing to save, spawnerless dungeon in corridor, wormhole into pr, zero"
3/22/2026 20:21:39,Structureless,Lava Pool,Bastion,00:16:49,00:04:32,00:06:41,00:10:16,00:12:38,00:13:37,00:14:38,00:15:19,00:16:16,8,0,15,0,1,1.78353E+18,Bridge,Zero Cycle,0,2,9063,FALSE,"Acacia village right off spawn, cod bucket, cave with lava for enter, glorped forest for wood, brijj, lots of piglins to trade, TAS trades, -z fortress, horrible rates, 1.7 change, traps a zombie in his hole, finds portal room, sub 20"
3/22/2026 20:03:23,Village,Lava Pool,Bastion,00:33:34,00:04:51,00:07:58,00:12:38,00:14:29,00:16:37,00:18:40,00:19:09,00:32:51,9,0,20,0,1,-2.36793E+18,Bridge,Other,0,0,9062,FALSE,"Spruce village right off spawn with toolsmith, 3 iron from golem, trades for bucket with cod, kills the poor cod, digs down to lava and falls straight into it blames chat because he was looking at us, wood lights because no flint, find diamonds while at it, bridges forever, finally finds brijj (ironic), gets all trades, unlucky pie ray, has to pearl a bunch, finally gets to fort, desert blind, pearls under a buhsalt delta can’t find his way out, has to portal in the lava, Savannah plateau, kills some cows for food on the way to the stronghold, 2nd ring stronghold, has to ditch the zero, has absolutely no arrows with only two beds and 1 anchor, has to go for a 3 explosive, gets the dragon down to half health but can’t get it quite there, has to slab up to all towers, down to very low health and no food after getting 5 crystals, has no slabs so has to go down and craft end stone slabs on 2 hearts with 4 hunger left, loses sprint with 3 crystals left, finally breaks all the crystals on half a heart, 4 perches for the kill"
3/22/2026 19:08:11,Structureless,Lava Pool,Bastion,00:22:46,00:05:05,00:07:23,00:15:02,00:14:23,00:16:08,00:17:22,00:18:15,00:19:11,8,0,23,0,1,-8.97973E+18,Stables,Zero Cycle,0,1,9061,FALSE,"Village close to spawn, 5 iron off of golem, missed haybales close to golem but decent bread from chests and carrots, cave nearby, big rp on nether enter for 3 early gold blocks, double triple stables playing hide and seek, 12 to spawner, BunDig moment, nuclear spawner but underwhelming rates, 0.7ch, ravine-d, mob nation at chunk surface, front caged 90"
3/22/2026 18:43:37,Buried Treasure,Lava Pool,Bastion,00:27:10,00:02:54,00:04:56,00:12:30,00:18:17,,00:25:02,00:25:21,00:26:40,9,0,14,0,0,9.08575E+18,Bridge,Ground Zero,0,0,9060,FALSE,"Treeless island spawn, most obvious spot for bt, swam to another island for wood, sub 3 enter, punished for not grabbing more leaves, dk with skeleton, 19 obby after all backups including forbidden ones, 20 chunk fort, overlapped classicing with crimson pigs, got so horribly rolled, pearled to better blind coords, caved y20, ~0.6 straight line, quite a bit further at 1.7k dist, failed pick by missing starter, almost on axis, ez nav, low pearl so dipped to ground"
3/22/2026 18:04:03,Village,Magma Ravine,Bastion,00:19:18,00:04:08,00:06:53,00:04:43,00:13:06,00:15:34,00:16:46,00:17:08,00:18:00,8,0,16,0,1,-5.72062E+17,Stables,Zero Cycle,0,0,9059,FALSE,"3 fns + 1 iron RP, plains village, golem dropped 5 to leave, super fake mama ravine, 5 diamonds, dug further to find real magma, considered playing ssv fort first near spawn with bastion same way, fully pivotted away after seeing both spawners covered in lava, b2b extra regional stables + mtg, normal trades this time, checked for closer fort and went there, mega taiga blind once more, 1.6k dist, front 99, 24 ms off sub 18"
3/22/2026 17:42:41,Full Shipwreck,Lava Pool,Bastion,00:29:08,00:09:22,00:12:15,00:17:40,00:20:44,,00:26:39,00:27:43,00:28:49,8,0,14,2,0,5.20999E+18,Stables,Perch,0,2,9058,FALSE,"Upside down english, Mesa spawn, b-lined to dolphin, ship + bt, sheep for extra food before going for digdown, tunneled for ages to find lavapool, well within sh ring, sub 10 enter, saw 2 forts on the way to distant eray, extra regional stables, mtg,  absolutely hosed and got only 3 obby from chests + gold (0.25%), decided to head back to home portal after fort, had to mine up to blocks to surface, measured 0.9 after walking some dist, overall like 0.6 ch, mob hell at starter, flies on 99, insta perch to sub 30"
3/22/2026 17:06:20,Buried Treasure w/ tnt,Lava Pool,Bastion,00:24:22,00:04:38,00:08:04,00:15:33,00:17:25,00:19:43,00:20:13,00:20:49,00:23:34,9,2,20,1,0,-8.31761E+18,Treasure,Half Bow,0,2,9057,FALSE,"Lolcat, Ripped 9 iron 2 dia bt, couldnt find ravine, digdown enter, buns terrain to treasure, doogile already traded with the pigs, 1 gb went flying off the back into lava, almost no obby aka bottom time, dia chestplate, out of food, flint nation rp outside fort, rare death reset mid axis, 1.3 ch, followed eye through cave till sh, heard pr from dead end, back 95 USS, dragon flew, fireball breezed past ground setup, somehow moved cursor and placed a 2nd bed, backed out, perch soon"
3/22/2026 16:36:44,Structureless,Lava Pool,Bastion,00:49:46,00:09:43,00:17:07,00:24:17,00:36:20,00:40:10,00:41:15,00:44:37,00:46:18,8,1,15,2,0,-7.92844E+18,Stables/Housing,Half Bow,1,2,9056,TRUE,"RV for $3k raised, pirate-speak, Mega taiga spawn, brightness looked weird so tweaked somethings, ran into gigantic beautiful lush cave, no blocks, mined clay to get up, loads of brown mushroom only, some animals in normal taiga, looked around cave and found 8 diamonds, lavapool beside. zombie went through portal first, sub 10 enter, no way to survive lava tsunami, red mushrooms on the way to cave, iron pick from earlier, some items like brown mushroom came through portal, more diamonds in cave for blue pick and axe, nether spawn lava trapped, good block placement escape, hoglin and couri both performing tricks on one another, double bad stables, traded single triple, ofc nowhere enf but above avg trades, somehow escaped brute attacks without dying, headed out for spawner, asked magma cube on wherabouts of fort and it guided to blazes, glowdar tech for brute didnt work, unloaded them and walked miles before getting them on pie, forced manhunt housing but lava whyyyy, exhausted entire gold supply but still ended on 11, more pearls from a double bad stables than a WHOLE housing, portalled out anyways, caved at y0, dug up to ocean, boat glitching eye measure, 0.6 with 1 break 3rd ring, W triangulation, so many floating vines, lucky enderman during nav, huge maze, 2 eye anyways, perch for sub 50"
3/22/2026 15:43:45,Structureless,Lava Pool,Bastion,00:22:36,00:09:17,00:11:15,00:13:43,00:16:36,00:18:51,00:19:55,00:20:43,00:21:29,8,0,18,0,0,6.34487E+18,Housing,Zero Cycle,0,3,9055,FALSE,"Italian language, entered cave to see zombie day care, went further and it turned into a mob farm hell, somehow mined all iron without dying, $3k raised so RV coming up, very few animals so went for fishies, broke stone axe in ow, ravine mineshaft dropper, short dig to lava, 9 flat enter, hog uber eats, housing and fort super close to each other, td, 0.6 ch, ended up inside a different bastion for 2nd portal (prolly another housing), inaugurated portal with a bastion piglin, pick did not survive sh digdown, creeper nation, front 99"
3/22/2026 15:20:05,Full Shipwreck,Lava Pool,Bastion,00:23:25,00:06:45,00:07:08,00:15:48,00:17:36,00:19:14,00:20:43,00:21:15,00:22:28,8,0,13,0,0,-1.55974E+18,Treasure/Treasure,Half Bow,0,2,9054,FALSE,"Holy 21 iron ship, bt didnt have much food either, afflicted by poison stew so had to go for animals, dugdown for lavapool, close trevor, loads of trades from top alone, went down to break spawner, dia sword,  realised new spawner trevor after reaching close, dipped extra regional, took a while to load new spawner but real, 0.3 ch to 3rd ring, 2.2k blind, ez nav, low strong from earlier so setup for perch, weird diagonal snap, 0 bitrate one cycle"
3/22/2026 14:55:49,Structureless,Lava Pool,Bastion,00:22:29,00:06:13,00:07:59,00:14:03,00:16:13,00:18:22,00:19:33,00:20:21,00:21:05,9,1,16,0,0,1.96331E+17,Housing/Treasure,Zero Cycle,0,1,9053,FALSE,"Average sturctureless ow, erays all around spawn, buried hauss, manhunt most likely was close to cramming, back through same wall, pick broke, got treasured so could make new one, 19 to warped fort, only wither strays, mega taiga blind, 0.7 ch, 2 chunks off, tough mob squad in waterpool, front 99 2+2 despite laggy dragon"
3/22/2026 14:32:03,Structureless,Lava Pool,Bastion,00:27:21,00:07:55,00:10:57,00:17:59,00:20:02,00:21:32,00:23:34,00:24:16,00:26:10,14,2,17,0,0,8.88497E+18,Treasure/Treasure,Perch,0,1,9052,FALSE,"3rd Ever Sub 16 Pred, Mountain spawn with nothing already killed hopes, grabbed tools to check out rp buried in mountain, completable with the stray lava beside but needed supplies first, found a decent cave, cow nation, digdown enter, mining followed by lot of bridging to trevor, bottom for little more obby, next spawner stop another treasure, insane gold in chests not needed, 19 to ssv fort, 0.5 ch made no sense, went ~0.6, quite off, real ch was more like 0.8, mob nation so no use of preemptive, still insta navved, missed pearl for back tower and too low adter correction pearl to force, perch soon"
3/22/2026 13:40:09,Full Shipwreck,Magma Ravine,Bastion,00:17:14,00:03:27,00:08:49,00:04:24,00:11:19,00:13:22,00:14:08,00:14:31,00:16:38,8,0,19,0,0,-7.87366E+18,Stables,Full Bow,0,1,9051,FALSE,"Sub 17 pred for the 2nd time today, farmer's paradise food wreck, had to travel a little for iron ship, ravine right beside, sub 4 enter staring at an ssv fort, chose to play it first, wither skull, sub 10 stables, forced ttg but both gaps bad, chests loaded with obby, managed to get 13 pearls, grabbed free glowstone, 0.9 ch to super shallow 1st ring, spawned on border of mushroom island and acacia, one of the trees had jungle like leaves due to being in mushroom biome, baby sh, barely any explosives so full bowed, crazy damage to rip a HELL YEAH a sub 17 pred for the 3rd time only"
3/22/2026 13:21:39,Structureless,Lava Pool,Bastion,00:18:15,00:05:40,00:06:04,00:09:27,00:11:27,00:14:35,00:15:42,00:16:22,00:17:49,8,0,12,2,1,3.78947E+18,Bridge,Ground Zero,0,1,9050,FALSE,"Village at spawn, caved after golem and food, 0/2 on endermen, lot of fake lava before actual one, spawned in facing brijj, cs, 12 chunks to sub 10 fort, 0.6 ch, 250 off, high y47 starter, crazy good pearls in altar, dragon flew on front 95, pivotted to ground"
3/22/2026 13:02:23,Structureless,Lava Pool,Bastion,00:23:09,00:06:11,00:08:04,00:16:27,00:17:34,00:19:11,00:20:07,00:20:30,00:21:40,8,0,16,0,0,-9.12914E+18,Housing,Other,0,1,9049,FALSE,"Sub 17 pred, Furnace but snow village, caved first, recognised blacksmith too late, spotted lavapool, mined through giant wall into hauss, lava manhunt so pivotted to trade in centre, had to get backups for 20 obby after checking top chests, 24 chunks to fort through garbage terrain, 0.7 ch, dragon flew on back 95, perched on ground"
3/22/2026 12:37:31,Village,Magma Ravine,Bastion,00:15:06,00:05:18,00:05:50,00:09:43,00:10:28,00:12:00,00:12:47,00:13:02,00:13:50,7,0,7,0,1,1.31496E+17,Treasure,Zero Cycle,0,0,9048,FALSE,"Frontloaded wood for desert village, magma ravine near coast for sub 5 enter, close trevor, enf trades off top, forced quadrants for pace, sub 9 warped fort, holy 7/7 rates, 9:33 blind, 0.8 full diag ch, didnt have axis up so sort of went off vibes, nailed 2nd portal, killed bat for better read, dug into pr, front 95 3+2 to sub 14 "
3/22/2026 12:21:10,Full Shipwreck,Lava Pool,Bastion,00:19:47,00:06:40,00:09:44,00:13:00,00:13:28,00:15:48,00:17:23,00:17:38,00:18:33,8,0,5,0,0,4.5282E+17,Bridge,Zero Cycle,0,0,9047,FALSE,"Rolled by 1 iron empty map ship, insane 7 garrots rp, forgot to turn off french so couldnt recognise enchant, reverted to english to see looting 3, next ship was great iron-wise, 5 diamonds at underwater obby, awkward wall portal, hopping up and down, scuffed portal, left with 19 obby, 22 to fort, lowkey wr blind valley, 0.8 ch, 8/5 rates, went wrong way on minor coord so a little off, front 94 SS for +$10 to charity"
3/22/2026 12:00:17,Village,Magma Ravine,Bastion,00:20:13,00:07:57,00:09:09,00:13:34,00:15:58,00:17:03,00:18:16,00:18:37,00:19:26,8,0,11,0,0,-6.4783E+18,Bridge/Treasure,Zero Cycle,0,1,9046,FALSE,"French, Saw ocean from hilltop, magma ravine next to ship but 3 iron, bt on pretty beachside village, hay for extra food, 2 diamonds, accurate mimicry of villager hurt by its house being blown to smithereens, ravine fully fake, mob nation in lavacave, brijj viisble from spawn, cs, spawner very much trevor, dipped new way, warped fort, ghast sniping spawner, educated on being caved, mesa sh, sick lava ravine through it,back 99"
3/22/2026 11:33:27,Misc,Lava Pool,Bastion,00:19:59,00:04:25,00:05:30,00:12:20,00:14:04,00:15:50,00:16:49,00:17:36,00:19:10,16,2,15,1,0,-2.26542E+18,Stables/Treasure,Perch,0,1,9045,FALSE," Blacksmith village, wonderful 6 iron + pickaxe, couldnt see hay so went after animals, cave digdown, weirdly flooded lavapool, still able to make tall wall portal, somewhat useless to kill enderman with stables right around the corner, ttg, almost left without 20 obby, treasure 31 chunks away, ripped diamonds for blue pick, fort 23 from there, subspace 0.8 blind, TAS pearl for front 99, got a little greedy and dragon broke +1 bed, insta east west perch while setting up ground, mined obby while dragon slowly circled to make it viable for one cycle"
3/22/2026 11:11:56,Structureless,Lava Pool,Bastion,00:27:48,00:04:06,00:13:07,00:18:53,00:22:00,,00:23:21,00:26:22,00:27:18,8,1,14,0,1,3.17939E+18,Housing,Zero Cycle,1,0,9044,FALSE,"Thai language, Village near spawn, sub 5 digdown enter, b2b nicenether spawns, saw fort but no blocks to bridge, ghast also shooting so went back in ow to mine some stone, unexpected ghast fireball on return, got launched into lava and died, grabbed loads of carrots and wood, dipped to cave for iron, had to bridge soooo much even after reaching land, killed hog outside hauss and kidnapped its baby in a boat, td, backup gold for garrots, rolled on soul sand trades, low pearls too, final obby in manhunt chest, TAS fort chest with iron and diamonds, hot tourist, holy 160 block blind, got self caught in skeleton v skeleton crossfire, one of a kind chopped sh, front 90"
3/22/2026 10:35:12,Structureless,Lava Pool,Bastion,00:26:34,00:08:12,00:09:55,00:13:07,00:14:54,00:16:58,00:18:22,00:18:50,00:19:42,8,1,12,0,0,1.08506E+18,Stables,Zero Cycle,0,0,9043,FALSE,"Narrator for $2k raised incentive in Vietnamese, compared it to Ludwig and Michael Reeves attempting to speak a different language, big ravine, ripped bucket in skeleton dungeon, loads of swamp animals, dug straight down upon hearing lava from surface, landed in stray lava but easy clutch, skeleton guards at lavapool, ttmtg, jazzhack gold armor, ssv fort, 0.3 ch ouhhh, 2k real dist, pearl clutched on started ravine dropper, pr was right behind, front 99 offset"
3/22/2026 10:06:30,Village,Lava Pool,Bastion,00:16:58,00:04:47,00:06:38,00:09:48,00:12:39,00:13:15,00:13:25,00:14:18,00:15:49,9,0,21,0,1,8.75598E+17,Bridge,Half Bow,0,3,9042,FALSE,"B2B Lolcat, Spawned at lavapool with desert village in sight, front loaded wood, spotted closer lavapool while killing golem, spawned right next to rp thinking it was bastion, slight temptation to classic, dk with no shenanigans Aware, grabbed DS 3 boots in rp, sub10fort, 1.3 diag ch, caved next to mineshaft, trusting eye throw paid off, spawnerless dungeon, pearled under weird overhang, missed pearl for SS, snapped very low for perch "
3/22/2026 9:48:58,Structureless,Lava Pool,Bastion,00:20:08,00:06:09,00:07:06,00:13:51,00:16:47,00:17:58,00:17:59,00:18:18,00:19:01,8,0,17,0,0,2.25824E+18,Treasure,Zero Cycle,0,1,9041,FALSE,"Lolcat, Pie took to snow village, pivotted to cave first, emeralds for bread trade, took some root veggies as well, insta hot sauce pubz on digdown but fake, lavapool in same cave, lot of damage on boomer, skeleton civil war at bottom, dia sword + pants, some garrots, 22 chunk fort, zoned out during axis and assumed 0.6 but chat told was 2.0, icepie, ocean exposed pr, TAS front 99 2+2"
3/22/2026 9:25:16,Structureless,Lava Pool,Bastion,00:23:32,00:07:00,00:08:31,00:14:15,00:16:49,00:18:14,00:18:51,00:21:38,00:22:24,8,0,14,0,0,-4.57129E+18,Treasure,Zero Cycle,0,0,9040,FALSE,"Day 2 of The Pad Project Charity Marathon, Narrator for $1k raised in Hrvatski (Croatian) - started a little late, radni stol is the new crafting, had to run around big cave for iron, no gravel in sight, overlapped smelting food with digdown, fake lava brought into lava ravine, NiceNether spawn, saw 2 hoglins kissing while bridging, one suddenly despawned, lava treasure so dipped left side, had to go bottom for obby, chat translated sword to bane of arthropods, 21 to fort, 0.7 ch, ocean exposed sh, double library, nav chopped due to ravine, pr ended up being ocean exposed too but hill blocked view at start, front 99"
3/21/2026 21:41:16,Structureless,Lava Pool,Bastion,00:24:30,00:08:01,00:11:02,00:16:45,00:19:12,00:20:55,00:21:48,00:22:16,00:23:05,8,1,19,0,0,7.51901E+18,Stables,Zero Cycle,0,1,9039,FALSE,"Caved for iron, $1k raised so narrator run 1st thing tmrw, sheep farm, lot of fake cave lava before real one, far stables, TAS crossbow guy shot just as breaking leaf for cover, ttmtg, had to trade other gap as well for 20 obby, ssv fort, 0.9 full diag ch, crossed $1,500 donated which provides a homeless shelter with 1 year worth of products, weird nav, whack end island. front 95"
3/21/2026 21:15:40,Buried Treasure,Lava Pool,Bastion,00:17:25,00:03:27,00:05:21,00:10:08,00:11:48,00:14:08,00:15:07,00:15:49,00:16:51,8,0,14,1,0,-8.99009E+18,Stables,Perch,0,2,9038,FALSE,"Full Ship right off spawn, bt for food, lavapool on map, lavafall ruined chances for ttg, improvised some new double to gap route, 10fort, 0.5 ch, creeper went through portal, knocked it off fort, botched back 94 SS, dragon flew anyways, distracted by enderman while dragon perch, sick pearl in to save and sub 17"
3/21/2026 20:56:22,Village,Lava Pool,Bastion,00:24:56,00:04:59,00:06:16,00:15:57,00:17:30,00:19:11,00:19:36,00:20:41,00:21:30,8,0,10,0,1,3.33892E+18,Stables/Bridge,Zero Cycle,0,1,9037,FALSE,"Village spawn, wheat skip for cod, forgot to grab hay before digdown, meanie lavapool trying to hide, gigantic eray spike from 2 bastions on enter, close spawner too in different direction, mined into DBNT stables, self-lava'd while killing hogs for food, barely lived, oven brokedown, underestimated dist to other bastion, cs and confirmed no decay in trade hole, headed back to spawn fort, 900 block blind, back 95 almost 2+2"
3/21/2026 20:28:54,Structureless,Lava Pool,Bastion,01:05:19,00:05:50,00:07:01,00:14:01,00:31:05,00:32:02,00:32:21,00:33:43,00:36:05,18,2,14,0,0,-8.58042E+18,Bridge/Housing,Half Bow,1,1,9036,FALSE,"March Charity Marathon for The Pad Project - educating communities about period health and distributing menstrual products, watchpartied MC Live first, loved the new drops + new version releasing on 24th March, enjoyed MCC : Spell Bound, Pirate language to start, typical structureless ow, less animals, ravine dropper, mob squad guarding 4 diamonds and lavapool, close brijj, large tree didnt affect dk, got absolutely rolled on trades, nowhere near 20 obby and 4 pearls even with all backups, stray mobs baited into thinking another bastion was near, 17 to fort, paused to have dinner, 9 rods, new bastion in 32, got launched by ghast fireball, got ambushed by a million pigs on td and died, grabbed animals and iron pick from earlier, checked back on trade hole after chat vod reviewed, there was an ultra rare gap in the trade hole where all items went, despawned long ago, also lost the 50-50 on mining side twice, ran back over 1k blocks after getting lost in b/w to hauss, needed backups for enf pearls, 2.6 ch, very deep nav, pearl landed inside tower cage, boated out but couldnt force zero, boat fell down and had to block parkour down safely, ground half bow"
3/20/2026 19:37:50,Buried Treasure,Lava Pool,Bastion,00:18:26,00:03:40,00:04:50,00:09:24,00:12:18,00:13:35,00:14:28,00:15:11,00:17:41,7,1,15,0,0,2.1783E+18,Treasure,Half Bow,0,1,9035,FALSE,"Ship + bt for loads of iron, only 4 fish, lavapool on map, armor in rp, sub 4 enter, spawned ON a fort without realising for 5s, treasure visible too, big lavafall from ceiling but still decent route, 10 obby 10 pearl so had to play bottom, brick moment chucking out gold blocks, waited for 20 obby, sub10fort, seed cranked out 550 block blind, mineshaft pre-emptive spikes, front 95 cage, dragon didnt stay, not enf explosives to feel comfy for ground, perch for sub 18, TAS day with 2 new top 10 times including first 11:xx of 100K"
3/20/2026 19:17:57,Full Shipwreck,Magma Ravine,Bastion,00:16:19,00:03:14,00:06:00,00:10:23,00:12:35,00:14:23,00:14:23,00:14:47,00:15:35,8,2,11,0,0,4.44747E+18,Housing,Zero Cycle,0,1,9034,FALSE,"Saw kelp before ship, enf iron but horrifically bad 12 flesh, missed diamonds in ravine, low 3 enter, ran through fort on the way to bastion, double hauss babastion explaining weird eray, lava in gap but away from main section, sub10fort, skeleton attempted trickshot, low health, 2.0 ch, pr offset icepie, pushed back 99 for sub 16"
3/20/2026 18:59:07,Village,Magma Ravine,Bastion,00:22:53,00:09:14,00:12:37,00:17:12,00:18:55,00:20:16,00:20:17,00:21:06,00:22:22,8,1,11,1,1,7.40978E+18,Housing,Half Bow,1,0,9033,FALSE,"Frontloaded wood for desert village, cod strats, pivotted to ocean, dugdown under ship, underwater obby, mined next to it which turned out lava, water clutch but phased through obby into lava and died, grabbed bread, map in ship, chatter suggested checking items, to everyone's surprise all items had survived due to placing down water last moment and ending up in a 1x1, high eray for hauss, lava housing, fort 20 away, ripped 340 block blind, W nav, perch setup"
3/20/2026 18:35:15,Buried Treasure w/ tnt,Magma Ravine,Bastion,00:19:37,00:03:04,00:04:45,00:12:33,00:14:12,00:15:58,00:16:53,00:17:35,00:19:02,8,0,16,0,0,-5.14704E+18,Stables/Bridge,Ground Zero,0,2,9032,FALSE,"Ripping shipwrecks, insane 2 gb + gapple rp next to it, super close bt but less food, nearby ravine for 3 min enter, drilling through walls with gold picks, W reflexes to prevent fall, 100 eray spike, mined into stables triple, bad judgement abt being in mid for ttg, hard punished with double bad gap, firing squad raid, no pearls, dipped to other bastion, divorced brijj fastion, almost bafastion vibes, tnt pigface in basalt, cs with pig nation, every ounce of energy dedicated to pushing ziglin off spawner, 0.7 ch, hot tourist at coords, tanked creeper blast, no spike to zombie city, roof overhead, crazy high terrain making back small boi look miniscule, flew way before 86, dipped to ground"
3/20/2026 18:14:40,Full Shipwreck,Magma Ravine,Bastion,00:20:33,00:05:24,00:07:57,00:13:03,00:14:20,00:16:54,00:16:54,00:17:21,00:19:47,6,0,15,0,0,-5.42801E+18,Stables,Full Bow,0,0,9031,FALSE,"Epic food in ship, didnt go for taiga village, weird spot for bt, loads of iron, pre-crafted garrots in ow, magma ravine enter, bastionguessr for stables barely sticking our of wall, ttg, somewhat low explosives, terrain opened up later to fort, huge 2.8 ch, library icepie, 2 anchor perch setup, trolled one cycle to automatt halfbow blocks, perched quickly for sub 20"
3/20/2026 17:47:33,Village,Magma Ravine,Bastion,00:24:36,00:03:48,00:05:24,00:13:00,00:16:48,00:19:18,00:20:47,00:21:37,00:23:45,8,0,15,1,0,4.18805E+18,Bridge,Full Bow,0,3,9030,FALSE,"Tons of iron in ship, put on CoB pants, dipped on bt after seeing ravine, 55 gravel for flint (0.33%), L portal for sub 4 enter, lava all around main bridge burned down cs setup, only 12 obby, pearl hang to hp, 19 chunk fort but couldnt get diagonal reading properly due to low rd, garbage basalt terrain, pick broke getting back to home portal, 0.4 ch hp axis in 1st ring, sent on 0.5, going back through same terrain to bastion, TAS perfect timing correction pearl, village pitstop, almost bedrock sh, 2.1k dist, dug into pr, dragon flies on 95, insane damage from 3 beds after full bow"
3/20/2026 17:21:21,Buried Treasure w/ tnt,Magma Ravine,Bastion,00:21:52,00:06:12,00:07:08,00:13:33,00:16:11,00:17:59,00:18:56,00:19:53,00:20:51,8,0,17,0,0,5.24531E+18,Bridge/Treasure,Zero Cycle,0,2,9029,FALSE,"Baited by fake BT spike, hasn't checked BT numbers on new RAM, boat + BT, dia pick/shovel, diamonds in ravine, the most scuffed magma portal of all time, 2 spikes, avoids bigger spike, TNT chalice, treasure e-ray, baby zombie in nether, echolocates pr, back dragon 90 zero "
3/20/2026 16:55:41,Full Shipwreck,Magma Ravine,Bastion,00:12:07,00:02:38,00:05:50,00:02:38,00:07:15,00:08:37,00:10:22,00:11:08,00:11:56,7,1,12,0,0,7.84114E+18,Housing,Zero Cycle,0,1,9028,FALSE,"7 iron boat, magma ravine enter, spawns in fort, 3 gold in chest, blaze sniper shots, sends 7 rods, nearby bastion, fully locks in, caved blind, 300 educated, blindness stew into hoglin, ravine 2nd portal, grabs bread from village, mineshaft messes up spike, back dragon 95, NO retime for sub 12, first 11:XX, fort first pb, second sub13 today"
3/20/2026 16:42:28,Full Shipwreck,Lava Pool,Bastion,00:22:33,00:03:50,00:09:33,00:04:02,00:14:05,00:16:14,00:17:42,00:19:36,00:21:47,8,2,14,0,0,6.83999E+18,Treasure,Full Bow,0,0,9027,FALSE,"Nearby ocean with nothing, full iron tools from boat, no shears, portal from underwater cave, spawns on fort, crafts garrots with fort gold, skeleton and wither skeleton guarding blazes, 2 spikes, bad terrain to bastion, mines nether gold ore for another garrot, basalt corrupted treasure, threw out gravel, 18 obi, knocked down to 2 hearts by piglin,  mines bottom treasure gold, grabs dia sword, double obi misplace, 0.4 ac, grabs wood while bridging to coords, caved, creeper , falls in ravine while hunger resetting, bails on zero, 2 hearts one cycle"
3/20/2026 16:17:49,Full Shipwreck,Magma Ravine,Bastion,00:23:21,00:03:38,00:04:50,00:11:18,00:13:30,00:16:10,00:16:51,00:17:55,00:22:45,8,0,13,0,0,5.45812E+18,Bridge,Other,0,1,9026,FALSE,"Desert island spawn, dolphin brings to RP with gapple/2 obi, 14 iron boat, ravine enter, dig to bastion, double single bridge, skeleton bullying trading hole pigs, scuffed hoglin food, fort achievement while still digging, mid plumbing job for spawner, 0.6 ac, sheep on blind for food/wool, ghostbuckets, zombie duo in nether, falls off while zero cycling, crafts crossbow, kills dragon in three perches"
3/20/2026 15:52:07,Structureless,Lava Pool,Bastion,00:24:30,00:04:47,00:10:44,00:17:12,00:19:21,00:21:09,00:21:09,00:22:31,00:23:25,10,1,18,0,0,3.85274E+18,Treasure/Treasure/Treasure,Zero Cycle,1,0,9025,FALSE,"Plains spawn, immediate cave, sheep and pig for food, lava pool at the bottom of ravine, falls into lava pool immediately after entering, kills cows, careful bridging, dia sword in bottom treasure, another treasure on pie-ray so returns to spawner near home portal, avoids second treasure, kills hoglins for food, warped tree and lava on first spawner, 0.9 ac, eye spy, bats in sh, 92 zero"
3/20/2026 15:26:57,Structureless,Lava Pool,Bastion,00:24:26,00:06:00,00:08:24,00:14:31,00:18:20,00:20:49,00:21:41,00:22:23,00:23:16,8,0,16,0,0,6.59373E+18,Bridge,Zero Cycle,0,1,9024,FALSE,"meowdy at spawn, mined cobble in water pool, bolan for iron, found lava while digging for bolan, boxed a ziglin, bad trades, got backups, but still not enough obby, pearl hanged towards home portal, got hot tourist, plumbing, 0.6 angle change, failed boat clutch, sheep for wool, 1/8, went for 88, epic zero"
3/20/2026 14:27:20,Full Shipwreck,Lava Pool,Bastion,00:20:39,00:07:47,00:09:03,00:13:46,00:16:27,00:17:28,00:18:45,00:19:16,00:20:04,7,2,18,0,0,5.30212E+18,Treasure,Zero Cycle,0,4,9023,FALSE,"Ship for map and food, banger bt, kept map to check for desert lava but nothing, crafted tnt to blow up trees, 3 min underground for lavapool, mined bottom treasure first, dia pants, piglin constantly pushing away from trade hole, 19 to fort, 1.1k blind, 5-way ception insta nav, eyes pre-placed in fourk tnt style, back 99 on last anchor"
3/20/2026 14:05:45,Structureless,Lava Pool,Bastion,00:31:05,00:08:49,00:13:30,00:22:18,00:24:09,00:26:04,00:28:07,00:28:31,00:30:32,7,0,20,1,0,-6.43083E+16,Treasure,Half Bow,0,0,9022,FALSE,"Went caving, less animals so also hunted salmon, miles long tunneling, baited by fake mineshaft lava, lava ravine near, sub 9 enter, mining at y103, didnt pay attention and iron pick broke, still quite a way to trevor, got rolled on iron in bottom, finally got it from 1st top chest, knocked off bridge during route, got all trades just off top gold, no fort in 32, 19 pork from hog killing spree, said hello to housing, basalt fort 1k out in nether, TAS gravel tech for blaze in hot tub, measured eye through fancy leaves texture, 0.9 ch, caved under mountain, y105 -> 34 sh digdown, insta-navved strongshaft, hater dragon flew on 99 and killed sub 30 hopes"
3/20/2026 13:30:35,Buried Treasure w/ tnt,Lava Pool,Bastion,00:12:45,00:02:32,00:03:14,00:06:59,00:09:28,00:10:36,00:10:59,00:11:25,00:12:27,16,1,14,0,0,7.14778E+18,Bridge,Zero Cycle,0,1,9021,FALSE,"BT right off spawn, enterable rp, has to mine 2 crying obi, sub 3 enter, absurd nether, bastion and fort right off spawn, double single bridge, down to 1 and a half hearts trying to get piglins in the hole, so many piglins, 19 obi, sub 7 fort, pearl hangs, nice rates, killed so many hoglins for food, home portals, .6 change, close coords, ocean exposed, instant nav, top 5 time ever, sub 13 "
3/20/2026 13:11:22,Misc,Magma Ravine,Bastion,00:23:47,00:07:08,00:12:14,00:08:46,00:18:42,00:21:45,00:22:01,00:22:08,00:22:56,8,0,16,0,0,6.51167E+18,Bridge,Zero Cycle,0,0,9020,FALSE,"shipwreck for 1 singular iron, BT for 17 more iron, shears for a bunch of leaves, sheep kingdom, magma ravine enter, nothing on pie, runs random direction, fort and bastion in sight, fort first, ows because no fire res, a million strays in hallway, gets almost all rods before even getting to spawner, double single bridge, very few piglins to trade, kills hog for more food, 17 obi, 4 blocks of gold for 2 more obi, finally gets enough for 2 portals, blinds above ocean cave, .9 angle change, keeps bonking his head getting to coords, ocean exposed, direct nav to portal room, zeros and BANGS"
3/20/2026 12:45:46,Structureless,Lava Pool,Bastion,00:23:06,00:05:35,00:07:51,00:13:36,00:16:10,00:18:17,00:20:04,00:20:55,00:21:44,8,2,18,0,0,5.21042E+17,Treasure,Zero Cycle,0,2,9019,FALSE,"Spruce village creeping into plains, only good for little bread and largfern, dipped to cave, digdown enter, trevor 21 chunks from spawn, hoglins in bottom, fire aspect sword, nether fog baiting for fort silhouette, actual one 29 chunks away fort, 2.2k blind dist, ocean non exposed and trident guy, fell through cage gap on tower, boated outand made front 95"
3/20/2026 12:19:06,Half Shipwreck,Lava Pool,Bastion,00:23:40,00:06:00,00:10:39,00:15:34,00:17:41,00:18:50,00:21:19,00:21:26,00:22:28,8,0,17,0,0,-4.41619E+17,Bridge,Zero Cycle,0,0,9018,FALSE,"Lavapool in plains, had to run way further for a good cave, killed pigs before enter, lot of wall terrain to brijj, cs, 14 to ssv fort, 1.3 ch, went complete wrong way and was 1k blocks off, fortunately mostly ocean travel to ocean exposed pr, front 90 SS"
3/20/2026 11:50:41,Buried Treasure,Lava Pool,Bastion,00:23:57,00:05:53,00:07:40,00:15:35,00:17:05,00:18:29,00:18:29,00:20:09,00:22:08,6,0,13,2,0,4.98651E+17,Housing/Treasure,Full Bow,0,1,9017,FALSE,"Horrificly land buried ship, well worth punching through stone for 12 iron, 6 diamonds in ocean ravine, mined straight under zombie dungeon, lavapool beside but way too many mobs to deal with first, manhunt hauss, lava around the centre and bad time for ziglin to walk through, 1 pig route, got treasured, chose not to break and push further extra regional, saw a brijj some time later, killed hogs along the way, fort 1.1k out in nether, 1.6 ch in 3rd ring, icepie, horrible strongshaft, eventually heard silverfish, front 99, last anchor did no damge, bowed down all crystals and dragon before it perched"
3/20/2026 11:25:18,Structureless,Lava Pool,Bastion,00:25:12,00:05:11,00:07:26,00:17:19,00:20:38,00:21:55,00:23:22,00:23:40,00:24:30,8,0,12,0,0,4.07756E+18,Treasure/Housing,Zero Cycle,0,0,9016,FALSE,"Caved and killed animals, y14 lavapool, bridged across lava sea to trevor, rolled on chest obby, mined entire bottom, 2 dia for sword, worst rng ever and ended on 19 obby, 27 chunk diag fort being proving difficult to find, pearl hung towards spawn, hogs wandering around lava, ran into housing on the way for the final obby, 1.0 ch, digdown fortunately past gigantic mountain, weird overhang, still made back 95 offset"
3/20/2026 10:58:32,Structureless,Lava Pool,Bastion,00:16:30,00:06:35,00:06:57,00:10:35,00:12:29,00:14:14,00:14:41,00:15:01,00:15:55,7,0,18,0,0,7.25354E+18,Bridge,Zero Cycle,0,1,9015,FALSE,"Average structureless ow, felt one of the erays was trevor, ended up at a brijj, dk, 230 e count on 15 rd but still real, b2b 10 fort, blaze learning spy techniques, 1.3 full diag ch, strongshaft not giving much hope but pr visible in cave, back 99, waited extra rotation on last anchor to do massive damage for kill"
3/20/2026 10:40:05,Misc,Lava Pool,Bastion,00:18:53,00:04:02,00:06:47,00:10:40,00:12:37,00:13:42,00:13:50,00:14:20,00:16:20,9,0,13,1,0,-6.96918E+18,Stables,Half Bow,0,1,9014,FALSE,"Jungle spawn, gapple and fns in rp, considered using silk touch on melons for more food, another lavapool, no caves, dug towards spider noises, mined into a fully enclosed dungeon, ripped all the iron supply from it, 4 min enter on a very silly and fun ow, eray on 32, shrooms gathering, saw fort but close enf to go bastion first still, ttg smooth with gold picks, 10:xx fort, 9 rods, crossbow craft, 800 block blind, reverse psychologied game into getting caved next to sh, fumbled a little for back USS, dragon flew on 99 anyways, perch for low 16"
3/19/2026 18:53:55,Desert Temple,Lava Pool,Bastion,00:21:12,00:05:07,00:06:52,00:09:54,00:12:21,00:15:51,00:17:44,00:18:07,00:20:43,8,1,19,0,0,9.10438E+18,Treasure,Half Bow,0,3,9013,FALSE,"DT and ocean ruins overlap, creeper and skeleton inside, ranked 9 iron loot, brick moment on light for tnting trees, heart attack seeing tall desert house and thinking it was a cactus, lavapool in desert, ssv fort at spawn, insane pearl trades from top treasure, left with <20 obby coz home portal, fourk tnt, TASsiest pearl hang, 0.6 full diag, pick broke reaching coords, ghost item, dragon flew on zero, took a while to perch"
3/19/2026 18:32:03,Structureless,Lava Pool,Bastion,00:28:04,00:08:47,00:10:39,00:14:05,00:16:31,00:21:50,00:22:43,00:24:31,00:25:20,8,0,23,0,0,9.29681E+17,Housing,Zero Cycle,0,0,9012,FALSE,"GOT THE GREEN LIGHT for something, pretty great food from bad boat, ocean turned bad so dipped to cave, led to lavapool too, surfaced to see a full boat in the dist, turtles migrating inland due to rising sea levels, couldnt block off pigs at housing mid during td, -1 gb, low stgarrots with extra gold, 2 gapple rp on the way to fort, huge sheep gathering on blind, 2.2k blind dist, pearl hang to coords not working, new misplace unlocked, -40s, ocean exposed sh, pretty flower garden room, overshot pearl and landed on further tower, pearled back and pushed 95"
3/19/2026 17:54:19,Full Shipwreck,Lava Pool,Bastion,00:21:34,00:06:14,00:07:08,00:13:50,00:15:20,00:17:26,00:18:34,00:20:05,00:20:48,8,0,15,0,0,-1.48211E+18,Housing,Zero Cycle,0,2,9011,FALSE,"Headed into ocean, gapple + tools from rp, spotted blacksmith, looted 2 pathetic ships with enf iron first, very much needed due to the most cosmetic blacksmith ever, dove into ocean ravine, shot from above into only stray lava around, had to eat gapple to live, baby size lavapool, better one further, chose non-stables eray, td hauss, backups for obby, 30 to basalt fort, fall guys cosplay, 0.8 ch, nether sheep, relogged during preemptive, front 99, greenfrogs rolled an insanely well centred igloo sh"
3/19/2026 17:31:30,Half Shipwreck,Lava Pool,Bastion,00:18:49,00:05:31,00:06:32,00:13:04,00:14:01,00:15:46,00:16:30,00:16:58,00:17:51,8,0,8,0,0,5.01262E+18,Stables,Zero Cycle,0,1,9010,FALSE,"Good boat, looted rp on the way to bt, dipped to killing animals upon seeing lavapool, ttg, gapple in rp, 18 to fort, 1.0 full diag ch, front 92 setup"
3/19/2026 17:11:44,Buried Treasure w/ tnt,Magma Ravine,Bastion,00:21:49,00:04:36,00:11:17,00:05:10,00:15:37,00:17:27,00:18:32,00:18:47,00:20:14,8,0,24,0,0,-8.71989E+18,Housing,Ground Zero,0,3,9009,FALSE,"palindrome run no., rp with 16 iron nuggets, gold shovel and pants, otagle, got wood and went to ocean, got a shipwreck and bt for all the iron ever, crafted extra gold shovel on accident, found a magma ravine and insta fort on enter, fort first, hoglin vs piglin, hoglin won, closed spawner, very diagonal bastion, stream lagged, advancement leaked bastion, bad trades, got backups, got pearls from trades and obby from chest,hit by spider while blinding, 4/5 eye breaks, enclosed end, went for ground, no arrows, close but not sub 20"
3/19/2026 16:48:31,Buried Treasure w/ tnt,Lava Pool,Bastion,00:17:03,00:04:05,00:06:03,00:10:41,00:13:26,,00:15:04,00:15:22,00:16:44,8,0,18,0,0,1.40408E+18,Bridge,Ground Zero,0,1,9008,FALSE,"Beach spawn, fake BT spike, 13 iron ship, BT with 6 TNT, digdown for lava, kills crimson hoglins for food and pelts snowballs at them (karma'd by piglin crossbow), double single bridge, 3 obi from trades, loses bucket and fire charges, mountain blind, high roll ow travel, instanav, ground zero sub 17s"
3/19/2026 16:29:51,Structureless,Lava Pool,Bastion,00:24:20,00:07:36,00:09:02,00:15:31,00:17:43,00:19:37,00:20:48,00:22:48,00:23:37,10,2,16,0,0,-3.08135E+18,Housing,Zero Cycle,0,2,9007,FALSE,"Campfire on pie but loses it, RP with no chest, cave for iron, tactical fishing food, enter with lava from RP, melees piglin into lava, 10 obi in chest, diagonal fort, 0.8 ac, silverfish on digdown, lying pre-emptive and nav, zero cycle"
3/19/2026 16:04:32,Full Shipwreck,Lava Pool,Bastion,00:15:54,00:03:30,00:05:14,00:07:55,00:10:31,00:11:46,00:12:19,00:12:41,00:15:26,7,0,21,0,0,2.61531E+18,Treasure,Half Bow,0,1,9006,FALSE,"No loading screen run, boat with 10 iron, above ground lava pool, 17 chunk bastion, fort on the way, pigs already in trading hole, sub 8 fort, caved blind, TAS educated, insta nav, dragon flies on 95, perch for low 15"
3/19/2026 15:25:50,Village,Lava Pool,Bastion,00:30:03,00:06:20,00:07:52,00:12:01,00:14:43,00:16:23,00:16:54,00:17:41,00:21:28,7,0,13,0,1,-8.76181E+18,Bridge,Half Bow,0,3,9005,FALSE,"Desert spawn, loots temple, nothing but golden apple, nearly dies in cave, nearly suffocates twice due to separate creeper explosions making sand fall, third creeper blows up iron, down to half a heart for fourth explosion, village, hit by golem, TNT blows up wood, grass tree, hears cave lava pool, does an ""artistic donkey kong"", lava flooded single, pearls to fort, caved blind, 1.1 ac, double eye break, 8 min pause split, 3m perch"
3/19/2026 14:53:30,Structureless,Lava Pool,Bastion,00:31:33,00:06:31,00:08:16,00:19:53,00:20:58,00:24:48,00:25:46,00:27:50,00:30:33,13,3,16,0,0,-5.75113E+18,Treasure/Treasure,Half Bow,0,0,9004,FALSE,"Cave for iron, search for gravel digs 25 before flint, follows sheared leaves to find furnace, goes back to cave for lava pool, floating spawn, RP with sharpness sword and no gold block, no pigs trading, runs into bridge on the way to fort, avoids 2 treasures e-ray, terrible terrain to fort, blinds between mountains, 0.9 ac, runs out of fire res so crafts shield, mobs party in sh, deep pr, attempts to staircase up for zero but bails (blocking crystal for half bow), explodes anchor first and misses perch, second perch sub 31"
3/19/2026 14:20:23,Full Shipwreck,Lava Pool,Bastion,00:20:49,00:06:13,00:07:49,00:12:57,00:14:44,00:17:04,00:18:03,00:18:40,00:20:22,13,2,12,0,0,-8.15159E+18,Bridge,Half Bow,0,1,9003,FALSE,"Ocean near spawn, warm ocean ruins, went too far south for BT, 2 dia no TNT, floods lava pool because leaves burnt, two spikes, double single bridge, 5 obi 8 crying in chest, terrible obi trades, blows up blaze when blaze bedding, dig to coords, lava under starter staircase and open dungeon, bails on zero "
3/19/2026 13:58:30,Structureless,Magma Ravine,Bastion,00:19:27,00:06:11,00:07:00,00:10:55,00:13:08,00:14:30,00:15:24,00:15:44,00:18:51,7,0,18,0,0,4.30988E+18,Bridge,Other,0,4,9002,FALSE,"got some wood and went to ocean, insta dolphin, bt map from ocean ruin, only 1 iron, tnt cannon for wood, bad boat, committed to magma ravine and dug 6 iron ore, overlapped smelting with magma portal, good spike on enter, called the pigface a chalice, tnt'd pigface, double single, dk, fort in 16rd, 1.3 beautiful angle change, b2b 4 eye, skipped zero, went for ground but flew, solid sub 19"
3/19/2026 13:32:51,Structureless,Lava Pool,Bastion,00:21:39,00:05:15,00:07:03,00:14:20,00:16:05,00:18:04,00:19:32,00:20:10,00:21:03,8,1,14,0,0,8.03051E+18,Bridge/Treasure,Zero Cycle,0,4,9001,FALSE,"Final big push for 10K, caved for iron, decent animals around, digdown enter, no close eray, beautiful view of pigface, double single cs, left bucket in chest, only 15 obby, spawner trevor anyways, got the obby in top chests, fort being a pain to find, 0.4 ch in 2nd ring, big mushroom island, over 500 off for ocean exposed sh, 2.5k dist with sub 0.4 real ch, front 95"
3/19/2026 12:53:01,Full Shipwreck,Lava Pool,Bastion,00:23:10,00:05:03,00:05:59,00:12:33,00:14:19,00:15:09,00:19:36,00:20:12,00:22:38,7,0,14,0,0,3.25658E+18,Stables,Half Bow,0,3,9000,TRUE,"RUN 9K, run 2000 was on same day 3 yrs ago, Big Speech about the last year and especially the past 5 months grind and what's to come up in the near future, 1.21.11 hopefully for the last time, ocean spawn, amazing ship + bt, dugdown into cave with lavapool, blocked off to prevent it turning to water, insane 5 min enter, brute on 8 rd, fully gaslit self and chat into thinking it was hauss instead of stables, sharp 3 sword, both good gaps and 1 triple, ripped 13 garrots, ziglin in the way of ttg, generational pigs lockin for 20 pearls (25%), ssv fort only 15 chunks away, unreal wither reach, sub 15 cave blind, educated close sh, caved again but found diamonds for pick, mined obby for 3rd portal, eye turned around, still caved but under ocean, eye going literally back to 1st portal, eye breaks worked in favour, insane to rip a 170 block blind, didnt properly triangulate but mined into dungeon behind sh jail, massive preeptive spike, pr behind hidden, TAS half bow but dragon mean as ever, didnt kill with beds, jumped when trying to hit dragon and got shot out of fountain, pearled back in to slowly kill with sword, new 2nd fastest recent version, building portal at other spawner would have put in cave system close to library tho somewhat far, NRI 9K x EG Roster Revealed, $2000 prize pool, 4th April 12PM EST"
3/19/2026 12:18:51,Full Shipwreck,Lava Pool,Bastion,00:21:35,00:08:46,00:11:25,00:15:35,00:17:49,00:19:06,00:19:54,00:20:14,00:20:59,8,0,10,0,0,4.97614E+18,Bridge,Zero Cycle,0,2,8999,FALSE,"Last run of 8000s, shortest 1k split ever completed in 79 days, spawn near ocean, ripped insane 55 wheat chest (1 in 334) and then 4 dia in bt, lava store not cooperating, dug into sh ring, got poisoned by witch, almost died to insane mob army in cave, finally found lava and entered sub 9, far out bridge, ripped all trades, ssv fort with classic stray nation, decent rates, 1.2 ch, TAS pearl to coords, quick nav, hit the zero"
3/19/2026 11:56:06,Structureless,Lava Pool,Bastion,00:52:05,00:06:28,00:09:49,00:15:31,00:43:04,00:45:53,00:46:32,00:49:40,00:50:50,16,2,35,2,1,-3.1106E+18,Bridge/Bridge,Ground Zero,2,0,8998,FALSE,"Structureless ow, no lava visible from hilltop, stumbled into skeleton dungeon going down a cave, mined into lava ravine, super far eray, 1/2 endermen, surprised seeing brijj with huge entity spike, dk, pacelocked on 16 obby, close spawner and could tell based on quadrants, went out to check it was real, grabbed forbidden backups as well, still only 17, too many horse armors in fort chests and no obby, headed to new eray after killing blazes, underestimated terrain being bad, wasnt paying attention and mined into wall lava, had just run out of fire res and died with everything, decided to go for far away village seen earlier, ripped emeralds for bucket, ran back 500 to enter portal, erayed new bastion, another brijj, surprise piglin attack, knocked into piglin pit and died again, returned 7 min later, saw fort highway right next to pigface LOL, cs, built staircase for crimson pigs, hot tourist inside fort, 0.5 ch, stupid nav to creeper squad outside pr, not risking hour+ on zero"
3/19/2026 11:03:16,Structureless,Lava Pool,Bastion,00:23:33,00:06:41,00:08:04,00:16:19,00:18:36,00:20:36,00:22:01,00:22:16,00:23:05,8,0,19,0,1,7.5025E+18,Treasure,Zero Cycle,0,0,8997,FALSE,"Plains village, villagers arriving from miles away for jobs, dugdown on river near village 2 past dark oak, pickaxe on life support when reaching lava, sad to see trevor especially with pick situation, piglin divebombed onto bridge using tree, almost knocked into lava, took a breather to smelt for new pick then route, no good trades so had to go bottom, got pingponged from every direction by magam cube and crossbow guys, almost died, worst rng on gb dropping into lava, 30 chunks to ssv fort, 0.7 full diag ch to -200 -200, insta nav, back 95"
3/19/2026 10:37:37,Full Shipwreck,Lava Pool,Bastion,00:29:05,00:05:59,00:08:09,00:16:28,00:18:53,,00:23:00,00:26:42,00:28:19,8,0,17,0,0,-5.41073E+18,Housing/Treasure/Treasure,Ground Zero,0,2,8996,FALSE,"Swam to shipwreck, invaded dolphins' privacy while they were kissing to retrieve flint and mine out map chest, 3 diamonds after bt, no good ravine so dugdown for lavapool, td hauss, atrocious obby trades but dia pick so left on 14, knockback 200 on hoglin, spectating burning hog from lower terrain, wanted piglin to kill it but the pig instead fell to its death, went up just for food to drop down again, didnt like spawner, got divorce double-trevor babastioned, had to break both, insane quantities of ingots, forgot to trade for obby, no spawner in 32, travelled quite some way before loading, fort 1.2k out, didnt overlap 6 obby mining, 2.2k blind dist, dungeon fully eaten, most disgusting 4 min nav, dragon flew on back 95, W bars saved from fireball for ground"
3/18/2026 19:47:44,Structureless,Lava Pool,Bastion,00:28:22,00:06:24,00:08:59,00:15:53,00:18:19,00:20:47,00:22:42,00:23:43,00:26:48,9,2,17,1,0,-2.61044E+18,Treasure/Treasure,Half Bow,0,3,8995,FALSE,"Typical structureless ow, surprise ravine dropper while trying to fix glasses, fell into tiny crevice while eraying, enjoying nervous laughs with chat abt something unknown, far trevor to make it double digit treasure first for the day, pig nation, created a rooftop party by going bottom, treasured 16 away, sharp 1 sword, hot tourist in fort, 0.5 ch, left on 13 eyes, 350 off but no blakes (breaks), strongshaft with slime, dragon flew o n back 95, thought enderman was mad from earlier but apparently no, took sweet time to perch, also flipped, last stream before run 9K"
3/18/2026 19:17:40,Buried Treasure,Magma Ravine,Bastion,00:15:21,00:02:21,00:04:00,00:07:00,00:08:50,00:10:45,00:11:18,00:11:54,00:14:54,7,0,14,0,0,-3.98737E+18,Stables,Half Bow,0,1,8994,FALSE,"TAS mapless bt, 16 iron, didnt think ravine was real at first, mid 2 enter, saw fort in corner of screen, double good, missed easy jump to mid chest, scary gap route, 19 obby curse prevails, found it in last chest, sub 7 fort when it could have been sub 6, miscrafted most wool into banner - first time ever, sheep pack on blind, 0.9 ch, lost 50-50 on direction for nav, pearl clip got stuck so no zero, made a loom and tried to put ender eye in dye slot, took time to perch but still sub 15, placed banner before going through fountain"
3/18/2026 19:00:28,Full Shipwreck,Magma Ravine,Bastion,00:19:11,00:05:24,00:06:19,00:12:07,00:14:20,00:15:40,00:16:59,00:17:30,00:18:23,7,2,17,0,0,-6.6585E+18,Treasure,Zero Cycle,0,3,8993,FALSE,"Ocean from world loading screen, UD ship for map and some iron, banger bt with 3 tnt, posion stew, 2x1 portal, dolphin died, W drags on trevor bridge immediately followed by jumping off almost into lava, 19 obby for the millionth time so bottom, 23 chunk fort, wither skull, 1.4 ch, came close to dying to skeleton squad avove sh, ez nav, back 95 down to last anchor"
3/18/2026 18:40:15,Structureless,Lava Pool,Bastion,00:22:23,00:06:27,00:07:03,00:11:05,00:13:25,00:16:01,00:17:30,00:19:54,00:21:48,10,1,18,0,0,4.90804E+18,Stables,Half Bow,0,2,8992,FALSE,"Giant ravine near spawn, pigs for food, dug right into 5 diamonds, lavapool ahead, pivotted from ttg to playing double triple instead, ripped pearls and 19 obby, 27 chunk ssv fort, spawner plumbed, 0.5 ch, 2.4k dist, ocean exposed sh, food supply altar, dungeon fully eaten, absurd nav running past every zombie type ever, setup for perch, 4 rotation kill despite bad 1st anchor"
3/18/2026 18:16:47,Village,Lava Pool,Bastion,00:20:15,00:04:57,00:12:26,00:05:30,00:15:19,00:17:01,00:17:37,00:18:09,00:19:23,8,0,17,0,1,7.84628E+18,Stables,Ground Zero,0,1,8991,FALSE,"Plains village ow, 4 iron golem+ cod, ravine digdown for lavapool, sub 5 enter, bastion on 28 rd, randomly dug 2 blocks and exposed fort wall, ripped 3 diamond chest, chose to play first, good gap stables, ziglin squad on ttg, blinded next to pillager outpost, skeleton skating around to find angle to shoot, 0.6 full diag ch to very far 2nd ring, 160 blocks from 2nd ring edge, no back zero on cage spawn, ground pivot"
3/18/2026 17:55:32,Structureless,Lava Pool,Bastion,00:24:29,00:08:54,00:09:39,00:13:11,00:16:43,00:18:13,00:19:21,00:20:59,00:21:51,8,0,18,0,1,-8.96359E+18,Stables,Zero Cycle,0,1,8990,FALSE,"Jungle spawn, asked MODS to find jemple, bell on pie after leaving jungle, went caving first, desert village for food and golem, messed up counting sources in tiny lavapool, another one in same cave was deep enf to make a portal, 9 min enter, floating spawn with stables in the face, only single triple, 16 pearls and 12 obby, didnt think spawner was real but didnt use pearls just in case, turned out warped fort and close to being a fastion, pearl hang under home portal bridge, awesome strays in bad part, educated close, 950 block blind, strongshaft, supply minecart in pr, front 95 small boi, lost 1 bed but still pulled through"
3/18/2026 17:22:18,Structureless,Lava Pool,Bastion,00:22:13,00:06:22,00:10:46,00:15:49,00:16:52,00:18:15,00:18:54,00:20:34,00:21:23,7,0,9,0,0,3.96039E+18,Bridge,Zero Cycle,0,3,8989,FALSE,"Structureless ow, no gravel but found stray lava in cave to kill animals, milked cow while killing it, dug into cave with HUUGE lavapool, gravel and 1 diamond, highest yet y117 spawn, regular alertness checks with random wall lavas, fully mined over 7 stacks of netherrack before entering brijj, ziglin climbed dk, 19 obbied, had to get backups, 23 to fort, TAS pearl onto spawner, 1.1k blind dist, caved too high to icepie, no good spike, zombie climbed ladder, front 99"
3/18/2026 16:58:58,Structureless,Lava Pool,Bastion,00:22:13,00:05:41,00:07:43,00:13:15,00:16:05,00:17:31,00:18:16,00:19:45,00:21:50,8,1,14,0,1,-8.88134E+18,Stables,Half Bow,0,1,8988,FALSE,"Very close campfire, 2 blacksmiths combined for 1 iron, great food chests, going for obby crafting table recipe, killed golem then caved, digdown for lavapool, y107 spawn, placed bed instead of boat, stables across lava, hoglin gathering, 2 of them invaded mid during mtg, enf obby after chests to be worth trading other gap, 17 to fort 0.7 ch, almost fatal misplace twice, 4/4 breaks (1 in 625) and chose to digdown, hit sh, weird fyroah law, flew on 99, setup during perch very late"
3/18/2026 16:33:28,Full Shipwreck,Lava Pool,Bastion,00:30:09,00:05:16,00:06:31,00:13:27,00:16:08,00:17:53,00:20:12,00:20:45,00:28:57,12,3,13,0,0,7.77232E+18,Treasure,Ground Zero,1,0,8987,FALSE,"Headed to ocean, ruins map, rolled by another 6 iron bt and minimal food, lucky lavapool rp nearby with light, babymode portal build, best friend trevor, ziglin on staircase, bottom for more obby, extra diamond to make sword, 25 chunk basalt fort, big fella sky attack, 0.5 ch, 400 off for 2.3k blind dist 1st ring, pink sheep, swamphold, crazy wormhole nav,  pearled into small boi crystal, forgot abt o57 cage and still pushed 95, got launched and not enf health to pearl clutch, sh pretty shallow so ran back through overworld, rp for iron pick, 2nd pink sheep of the run, returned in 6 min, whiffed pearl in for perch to weird terrain, ground after"
3/18/2026 16:02:06,Full Shipwreck,Lava Pool,Bastion,00:22:28,00:05:57,00:09:13,00:15:22,00:17:38,00:18:32,00:19:17,00:20:16,00:22:07,8,0,14,0,0,2.32006E+18,Bridge,Half Bow,0,1,8986,FALSE,"Sub 17 pred, chose ocean instead of DT for speed, randomly encountered a ship, ds2 boots, armor in rp, another ship and bt later - enf iron for anvil, also ff3 boots, dugdown for lava, hard punished for not grabbing bt diamond with 2 at lavapool, b2b poison stew, eray being weird, buried brijj, cs but double single, boot collector arc, only 14 obby, 25 to fort with hp pearl hang, spawner fully encased in fort leg so played other one, hp educated, zooming with dolphin's grace and ds 2, ocean exposed sh, o59 cage into back 90, dragon flew on 95, perch soon"
3/18/2026 15:38:02,Buried Treasure w/ tnt,Magma Ravine,Bastion,00:16:27,00:02:40,00:04:11,00:09:05,00:11:40,00:12:48,00:12:49,00:14:59,00:15:48,11,1,17,0,0,6.95315E+18,Treasure,Zero Cycle,0,0,8985,FALSE,"Ripped 7 iron mapless, menacing shattered savanna for wood, fake kelp, went down ravine cave, led to magma ravine, mid 3 enter, unhappy with trevor, ziglin nation, pacelocked by 1 obby, diamond armor nation, boat break, 9 min warped fort with good terrain decisions, entire highway covered in trees, holy 270 block blind, crazy shallow sh, icepie, zombie dungeon giving wrong spike, laggy front 95 "
3/18/2026 15:20:43,Full Shipwreck,Magma Ravine,Bastion,00:19:01,00:04:49,00:09:55,00:08:14,00:14:50,,00:17:25,00:17:39,00:18:32,8,0,14,0,0,9.17048E+18,Housing,Zero Cycle,0,2,8984,FALSE,"Ravine nation ocean, ship+bt, scuffed magma portal, genius skeleton fell off ledge, stumbled into ssv fort, eray same way so tried taking fort terrain, super high, wither strays everywhere, a 2nd fort and housing much closer in proximity, fofastion Cinema, td, low pearls and 12 obby, backup gold for garrots, decent blind coords at fort, awesome 1.5 ch, sick shattered savanna, insta nav, front 95"
3/18/2026 15:00:19,Buried Treasure,Lava Pool,Bastion,00:20:37,00:03:44,00:06:21,00:14:42,00:16:57,00:17:29,00:18:48,00:19:06,00:19:51,9,0,15,0,0,7.73741E+18,Stables/Treasure,Zero Cycle,0,2,8983,FALSE,"Generational mapless-less streak ends after 267 runs(last on run 8715), amazing loot, ravine digdown, lavapool near 150 150, sub 4 enter, monster 92 eray spike, could only see a stables, holy pig numbers on ttg, treasured 15 chunks away, boat break going down, trade pitstop, murdered big hoglin family, 20 full diag fort, 9 rods, caved under giant mountain so educated, re-axised in jungle, chunk error, front 99 to sub 20 "
3/18/2026 14:37:05,Full Shipwreck,Magma Ravine,Bastion,00:18:11,00:05:25,00:08:47,00:12:27,00:14:07,00:15:54,00:16:35,00:16:53,00:17:48,8,0,10,0,0,-8.57181E+18,Bridge,Zero Cycle,0,2,8982,FALSE,"9 bread 4 iron ship, map way too far but well worth 8 salmon and tons of iron, ravine seemed fake, messed up portal but fixable, tnt'd logs on enter, quite a wall into brijj, pigface tnt, dk with a million pigs, ssv fort very close, 1.3k blind, hot tourist, insta nav, back 90 to sub 18"
3/18/2026 13:53:29,Village,Lava Pool,Bastion,00:21:27,00:07:52,00:08:44,00:13:06,00:14:11,00:15:44,00:17:42,00:18:20,00:19:05,8,0,17,0,1,1.97283E+18,Housing,Zero Cycle,0,2,8981,FALSE,"Ocean further than expected, 1 iron empty map ship, loaded furnace so dipped to desert village, missed RP, 5 iron blacksmith, lavapool nearby, woodlight enter, saw fort and housing from spawn, grabbed exposed outer gb, unfortunate lavafall and terrain made it lava hauss, plumbed before routing, had to wait for it to drain, some stupid pigs went in too early, 0.9 ch to far 1st ring, wasnt far from iceping but had to digup on mountain and then digdown 30 blocks later, front 99"
3/18/2026 13:31:01,Full Shipwreck,Magma Ravine,Bastion,00:22:24,00:04:06,00:06:00,00:13:22,00:15:52,00:18:31,00:19:14,00:20:00,00:21:10,8,0,13,3,0,3.2491E+18,Treasure,Ground Zero,0,0,8980,FALSE,"Awesome shipwreck, went bt for extra food, 4 min enter at y105, treasure taking the whole spotlight, crimson tree on bridge covered one gb and gave new path for pigs to attack, low top gold, hoglin on roof went chasing a piglin into crimson, greeted with 2 hogs on boating down to bottom, insane kb into lava, most unnatural experience ever, half dia armor + sword, traded everything but still leaving on 19 pearls, fort 19 away, blamed misplace on 15 min lag, eye went in portal, thought reverse icepied but was just tweaking, 0.6 ch, all 3 broke, very far 1st ring, warped endermen on the way for safety, nailed 2nd portal, 4/5 breaks (0.8%), heard silverfish, went straight for ground"
3/18/2026 13:07:44,Structureless,Magma Ravine,Bastion,00:29:05,00:07:45,00:10:15,00:19:08,00:20:30,00:23:03,00:24:37,00:27:11,00:28:05,8,0,15,0,0,5.02651E+18,Treasure,Zero Cycle,0,0,8979,FALSE,"Lavapool on coast, map from ruins, again rolled by 6 iron bt, found rest in cave, magma ravine enter, lavafall jumpscare while killing hogs, 20 porkchops, non-stop trevor, 13 obby so bottom time, ripped 3 dia for blue pick, spawner on 32 rd, didnt feel was real until hearing blazes, 0.3 ch to very far 2nd ring, coords at a housing, caved y19 depite 2nd portal at y90, 2766 dist (0.363 ch), mob city, horrific nav, front 95 small boi"
3/18/2026 12:34:47,Structureless,Lava Pool,Bastion,00:24:36,00:05:32,00:06:51,00:14:33,00:16:49,00:19:46,00:20:56,00:21:38,00:22:40,8,0,20,0,0,6.0109E+18,Treasure,Zero Cycle,0,1,8978,FALSE,"Cave-ception to find iron, saw it potentially go deeper on the way to surface, pig nation, cave led to mineshaft and lavapool, pig ambush on boomer, had to go bottom, pigs falling from the roof and dying, dia chestplate, BlockWars team announced for 28th March, pearl hang while waiting on trades, 20 obby on very last one, stumbled into fort in ravine, blind 70 blocks underground, educated 0.6, nailed by <100 blocks, perfect pick break on digdown, thought overhang was cage spawn, back 95 USS"
3/18/2026 12:09:15,Full Shipwreck,Lava Pool,Bastion,00:20:04,00:05:35,00:06:07,00:11:38,00:13:25,00:14:53,00:15:25,00:18:05,00:19:20,8,0,12,0,0,-1.6081E+18,Treasure,Half Bow,0,2,8977,FALSE,"Buried ship cosplaying mapless spike, punched stone to mine out map chest, 6 iron 2 dia bt, went back to ship for collecting treasure chest, ravine digdown, insta trevor, mined bottom first, ssv fort, decent blaze strays on the way to spawner, somehow escaped wither conga line, 1.4 ch, outpost room wood for c-table to make gapples, mineshaft explaining weird spike, place bed instead of obby on zero setup, ground fireballed, insta perch"
3/18/2026 11:42:53,Structureless,Lava Pool,Bastion,00:21:53,00:05:26,00:08:02,00:13:23,00:15:36,00:17:26,00:19:12,00:19:32,00:21:21,8,0,17,0,1,-8.21668E+18,Housing/Stables,Half Bow,0,1,8976,FALSE,"Close plains village, very little hay, grabbed some carrots then pivotted to cave, 2 diamonds at lava, ziglins captured hauss triple, td, pre-made garrots, only 10 obby, saw stables across lava, divorced babastion, chests there solved obby problem, 25 to warped fort, all wither strays, magma cubes irritating, 1.8k blind, side dug on mountain abive sh after silly pearl crawl fail attempts, didnt go for back SS, wait for perch"
3/18/2026 11:20:23,Full Shipwreck,Magma Ravine,Bastion,00:23:22,00:07:26,00:08:48,00:13:42,00:15:51,00:18:58,00:20:28,00:21:04,00:21:51,8,0,16,0,0,6.27039E+18,Stables,Zero Cycle,0,1,8975,FALSE,"Awesome food in ship, bt had rest iron and diamonds for sword, trident guy attack, swam a long way for enter ravine, stables across lava, crazy obby pull before ttg, double bad, all pigs got stuck somewhere outside triple, ripped pearl trades, lost diagonal war for ssv fort, hot tourist, fourk tnt, 0.7 ch, pearl hang while going for sheep, dyed them light blue with blue orchid, dug into pr, clean front 99"
3/18/2026 10:56:15,Full Shipwreck,Lava Pool,Bastion,00:20:37,00:05:58,00:08:28,00:14:36,00:17:04,00:18:50,00:19:01,00:19:29,00:20:15,8,0,12,0,0,8.54117E+18,Stables/Treasure,Zero Cycle,0,0,8974,FALSE,"Called ocean from loading screen, insta committed to far dolphin, kinda pathetic half ship loot, 11 iron bt, crafted iron shovel but had a rp with light, hit the triple triple jackpot, 3 portals possible, not fan of spawner, hot tourist trevored but didnt break spawner, warped fort not far, 0.5 ch straight line, daily dungeon 2nd portal, clocked in sh right beside after 10s, randomly backnavved to pr, front 99"
3/18/2026 10:34:27,Village,Lava Pool,Bastion,00:19:36,00:04:05,00:07:57,00:13:59,00:14:47,00:15:33,00:16:58,00:17:22,00:18:11,8,1,12,0,1,-5.1537E+18,Bridge,Zero Cycle,0,1,8973,FALSE,"Village spawn, dug into mineshaft with lavapool under, long jounrey to brijj, lost spawner on the way, dk, no chest obby, most gold trades went to ~100 pearls, not enf obby for 2 portals, headed back to spawn, pearl hang at fort, landed right on spawner eaten by fort leg, educated, 1.3k blind, back 95"
3/18/2026 10:13:37,Structureless,Lava Pool,Bastion,00:25:55,00:05:36,00:08:13,00:15:33,00:18:22,00:20:14,00:21:11,00:21:32,00:25:11,8,1,18,0,0,-1.83866E+18,Stables,Other,0,3,8972,FALSE,"TAS iron cave, missed some obv ones also, cows juking, 3 dia at lavapool, stables across huge lava gap, not fan of ghast patrolling premises while bridging, ttg, last 4 obby in chests, 28 chunk spawner, amazing terrain nav, saw a bastion and thought it was trevor (was not), pieray took a 180 to fort being wierdly diagonal, 0.4 ch back to 1st ring, 2350 dist, insta went in for ground, spoke too soon abt having enf explosives, dragon flew just before last anchor, not enf damage to kill and had to bow all crystals, scary having to build up on fountain to reach dragon + breath"
3/18/2026 9:47:00,Village,Lava Pool,Bastion,00:19:10,00:04:56,00:07:05,00:13:09,00:15:24,00:17:23,00:17:27,00:17:31,00:18:24,8,0,19,0,1,-3.15175E+18,Treasure/Treasure,Zero Cycle,0,2,8971,FALSE,"Lavapool at spawn, pierayed furnace past forest, 2 iron 4 obby, golem dropped 4 so woodlight enter, distant eray, skeleton punished for shooting ziglin, fearful sight of trevor in basalt, barely any top gold, perfect piglin drop spot to steal distraction gold in bottom, treasured 10 chunks away, only kept diamond pants, next spawner like right beside and real, insane proximity of all 3 structures, rates started off bad, ripped 350 block blind, turned around on 2nd portal to see pr, front 95, weird island"
3/18/2026 9:26:48,Full Shipwreck,Magma Ravine,Bastion,00:24:33,00:04:07,00:06:20,00:17:34,00:19:07,00:20:10,00:21:13,00:22:45,00:23:31,8,1,9,0,0,-2.46122E+18,Treasure/Treasure,Zero Cycle,0,1,8970,FALSE,"Early shift at the no reset factory, 3 iron ship but bt very close, 100 e counter after small dig, stables one way but trejjor closer, scary late pig on left rampart, spawner in 32, stables on the way, the BunDig life calls for couri, got treasured, another spawner in 32, W pearl onto fort, better angle change than almost all runs from yesterday, ~300 blocks off, scary fall with lava surrounding starter, 2 carrot drops in a row from zombies (1 in 1600), front caged 95 2+2"
3/17/2026 19:36:58,Structureless,Lava Pool,Bastion,00:23:21,00:05:44,00:07:01,00:12:56,00:18:58,,00:21:01,00:22:01,00:22:50,9,2,27,0,0,-7.5415E+18,Bridge,Zero Cycle,0,2,8969,FALSE,"TAS iron cave, went looking for food, digdown enter, close brijj, cs but single, messed up little and had to pivot further, left with 16 obby after backups, scuffed double pearl hang to home portal while going to spawner,  mixed feelings abt it being real or fake, turned out warped fort so a-okay, both pearls loaded same tick so ended up back at fort, hog food supply drop, built off rp above hp, educated travel, 2k dist, insane 4 diamonds in altar chest, front 95 almost 2+2"
3/17/2026 19:11:39,Village,Lava Pool,Bastion,00:16:39,00:07:30,00:07:46,00:10:33,00:12:34,00:13:47,00:14:19,00:14:33,00:16:11,7,0,14,1,0,-2.14853E+18,Bridge,Half Bow,0,3,8968,FALSE,"Mesa spawn, desert blacksmith on pie, ripped 2 minecarts for combined insane 8 iron and gapple, iron pick and 4 obby blacksmith, committed for surface lavapool, spotted rp but didnt get 1 more obby to complete, pearl drop from day time enderman, nothing else so dugdown, 7 diamonds at lavapool, brijj in sight, TAS pearl onto pigface, dk, spawner only 10 chunks, was literally behind home portal, 1.6 ch feelsstrongman angle changes over 1.0 exist, creeper helped stay in starter to hear silverfish, broke bed on 91 USS, quick perch"
3/17/2026 18:53:27,Village,Lava Pool,Bastion,00:28:58,00:04:33,00:10:01,00:06:56,00:15:18,,00:20:30,00:25:33,00:26:25,8,1,13,0,1,9.62296E+17,Stables,Zero Cycle,0,3,8967,FALSE,"Acacia village in the dist, 5 iron then ripped bucket house, xqcBread, lavapool on random digdown, woodlight setup, mid 4 basalt enter, no bathtub but loaded one after running 100 blocks, stumbled onto fort to play first with shield, stables worries went away seeing good gap, ziglin and hog on route but didnt affect badly, nice obby chests brought to 18, little extra gold after full scavenging but gave nothing, decent 2nd ring blind coords, 0.6, sheared sheep along the way, big swamp slime, 2k dist with 0.45 ch, strongshaft with no spike and 2 way starter, almost died from witch poison and harming potion, smart nav after spending quite a while, whack end island, front 84 1/8 and dragon stayed WTF"
3/17/2026 18:20:30,Buried Treasure,Magma Ravine,Bastion,00:28:01,00:04:42,00:07:03,00:14:20,00:18:29,00:21:50,00:23:47,00:24:29,00:26:32,9,1,15,1,0,-2.90568E+18,Housing,Half Bow,0,1,8966,FALSE,"Far ship buried on snowy coat, dug out map chest, amazing bt, magma enter, basalt lava housing, plumbed up before playing lava housing route, gap fully drained in no time #awesomedrainagesystem, only 13 obby, spawner also taking back to spawn so left, going through same old places for fort that was in a ravine near home portal, not in pearl hangable spot, spawner plumbed, fireball phased through ghast, didnt realise 14 pearl situation, hunger reset with gravel, 0.6 full diag ch with 1 break, dealt with walls, bastion near 2nd portal as insurance, another break in triangulation, horrific looking ravinehold, pushed for front 86 building from the ground but dragon flew way before, TAS bow shot on cage crystal, perch soon"
3/17/2026 17:51:21,Full Shipwreck,Magma Ravine,Bastion,00:24:21,00:06:37,00:09:31,00:14:59,00:16:39,00:20:17,00:21:45,00:22:21,00:23:35,8,0,24,0,0,-5.17066E+18,Bridge,Half Bow,0,1,8965,FALSE,"Dropped thorns armor from rp, saw enter ravine, ice boating, titanic wreck followed by loaded bt, back at same enter ravine, murdered ""happy"" ghast, used all leaves to bridge to brijj, poison stew while mining pigface, double single dk, obby trades fragged for once, 16 to fort, 0.4 ch to 3rd ring, tried pearl hanging to the roof but wall on the chunk border, decided to go for nether roof play from another spot, TAS pearl clip, still got caved WAJAJA, 400 off, yet another blind dist around 2640, didnt block clutch for zero, ground fireballed, insta perch"
3/17/2026 17:25:42,Structureless,Lava Pool,Bastion,00:26:08,00:06:26,00:10:38,00:17:20,00:18:25,00:21:43,00:23:49,00:24:19,00:25:06,10,2,13,0,1,-3.75932E+18,Treasure,Zero Cycle,0,0,8964,FALSE,"Spruce village, tons of food, largefern and golem, great cave near, digdown enter, very long ways to trevor, bottom for obby, 20 to ssv fort, subspace 0.5 ch, not even in ring so went shallower, sh 200 blocks off 3rd ring edge, wormholed to pr, back 99"
3/17/2026 16:58:24,Structureless,Lava Pool,Bastion,00:28:12,00:07:51,00:10:39,00:20:09,00:22:26,00:25:32,00:26:18,00:26:40,00:27:32,8,0,15,0,1,1.37499E+18,Bridge,Zero Cycle,0,0,8963,FALSE,"Close dark oak plains village, grabbed loads of carrots along with bread, ravine digdown for enter, forgot to setup for woodlight, legit took over 2 min with leaves, then insta lit in nether while attempting to bridge over lava ocean, brijj hoglin food hole in oned into lava, -2 pigs that snatched gb, cs, hosed on obby trades, left on 18 before realising, pearl hung to fort and backtracked, traded literally every backup to get 20, weird terrain to ssv fort, blind into wrong starter, 2 rd coz monument next door, 0.5 ch, mob sqaud surrounded portal meanwhile, nether zombie, hot tourist, back 94"
3/17/2026 16:28:51,Structureless,Lava Pool,Bastion,00:23:17,00:08:13,00:09:02,00:14:07,00:17:27,00:20:01,00:20:42,00:21:36,00:22:29,9,1,23,0,0,-4.21902E+16,Treasure,Zero Cycle,0,4,8962,FALSE,"Structureless ow, skeleton brought to half health, no animals so death reset while smelting, ran far and wide until finding animals on mountain, didnt go for very distant rp, mountain silverfish dropped into lavapool, insta trevor, had to play bottom, no netherite helmet, 2 ghast flank attacking, fort 23 away, difficulty finding spawners, 1.6k to sh, ocean exposed library, just made back 98"
3/17/2026 16:03:17,Structureless,Lava Pool,Bastion,00:23:10,00:06:46,00:09:06,00:15:34,00:17:23,00:19:34,00:21:24,00:21:51,00:22:43,8,0,10,0,1,-1.97652E+18,Treasure,Zero Cycle,0,1,8961,FALSE,"Health pack upgrade on zombie, caved before heading to desert village, 5 tall cactus spotted, 10 diamonds before lavapool on ravine digdown, crossed quite a terrain gap, trevor through wall, sharpness upgrade for sword. ghast friendly fire, 27 chunk fort, new misplace spot unlocked for TAS portal, reverse icepie in 2nd ring, 2568 dist(0.358 ch), heard silverfish from starter, dug into pr, front 92 1/8"
3/17/2026 15:13:46,Buried Treasure w/ tnt,Magma Ravine,Bastion,00:25:11,00:04:24,00:06:39,00:13:11,00:17:27,00:20:54,00:22:53,00:23:34,00:24:26,10,4,23,0,0,2.44171E+18,Housing,Zero Cycle,0,3,8960,FALSE,"First try map in ruins chest, the most insane looking shattered savanna, epic bt not far from it, dugdown into fully fake magma patches, exactly 10 source lavapool for wall portal, far hauss, 20+ obby before trades, 20 to extra regional fort, blinded into weird flooded cave, 3rd 0.3 ch in 11 runs, scary going to coords with no fire res, same way for a while, 2644 blind dist under mesa, front 94"
3/17/2026 14:47:31,Full Shipwreck,Magma Ravine,Bastion,00:17:24,00:03:49,00:05:24,00:11:06,00:12:46,00:14:09,00:15:25,00:15:49,00:16:44,8,0,12,0,0,6.90059E+18,Treasure,Zero Cycle,0,2,8959,FALSE,"Visited 2 ships for tons of loot, sub 4 2x1 enter, trevor further than expected, went bottom for string, still got hosed, almost chucked obby into lava, cwaped fort off pieray and quadrants, 1.4k blind dist to almost -150 150, front 95 setup with 3 anchors"
3/17/2026 14:29:03,Full Shipwreck,Magma Ravine,Bastion,00:18:49,00:03:10,00:04:53,00:11:50,00:13:43,00:15:50,00:16:42,00:17:11,00:18:08,8,0,20,1,0,8.48303E+18,Treasure/Treasure,Zero Cycle,0,1,8958,FALSE,"Enf loot to go off shipwreck, ""22 7"" twice in hotbar (π alert), close magma ravine for 3 min enter, lavafall rendered entire right side top trevor unviable, 4 pig t_wagz pivot, trolled by getting 19 obby, scary magma cubes, ripped last obby in pearl chest, didnt like new spawner eray, forced more +x till fort, 0.6 ch, weird trench at end spawn, back 90"
3/17/2026 14:09:21,Structureless,Lava Pool,Bastion,00:21:36,00:05:56,00:08:13,00:12:52,00:15:40,00:17:34,00:18:36,00:19:02,00:20:44,8,0,16,0,1,-3.29426E+18,Bridge,Ground Zero,0,1,8957,FALSE,"Tracker didnt work again, alerts broken so meowing for every sub, B2B Rp seeds, nothing fancy, broke chest to check for mapless but unsure of spike, went over hill and spotted desert blacksmith, 2 diamonds, dipped to cave post golem, didnt see DT earlier, dugdown into lava ravine, ran through miles of basalt for brijj, dk, 19 chunk fort, terrain died on the final stretch, 1 rod fell straight into lone fire, 40s mining misplaced obby, 0.6 ch, zombie in nether, sh on isolated island, insta bailed to ground after pearling into crystal. crosshair moved on 1st attempt"
3/17/2026 13:45:32,Structureless,Lava Pool,Bastion,00:20:13,00:06:09,00:08:11,00:13:02,00:14:42,,00:17:52,00:18:11,00:19:24,8,0,8,0,0,3.98614E+18,Bridge,Ground Zero,0,0,8956,FALSE,"Bell, fns and axe in rp, lavapool right beside, thought to force ocean but looked too bad, dipped to cave, pre-setup for cs on entering brijj, didnt like spike towards spawner, committed slightly diagonal same way, rewarded with fort, sharp 5 in rp, fell into random 1x1 hole, caved on blind, 0.3 ch, stables on the way, nailed 2nd portal, went for ground instead of SS zero"
3/17/2026 13:23:01,Full Shipwreck,Lava Pool,Bastion,00:28:28,00:05:46,00:06:56,00:13:08,00:16:19,,00:17:43,00:18:30,00:27:14,9,0,20,0,0,3.5757E+18,Bridge,Other,0,2,8955,FALSE,"Dirt patch cosplaying ship, ruins in map, armor from rp, sudden ship on the way to bt, blue pick datapack unlocked, ravine went to y11, another 5 diamonds on lavapool, basalt spawn, was so sure abt mining into hauss but turned out brijj, tnt pigface, dk, basalt fort through awful terrain, slight worry with only 1 fire res, 1.6k blind, icepie, pr on huge backnav, pushed for front 99 offset, didnt setup properly and got knocked off, pearl clutched on 1 heart with no food, broke all crystals while strafing, 4 slow perches to kill all on half heart"
3/17/2026 12:49:04,Full Shipwreck,Magma Ravine,Bastion,00:25:07,00:02:57,00:04:48,00:11:54,00:14:44,00:16:38,00:20:46,00:21:50,00:24:28,8,3,21,0,0,-7.33925E+18,Stables/Treasure,Half Bow,0,2,8954,FALSE,"Banger shipwreck, big detour for trees, sub 3 enter, ttg manhunt style, baby hog appeared out of nowhere, pivotted to go via mid, spawner looked so trevor, forced quadrants, eventually hit fort, 0.4 ch, daily dungeon blind, mismath'd so way off, 2368 blind dist, almost self spleefed into lava trying to hunger reset, ran through mob squad on nav, only 4 explosives, didnt pre-setup anchor but still hit the one cycle"
3/17/2026 12:23:02,Full Shipwreck,Lava Pool,Bastion,00:26:19,00:07:14,00:10:21,00:15:58,00:17:56,00:19:45,00:19:50,00:22:11,00:25:33,8,0,13,0,0,-8.93516E+17,Treasure,Half Bow,0,1,8953,FALSE,"Wonderful 9 garrot + mending axe RP, ripped map 1st try in ruins, ship very buried but got to treasure chest, awesome bt loot, no enter in sight so dugdown, mining out area for portal revealed 4 diamonds, half bastion loaded on 32 rd, annoyed seeing trevor, mined bottom first, skeptical abt spawner, bastion to explain some eray, spawner was real, 0.5 ch, 2nd portal into sick looking cave with sh, 2 dungeons, insane mob nation, cranked to back 88 1/8, dragon flew, insane perch baiting"
3/17/2026 11:55:34,Structureless,Lava Pool,Bastion,00:27:34,00:07:39,00:16:17,00:08:02,00:19:50,00:23:16,00:25:12,00:25:30,00:26:43,8,0,16,1,0,-3.33455E+18,Treasure,Ground Zero,0,1,8952,FALSE,"Jungle oasis spawn, dug to zombie noises, went to mountain for animals, dug into tiny lavapool, didnt realise it was only 1 deep and not enf sources, emerald ore, dug 2 blocks further and uncovered hidden lavapool to finish portal, ssv fort at spawn, fully walled off to play spawner, enderman in boat randomly caught fire while killing, 28 chunks through bad terrain to trevor, forced to go bottom for pearls, 0.3 ch, caved in weird ravine, another 400 blocks to sh, 2664 blind dist with sub 0.35 real ch, y96 digdown, insta went for ground"
3/17/2026 11:26:50,Buried Treasure w/ tnt,Magma Ravine,Bastion,00:22:43,00:05:09,00:06:47,00:14:57,00:17:22,00:19:00,00:19:11,00:19:27,00:22:25,8,3,16,1,0,4.13794E+18,Stables,Half Bow,0,1,8951,FALSE," Ship off coast, mined out buried map chest, tnt from bt for blocks, magma ravine enter, clutch enderman to cross terrain gap, huge piglin roadblock on ttmtg, didnt block entry spot in gap and went super scuffed, killed hogs while scavenging outer for gold, had to trade other gap as well for 20 obby, fort back towards spawn, 0.7 ch, spawned on mineshaft floor next to fyroah law pr, dipped to 94 SS, dragon flew, a while to perch"
3/17/2026 11:03:19,Full Shipwreck,Lava Pool,Bastion,00:24:55,00:04:33,00:06:39,00:15:30,00:17:52,00:20:25,00:21:50,00:23:09,00:24:12,8,0,20,0,0,1.52157E+18,Housing,Zero Cycle,0,4,8950,FALSE,"Back after Cinema EG FreeForAll tourney and ""fixing"" PC with expensive RAM replacement, completed taxes meanwhile W, chopped from 3 days of no mc, awesome shipwreck, 2 diamonds from bt, lava ravine enter, housing across lava, smacked around during td, crazy obby pull but still GarbageLuck, had to bring backups, 24 full diag fort too ages to reach, 0.6 ch, almost died to a million mobs, zillager in nether, no spike, scuffed back 95 USS"
3/13/2026 15:46:19,Village,Magma Ravine,Bastion,00:25:51,00:07:21,00:10:17,00:18:28,00:19:38,,00:24:01,00:24:40,00:25:30,8,0,11,0,1,-5.99254E+18,Stables,Zero Cycle,0,1,8949,FALSE,"Pie to plains village, villagers dumb as always, cave digdown, fake lava baited, ravine mineshaft, b2b y12 lavapools, pickaxe barely hanging on, stables just sticking out of wall, mtg, 17 pearls and 9 obby, bad rng to find buried triple last, not worth trading more gold, 21 too ssv fort, pearl hang to good 2nd ring blind coords, insane loodlow strays, chill 0.9 ch with ocean, turned to snowy land soon, randomly found pr, back 99"
3/13/2026 15:19:13,Structureless,Lava Pool,Bastion,00:28:15,00:10:54,00:13:03,00:19:18,00:21:04,00:23:32,00:23:58,00:24:53,00:27:12,8,0,19,0,0,4.26863E+18,Stables,Half Bow,0,2,8948,FALSE,"Jungle spawn, vegetation in ravine looking tas, some salmon and melons, let's play tunneling, 6 diamonds after very very long, water pool after mining for 6 min, heard lava pops on it, messed up last lava placement but clutch dia pick, sub 11 enter, played ttg rather than divorced double triple, leaving on 18 obby, big effort to kill outer hogs, 6 garrots in rp, 24 to fort, 0.5 ch, late on back 99 , kinda botched one cycle"
3/13/2026 14:50:01,Structureless,Lava Pool,Bastion,00:22:44,00:07:53,00:08:45,00:13:34,00:15:27,00:16:45,00:18:58,00:20:23,00:22:17,9,0,15,0,0,5.11476E+17,Bridge,Half Bow,0,1,8947,FALSE,"Good prev run to get back mental, lavapool on the way to plains, mob nation cave, manipulated skeletons into starting civil war, strafing to animals, some a million caves on the way back to lavapool, way too much pork after brijj hogs, cs, basalt fort, educated ~0.6, unlucikly 600 blocks off, staircase dropper trap, lived on half heart, didnt go for SS zero, dragon took big circle then perched"
3/13/2026 14:25:42,Full Shipwreck,Lava Pool,Bastion,00:15:05,00:02:50,00:03:40,00:07:11,00:08:43,00:11:31,00:12:40,00:13:12,00:14:52,10,1,18,0,0,5.55957E+18,Treasure,Full Bow,0,1,8946,FALSE,"Chatters going crazy on world name snipe, mushroom island and monument, 1 iron ship, mycelium looked TAS ourple on map, lavapool on bt island, sub 3 enter, damageless boomer, insane 25 obby chest pull (0.023% or 1 in 4354), forced quadrants, low 7 min fort, 1.1k blind with sheep, mined under mobs on sh island to hunger reset, wormholed to pr, setup for perch, TAS full bow, enf bed damage to kill with sword"
3/13/2026 14:09:22,Structureless,Lava Pool,Bastion,00:31:15,00:14:54,00:16:50,00:22:26,00:25:11,00:27:04,00:28:51,00:29:13,00:30:05,8,1,16,0,0,-1.79927E+18,Bridge,Zero Cycle,1,0,8945,FALSE,"Awful 1 diamond DT, pressure plated sand instead of tnt in cave, spotted 2nd DT, could barely make out bad ship miles away, 4 iron not enf, tnt mined rest in ravine, went in too early to grab river gravel and blew self up, blamed 5 min lag and being ""too tall"" YEP, didnt even need it infact, forced to become wheat farmer by chat with 35 bones, all for only 14 bread, spent ages tunneling, pick on life support before mining into more iron, sub 15 enter WEDIDIT , tnt pigface but forgot to damage cancel, plumbed weird lavafall on cs, lava bridge of all time, survival instincts saved dumb idiot piglin, suspicious of spawner but ended up being real, fourk tnt, 0.5 ch to 3rd ring, still way off and eye breaks scary, 2450 blind dist, dug into pr, back 95"
3/13/2026 13:36:45,Full Shipwreck,Lava Pool,Bastion,00:25:10,00:08:27,00:09:56,00:14:24,00:16:47,00:18:46,00:19:21,00:19:54,00:20:45,8,2,14,0,0,-5.13202E+18,Treasure,Zero Cycle,0,1,8944,FALSE,"Very stressful stuff going on, very chopped ocean, hard time mining gravel for ruins chest just for it to be empty map, tall iceberg serving as landmark for ship, amazing loot, mined to bubbles for wall portal enter, bottom treasure first then routed top, saw another bastion on the way to fort, 1.1 ch, caved at y12, surfaced to see ocean exposed starter, ez nav, back 99"
3/13/2026 13:05:03,Full Shipwreck,Lava Pool,Bastion,00:58:01,00:05:14,00:07:08,00:14:44,00:16:37,,00:20:55,00:23:22,00:25:29,8,1,12,0,0,-3.55333E+18,Stables,Half Bow,0,0,8943,FALSE,"Banger full ship, 2gb from chestless rp, entire DT supply of tnt and ironless bt (0.059% or 1 in 169,339), 2 diamonds as well, magma enter, ttg but double bad, ripped enf pearls, trded a 2nd triple followed by bad gqp chest for 20 obby, 24 to basalt fort, tnt bagel, 0.6 full diag ch, diagonal moment strikes again, no spike, huge mob gathering in room outside pr, whack terrain around fountain, PC fully crashed, came back 30 min later, still in end and dragon fully reset, quick perch"
3/13/2026 12:06:01,Structureless,Lava Pool,Bastion,00:33:39,00:05:30,00:06:50,00:24:55,00:27:18,00:30:57,00:31:48,00:32:15,00:33:01,8,1,18,0,1,6.13961E+18,Stables/Stables,Zero Cycle,1,1,8942,FALSE,"Plains village, golem then cave, 2 diamonds in lavacave, saw fort from spawn, sadly didnt rip single triple stables, skeptical of new eray spike, pearl hang to spawn, defo bait but ended up loading something real, stables #2, ttmtg manhunt style, accumulated too much damage by the end and died to piglin ambush, grueling journey back, traded good gap, cranked to spawn fort, smooth sliding blaze, 1.1 ch, fully only basalt wall, creeper in pr, front 99"
3/13/2026 11:31:55,Village,Lava Pool,Bastion,00:19:28,00:05:32,00:06:33,00:10:25,00:12:35,00:13:55,00:14:26,00:17:25,00:19:00,7,0,15,0,1,2.27479E+18,Bridge,Half Bow,0,2,8941,FALSE,"Furnace on pie but 26 away so caving, went to a desert village nearby instead, MEOWDY in the distance, giga tall brown mushroom on the edge of a dark oak forest, 6 obby in rp on the way to brijj , 21 to fort, 1.0ch, ~50 blocks off, no luck wormholing a bit, spider dungeon kinda trolling but heard lava pops directly below, cant ground, crazy read on perch"
3/13/2026 11:11:46,Buried Treasure w/ tnt,Magma Ravine,Bastion,00:19:41,00:04:13,00:05:43,00:10:17,00:12:10,00:15:29,00:17:47,00:18:19,00:19:08,8,0,26,0,0,-2.77488E+18,Housing,Zero Cycle,0,1,8940,FALSE,"Island spawn, enough iron from ship, bt close, forgot flint, hausing through busalt terrain, good trades, fort close by, 0.7ch, terrible rates, missed sh digdown, back caged 95"
03/12/2026 18:41,Structureless,Lava Pool,Bastion,00:36:40,00:07:17,00:08:36,00:24:44,00:26:47,00:29:07,00:29:45,00:30:16,00:35:22,8,2,13,1,0,-3.84803E+18,Bridge/Treasure/Treasure/Treasure,Other,0,1,8939,FALSE,"Campfire on 32 but 0 care, fell for bad cave bait, enf iron from 2 good ones, screwed over by many fake lava, pearled across gap to brijj, dk but single, worst chests ever, still got to 17 obby, headed out to treasure for final pieces and breaking spawner, some eray on new one, tried staying off diagonal but still treasured, trade pitstop, pre made hole, treasured again but forced past it, giant eray of new quadrant was a stables, lost spawner in between, tough time through basalt, didnt pay attention to pearls and down to 13, finally fort after running around forever, 1.2 ch with a break, giant lava ravine under starter, no chance of 1 pearl zero so ground, dragon was still stupid, fully trolled despite so many explosives, dragon lived on 1 hp after last anchor, almost died in dragon's breath, stood on boat but barely too short to hit, soul sand helped reach"
03/12/2026 18:04,Structureless,Lava Pool,Bastion,00:25:07,00:05:39,00:12:00,00:06:04,00:16:51,00:19:17,00:21:13,00:22:37,00:23:42,9,3,16,0,0,1.90491E+18,Treasure,Perch,0,0,8938,FALSE,"Again lavapool before any sign of cave, went deep to find enf, missed some at cave entrance, fort at spawn with no bastion in 32, wool from sheep to blaze bed, still nothing so went to better terrain, loaded 2 bastions after sometime, missed parkour jump on treasure and block clutched over lava, difficult time getting up while being surrounded by pigs, no pearls off top so had to go bottom, 0.5 is the new 0.6, going near 750 -750, wall lava jumpscare, overshot by 300, savanna mountain digdown, spikeless coz fully entity culled, back 95 USS, 10 millionth fly away on zero of the day, W instaperch"
03/12/2026 17:35,Buried Treasure,Lava Pool,Bastion,00:23:23,00:05:17,00:08:06,00:13:01,00:14:53,00:17:02,00:20:23,00:20:41,00:22:42,9,0,14,0,0,-6.84585E+18,Treasure,Half Bow,0,0,8937,FALSE,"Structure galore after increasing to 32 rd, didnt want to play temple, map from ship, barely missed out on mapless, spotted lavapool, buried trevor, netherite ingot and resp helmet, same tunnel back towards fort, chucked ALL the wool into lava, caved under weird mountain valley, measured eye in flowing water, 2nd portal near plains, pearl hung while going for sheep, pink sheep, villaage in the dist too, junglehold, back 95 USS and flew"
03/12/2026 17:09,Structureless,Magma Ravine,Bastion,00:19:58,00:06:45,00:07:47,00:13:03,00:14:46,00:16:00,00:16:54,00:18:06,00:19:26,9,1,8,0,0,1.69795E+18,Bridge,Half Bow,0,0,8936,FALSE,"Jungle spawn, nothing good in sight after roaming for 4.5 min, dugdown on pond straight into dungeon, gapple and some iron with more ore near, cs but pigs wandered off into ssv, trades got done quick, didnt feel great abt spawner, no other way seemed good either, going diagonal same way paid off with a fort, 0.8 ch, bad spikes from mineshaft, dug into pr, pearl clutch after bouncing off tower, ran around tower to make it to fountain"
03/12/2026 16:48,Structureless,Lava Pool,Bastion,00:19:08,00:06:08,00:06:34,00:10:56,00:13:46,00:16:10,00:17:29,00:17:46,00:18:38,8,1,13,0,0,-8.61062E+18,Bridge,Zero Cycle,0,2,8935,FALSE,"Spawn lavapool, plains full of pathetic caves, rp for light, 2nd lavapool before a cave, 5 m in lag moment, 3rd lavapool of the seed, could tell brijj based on y level, cs, bad rng on terrain nav to fort, misplaced obby due to wither, enf obby to build off new one, 0.4 ch to -480 -480, same x and z coords for 4 4 digdown, back 95"
03/12/2026 16:28,Full Shipwreck,Magma Ravine,Bastion,00:25:33,00:07:34,00:08:10,00:15:54,00:17:33,00:19:33,00:20:32,00:21:05,00:23:35,9,2,18,0,0,-8.29702E+17,Treasure/Treasure/Treasure,Half Bow,0,1,8934,FALSE,"TAS eyesight to spot shipwreck blending with mesa terrain, food ship on the way to bt, 2x1 magma portal, pig nation on trevor bridge, bottom for little more obby and fire res, false hopes on spawner being real, next one didnt look good either, went complete opposite way, hot tourist, crimson fort so good overlap for food, double spawner, back to 0.5 ch, phased through floating snow layer, perfect timing gold pick break on cage spawn, chaotic setup for front 95 but flew anyways, insane perch rotation"
03/12/2026 16:00,Structureless,Lava Pool,Bastion,00:23:05,00:05:42,00:13:40,00:05:42,00:15:31,,00:18:36,00:19:14,00:22:19,8,0,21,2,0,-6.00867E+17,Stables,Full Bow,0,1,8933,FALSE,"Fully misjudged terrain, lavapool popping out of mountain side, TAS skeleton, iron rare commodity, spawned on fort highway, no bastion in 32, played spawner with shield, insane sniper blaze, half of bastion loaded on max render, double bad single triple stables, ripped 14 pearls, 20 obby on the dot, subspace blind near ice spikes, 1.3 ch, didnt notice 1 of the eyes didnt break and went on 12, surfaced 1 chunk off, only 1 anchor, TAS bowing made it only 1 perch"
03/12/2026 15:36,Full Shipwreck,Magma Ravine,Bastion,00:19:55,00:05:48,00:06:16,00:13:00,00:15:05,00:16:40,00:17:44,00:18:20,00:19:15,9,3,19,0,0,-3.25778E+18,Treasure,Zero Cycle,0,0,8932,FALSE,"Map chest inaccessible in buried ship, wood and leaves first priority, bad ship into decent bt, magma ravine enter, 200 entities within 9 rd, divorced trevor-stables, went to mine bottom gold first, nasty basalt corruption, disgusting to not even get 20 obby, got final pieces in side chests, 19 chunk fort, bad rng on triple tnt turning into launcher but didnt blow up spawner, 1.3k blind, back 94 SS "
03/12/2026 15:14,Buried Treasure,Lava Pool,Bastion,00:23:29,00:06:32,00:07:52,00:13:29,00:16:42,00:18:42,00:19:54,00:20:14,00:22:52,8,1,21,0,0,-5.80806E+18,Treasure,Half Bow,0,1,8931,FALSE,"Front loaded wood on ocean seed, mushroom island near ship + bt, dark oak haircut, pre-crafted sword with 2 diamonds then got 2 more in ravine, ziglin nation in top trevor, enf to leave without bottom gold, 22 diag fort, missed wither skull, never ending 0.5 ch this split, 2.1k blind dist, horrible looking strongshaft but easy nav, flew on back 94 SS, a while to perch"
03/12/2026 14:24,Full Shipwreck,Lava Pool,Bastion,00:24:29,00:07:21,00:10:34,00:15:02,00:17:35,00:19:34,00:20:26,00:20:44,00:23:05,7,1,18,0,0,1.10658E+18,Treasure,Half Bow,0,1,8930,FALSE,"3 obby rp, dolphins being stupid, great half boat ~4 min in, bonkers 19 iron bt, digdown enter, saw ssv fort, quite a long way to trevor, pigs hijacked boat going to bottom, crimson tree with treasure gold, meanie blazes melee, 0.5 ch to furthest ends of 1st ring, swamphold, scuffed front 95, broke bed after few rotations, still enf left to one cycle"
03/12/2026 13:58,Structureless,Lava Pool,Bastion,00:18:26,00:05:03,00:06:23,00:10:09,00:12:35,00:14:36,00:15:56,00:17:05,00:17:51,8,2,17,0,0,-8.16456E+18,Bridge,Zero Cycle,0,2,8929,FALSE,"Put in part of last run notes as world name, W iron x-ray behind stone, also heard lava pops, grabbed dandellions for stew, orphaned baby sheep, lava turned out real, 5 min structureless enter, 20 chunks to brijj, glowstone chalice with a side of pigface, dk, crazy obby pull from other triple, 10 min fort, tunnel connecting both spawners, double beehive, 0.5 ch, diagonal moment, stupid sh nav, back 95 2+2"
03/12/2026 13:38,Structureless,Magma Ravine,Bastion,00:26:46,00:04:46,00:07:24,00:15:42,00:17:38,00:21:07,00:22:17,00:24:40,00:26:11,8,0,24,0,0,5.08943E+18,Stables/Treasure,Half Bow,0,3,8928,FALSE,"Map from ocean ruins, long trek just for 6 iron 2 dia 5 tnt, more iron for fns in magma ravine, mega spike on enter, boxed baby ziglin outside mid, ttg, big wall just to get treasured, half dia armor, drilled through another wall but fort this time, fourk tnt, didnt clock low explosive issue, silly mc putting jungle and snow biomes together, 0.5 ch to 2nd ring, forgot to grab beds in village, weird spikes to mineshaft, dumbest nav, setup for perch"
03/12/2026 13:10,Structureless,Lava Pool,Bastion,00:25:14,00:07:45,00:11:43,00:16:12,00:18:12,00:19:59,00:22:06,00:22:28,00:24:32,7,0,13,0,0,-6.62675E+17,Housing,Half Bow,0,2,8927,FALSE,"spawned in plains, no cave at spawn, got gravel and 5 iron in cave, went to a ravine for iron, got more wood, killed pigs and cows, dug for lava in ravine for sub 8 enter, very far bastion, overshot pearl going to fort, very diagonal fort, didn't get trevor'ed, killed 5 strays, .4 angle change, -610 160 coords, lava next to digdown, lagged during zero, half bow"
03/12/2026 12:36,Structureless,Lava Pool,Bastion,00:29:24,00:06:05,00:07:25,00:17:22,00:19:44,00:23:12,00:24:07,00:24:47,00:28:30,7,0,22,0,0,2.14566E+18,Treasure/Treasure,Perch,0,1,8926,FALSE,"Headed to plains for caving, garbage flint rates, digdown enter, divine 2, ziglin on boomer, hater pigs, somewhat bad trades so went bottom, BoA sword, didnt like new spawner but no other choice, few garrots in rp, restocked pearls at bottom, far away fort playing hide-n-seek, big spawner plumbing task, 0.8 ch to very shallow 2nd ring, cave exposed sh, mob nation, flew on back 95, hadnt crafted bow so didnt do ground, a while for 1/13"
03/12/2026 12:04,Village,Lava Pool,Bastion,00:24:43,00:06:12,00:09:20,00:14:43,00:17:03,00:19:09,00:19:54,00:20:43,00:22:30,8,0,16,0,1,-8.60653E+18,Treasure,Half Bow,0,2,8925,FALSE,"Cool ice spikes spawn with lavapool and snow village, ripped awesome bread and 4 emerald chest for cod strats, ragebait villgers, sub 5 enter, new bastion spike reaching close to buried treausure, pivotted there but then too u turn seeing double single brijj, mined bottom gold first, dia helmet, miscrafted big chunk of gold into nuggets mid-route, 20 obby on one of the final trades, 22 to fort, 0.5 ch, hot tourist, front 95 small boi but flew on 99 rotation, ground got fireballed"
03/12/2026 11:33,Structureless,Lava Pool,Bastion,00:16:28,00:04:38,00:06:13,00:11:33,00:12:59,00:13:48,00:14:17,00:14:40,00:16:12,9,0,12,0,0,2.78176E+18,Housing,Ground Zero,0,2,8924,FALSE,"2 lavapools at spawn, almost doid in mobb nation cave, lava's animals for food, sub 5 woodlight enter, housing camouflaged in basalt, dug out some path to route top pigs, exactly 10 obby after backup gold, manhunt chest fragged to get over the 20 line, fort 20 chunk full diag, amazing rates, blind next to dungeon, nailed educated portal, W pillager mimicry, bedded too early on zero and dipped to ground"
03/12/2026 11:13,Village,Lava Pool,Bastion,00:28:30,00:04:29,00:05:07,00:10:42,00:14:20,00:16:56,00:18:24,00:25:48,00:27:48,8,0,23,0,1,-5.93889E+18,Stables,Half Bow,0,2,8923,FALSE," Dark oak spawn, plains village (no blacksmith), 4 iron from golem, cod bucket strats, surface lava pool, multiple spikes + spawner on pie, good gap, timeloss due to avoiding ""treasure"" (fastion), dig out spawner (no explosives), home portals, return to village for beds, forgets to measure, 0.5 ac, disgusting sh (7 min nav) 15 room deep pr, dragon flies on 95, knocked down to 1hp during halfbow, sub 28 end"
03/12/2026 10:44,Full Shipwreck,Lava Pool,Bastion,00:24:05,00:06:13,00:12:00,00:16:31,00:17:53,00:20:41,00:22:10,00:22:48,00:23:34,8,0,13,1,0,5.37324E+18,Stables,Zero Cycle,0,2,8922,FALSE,"Jungle spawn, loots RP (light, gold pick, mending axe, 1 obi), 8 iron from boat, village with no haybales, TAS tech for killing pigs, fake ravine into mineshaft, crimson spawn for food, no bastion in 32, RP gold blocks, 11 obi from trades, 9 obi chest, dig to fort, caved snowy blind, 0.3 ac, caved 2nd portal, 1 in 8 97 zero "
03/12/2026 10:18,Structureless,Lava Pool,Bastion,00:23:24,00:07:40,00:09:50,00:16:23,00:18:56,00:20:16,00:20:53,00:21:45,00:22:35,7,2,17,1,0,8.35082E+18,Bridge,Zero Cycle,0,0,8921,FALSE,"Yapping about 9K NRI roster, spruce forest spawn, cave for iron, digdown for lava, short portal, risky pearl from warped to bastion, 3 hoglins guarding chalice (and one piglin on it), hot tourist while travelling to fort, loses fort on pie-ray, avoids treasure, 1 ac, 99 front dragon"
03/11/2026 20:20,Buried Treasure w/ tnt,Lava Pool,Bastion,00:21:02,00:06:55,00:09:24,00:14:54,00:17:35,00:19:01,00:19:01,00:19:34,00:20:29,11,1,12,0,0,-8.61169E+18,Bridge,Zero Cycle,0,2,8920,FALSE,"Ship + bt, tnt as shears replacement, misread magma ravine, another huge ravine but nothing, got pushed from behind into exploding creeper, felt lava pops in ocean cave was fake but ended up being real, awkward portal, saw fort in the corner of screen, buried brijj, tnt pigface, cs went scuffed, backups got to 20 obby, ghost blocked on cool tnt bed and blew up spawner, went 11/12 on rods without realising, underwater submerged portal, 1.4 ch, icepie, pr side entrance, front 95, insane damage on last bed to kill"
03/11/2026 19:54,Full Shipwreck,Lava Pool,Bastion,00:23:28,00:03:58,00:07:03,00:16:19,00:19:25,00:20:48,00:21:18,00:21:44,00:22:42,9,1,17,1,0,-4.15974E+18,Treasure/Treasure,Zero Cycle,0,1,8919,FALSE,"Stranded in nowheresville, fantastic shipwreck, ocean full flooded lava ravine, wall portal 4 min enter, 28 chunks to treasure, pre-crafted garrots, bottom for extra obby, 3 armor pieces and kb sword, nothing is 32, sent extra-regional, long time before loading something, passed by brijj, seemed very treasure so changed direction, fort 1.5k nether radial, 850 block blind in 4th ring, laggy front 99 "
03/11/2026 19:28,Structureless,Lava Pool,Bastion,00:24:49,00:06:15,00:08:28,00:13:47,00:15:28,00:18:40,00:21:01,00:23:24,00:24:12,8,0,21,0,0,2.72901E+18,Housing,Zero Cycle,0,0,8918,FALSE,"Pieray to taiga village, completely useless except for beds and largefern, pivotted to cave and animals, poundyportalled, -2 pigs to dumbly entering housing, td, rolled on pearls but got loads with backups, food supply rp at fort, caved under mountain, 0.5 ch, still 550 blocks off for a 2.4k dist, sub 0.4 real ch, only chest remained of spawnerless dungeon, nonsense nav followed by digging into pr, back 95"
03/11/2026 19:00,Buried Treasure w/ tnt,Magma Ravine,Bastion,00:20:24,00:04:32,00:05:39,00:11:53,00:13:20,00:17:09,00:17:40,00:18:00,00:19:45,8,0,15,0,0,-7.45514E+18,Stables/Treasure,Half Bow,0,0,8917,FALSE,"Boat buried in coral, 2 iron and map, long swim to bonkers bt, no gravel, set magma portal for woodlight while mining 6 diamonds, ttg, 18 obby, pigs celebrating assisting in hoglin murder, trevored 18 away, no other quadrant looked good so pushed extra regional, eventually hit fort, 0.4 ch to 3rd ring, 2.3k blind, back 95 USS, dragon flew, perch for sub 20 "
03/11/2026 18:38,Structureless,Lava Pool,Bastion,00:21:42,00:07:17,00:09:01,00:13:31,00:14:54,00:18:37,00:19:11,00:19:29,00:20:20,8,0,23,0,0,3.79025E+18,Stables,Zero Cycle,0,1,8916,FALSE,"Structureless overworld, huge animal farm, 5 diamonds at lavapool, mined right over stables outer, got combo'd like hell on ttg and almost died, holy ziglins on 2 rd from pearl hang to fort, really helpful in chest checking, only got 12 obby, ssv fort, early blind to mine 8 obby, 1.0 ch, front 99 offset"
03/11/2026 18:13,Structureless,Lava Pool,Bastion,00:22:44,00:06:44,00:09:55,00:13:59,00:15:59,00:19:29,00:20:28,00:21:02,00:21:51,7,1,23,0,0,7.09923E+18,Treasure,Zero Cycle,0,2,8915,FALSE,"Did some MCC practice with Shubble and HBomb, Structureless ow, 5 diamonds on digdown for lava, fort near spawn but chose to go bastion first, lot of wall to treasure, left off top with 16 obby, more wall back to spawn fort, blind portal spawned on cow and suffocated it to death, 0.7 ch, another cow went through portal and got cooked(literally), awful rates, left on 13 eyes, saw another cow on the way to coords, overhsot by 300, back 95, angry enderman"
03/11/2026 15:58,Full Shipwreck,Lava Pool,Bastion,01:18:39,00:04:03,00:08:16,00:15:18,00:17:27,00:19:54,00:19:55,00:20:17,00:21:05,10,1,17,0,0,-8.62452E+18,Treasure,Zero Cycle,0,2,8914,FALSE,"In a rush for Free4All Bracket Reveal, Empty map in full ship, learned from CoB last run, visited a 2nd one, 5 min enter off rp nearby, barely enf blocks to cross giant lava gap, followed bybasalt wall to trevor basaltion, temporary put on thorn helmet from rp before finding other armor, pigs pushed past ziglin nation on route, upgrade to diamond helmet, 2 netherite ingots, didnt make a magma cube farm while mining bottom gold, 17 chunk full diag fort, 1.9 ch, paused to generate F4A bracket with 955 players, rolled the MOST INSANE matchups like Infume vs EDCR, TapL vs pavik, Hypn0tic vs Joomz Round 1, hax, vstrid and rowl all in same 16 bracket, etc. etc. etc., Cinema for certain on 14th March, back in run after almost 1 hr, pr offset icepie, diabolical end island, front 95"
03/11/2026 14:39,Full Shipwreck,Lava Pool,Bastion,00:28:32,00:06:09,00:07:33,00:19:14,00:21:28,00:23:37,00:24:29,00:25:28,00:27:08,8,0,23,0,0,-6.16395E+18,Bridge/Treasure,Half Bow,0,0,8913,FALSE,"Full ship with garbage food chest, close bt, digdown enter, wall to hbrijj, tnt pigface, cs but single, pigs refusing to route, got emoted on by them, pork snatched away, 17 obby, didnt feel spawner was real from start, traded bottom, no pants upgrade coz curse of binding leather ones from ship, took a while to get 3 obby. next spawner on 30 rd, fort 1k out in nether, 2k blind dist, fully botched going for back zero, quick perch
"
03/11/2026 14:03,Full Shipwreck,Lava Pool,Bastion,00:28:37,00:06:35,00:07:12,00:11:08,00:13:18,00:15:42,00:16:29,00:16:56,00:27:54,8,1,15,0,0,-1.41175E+18,Housing,Other,1,1,8912,FALSE,"3/4th armor and fns from RP, half ship with carrots, decent bt, ravine digdown for enter, spider jockey, messed up portal but then got to see 5 diamonds a little ahead, close td hauss, backup gold for garrots, 14 to ssv fort, cool tnt bed, 3 eyes went in mountain but got all back, 0.6 ch, somehow dropped sword on higher terrain but didnt hit the pearl, ocean exposed library, back 95 USS from cage spawn, trolled +1 beds many times, dragon got too low and had to bail on 2 hearts, failed boat clutch and died, thought to ow travel but had already gone towards enter from bad comms, easy return, sword bouncing on boat, diagonal perch, enf damage to break crystal after 1 perch and bow "
03/11/2026 13:33,Structureless,Lava Pool,Bastion,00:21:52,00:06:31,00:14:37,00:07:05,00:17:10,00:19:13,00:19:19,00:19:51,00:20:51,7,0,12,0,0,-8.40453E+17,Bridge,Zero Cycle,0,0,8911,FALSE,"Went caving, all 1 drops from pigs, ripped garrot nation in rp, fort first at spawn, left on 7 rods, never ending wall, had to bring out stone picks, crossed huge lava gap to brijj, cs, 1.9 ch, basically icepie, front 94 SS4"
03/11/2026 13:03,Desert Temple,Magma Ravine,Bastion,00:22:53,00:05:40,00:06:53,00:12:21,00:16:29,00:18:11,00:18:52,00:19:11,00:20:00,10,1,26,0,0,3.83174E+18,Stables,Zero Cycle,0,0,8910,FALSE,"6 iron and tnt exposed rest in DT, full iron tools + extra for new pick just in case, huge detour for gravel, killed pigs before digdown, mogged bigfella, double triple stables, way too much fire res, 19 obby 18 pearls, opened trade hole and went to gap, ziglin running out at a bad time, 25 chunk fort, fourk tnt, slow spawns and horrible rates(8/26), 0.5 ch back to 1st ring, ocean exposed pr, front 95, barely not sub 20"
03/11/2026 12:35,Structureless,Lava Pool,Bastion,00:37:15,00:09:07,00:11:47,00:29:36,00:31:45,00:33:16,00:33:16,00:35:16,00:36:09,11,2,16,0,1,-7.94641E+18,Stables/Housing/Treasure,Zero Cycle,0,3,8909,FALSE,"Back to Couriway skin, village vs ocean choice, saw good ravine and went for village play, baited by lot of fake lava on digdown, pickaxe barely hanging on, 9 min enter, had more iron for new pick, more and more walls, stables hogs migrating into ravine, DBNT PMO, bit better terrain to housing, bonked on a tree and fell into narrow gap, block clutched on side wall, started td with 37 obby, 1 mid gb elevatored, pig nation over a stack of obby but only 10 pearls, brought all backups and outer gold, got enf to leave on very last trade, went through all that just to then get treasured outside basalt, trading for pearls went very slow, stack of wool and crying as well, throwing out excess obby coz no requirement, most certainly highest obby count ever in a run, no spawner but loaded soon after leaving, hot tourist, fort being mean to find, 2 block thick terrain everywhere trying to hunger reset, ripped 550 block blind, no widepeepo portal, ocean exposed pr after hearing it, assassin creeper exploded right after hunger reset, front 95"
03/11/2026 11:56,Structureless,Lava Pool,Bastion,00:17:58,00:06:28,00:07:34,00:10:49,00:11:44,00:15:45,00:16:20,00:16:45,00:17:33,9,0,17,0,0,-1.79924E+18,Stables,Zero Cycle,0,1,8908,FALSE,"Forest spawn, nearby ravine for iron, dia pick/sword, digdown for lava pool, buried nether, good gap stables, both eyes break, mines 9 obi, large spike, instanav, 1/8"
03/11/2026 11:37,Structureless,Lava Pool,Bastion,00:26:18,00:09:27,00:10:50,00:15:42,00:19:14,00:21:48,00:23:19,00:23:52,00:24:59,8,0,18,0,0,-2.30508E+18,Treasure,Half Bow,0,0,8907,FALSE,"Forgot to change skin from Alex, plains spawn, spruce village without blacksmith/golem for food/4 beds, cave for stone tools and 0 iron, has to find a 2nd cave, bolan for more, digdown for lava pool, 2 spikes on enter (both treasure), hoglin in chest area, overlapping cooking potatoes and trades"
03/11/2026 11:09,Village,Lava Pool,Bastion,00:19:20,00:04:11,00:06:41,00:09:48,00:14:02,00:16:09,00:17:07,00:17:12,00:18:44,8,0,18,1,1,-8.17498E+18,Bridge,Half Bow,0,5,8906,FALSE,"outpost spawn with 2 iron, lava pool in between outpost and village, golem dropped 3 so had to do bucket trade, low 4 enter, dk route on double single bridge, low obby played home portal, found a closer fort near hp too late, 0.4 ch, pr ocean exposed, 5 eye, bailed on zero after falling upon setup"
03/11/2026 10:49,Structureless,Lava Pool,Bastion,00:19:07,00:05:51,00:06:30,00:11:15,00:13:25,00:14:42,00:16:00,00:16:28,00:17:46,8,0,11,0,0,1.26222E+18,Housing,Half Bow,0,1,8905,FALSE,"PC crashed right before runs, Alex skin for some reason, food wreck into ruins for map, only 4 iron bt, went mining for rest in ravine, y12 lavapool, housing visible from spawn, middown, 21 full diag warped fort, 0.7 ch, ocean exposed starter, side-entry into pr, flew on back 95 after double bed, weird perch snap"
03/10/2026 18:39,Buried Treasure,Magma Ravine,Bastion,00:18:00,00:05:32,00:09:04,00:12:35,00:13:53,00:15:16,00:15:17,00:15:53,00:16:42,9,1,16,0,0,-2.19374E+18,Stables,Zero Cycle,0,0,8904,FALSE,"Poor ship loot, epic bt, beautiful sight of waterfall and clouds in savanna mountain, almost felt like Niagra Falls, went up the waterfall for fun and to scout for enter, spotted magma ravine, far stables, ttmtg, generational event of piglin dying while running down, 17 to fort, built narrow bridge to connect both spawners, 1.2 ch, pr offset icepie, jumping up and down stairs to hunger reset, back 95 offset"
03/10/2026 18:20,Ruined portal,Obsidian,Bastion,00:21:25,00:05:03,00:09:06,00:14:25,00:16:50,00:18:44,00:19:12,00:19:28,00:21:09,7,2,14,0,0,-4.79479E+18,Bridge,Ground Zero,0,3,8903,FALSE,"Baited by chestless rp, no good caves, hanging portal rp had 3 iron and light, genius backseat from chat to complete 1st rp with 2 obby, rare bucketless enter, divine 14, super far eray, close to extra regional brijj, cs, lightly rolled on pearls, pieray and quadrant knowledge to locate fort, wither skill, forgot abt divine not even 2 min after coords were given, 0.4 ch taking in that direction tho, awkward hunger resetting over ocean, ocean exposed pr sub 200 blocks from divine coords, almost botched ground"
03/10/2026 17:56,Full Shipwreck,Lava Pool,Bastion,00:37:17,00:09:43,00:10:35,00:23:45,00:25:23,00:26:32,00:28:11,00:28:30,00:31:17,7,1,15,0,0,5.21965E+18,Treasure/Bridge,Half Bow,1,0,8902,FALSE,"1 nugget short of 3 iron from ship, mined out mp just just to find it empty, swam way further to find another ship with enf iron, killed few animals, digdown enter, trevor and brijj in close proximity, went to break spawner and then dipped to play bridge, got knocked off dk setup, peak pause abuse, went for block clutch play after lot of deliberation, fell into ONLY NOT 1 deep spot and died, killed animals on the way to enter, randomly stumbled into coast buried ship with all necessary supplies, 7 min to re-enter, W bit of no pigface bridge but convenient treasure nearby on 19 min enter ,went to trade entire bottom and top treasure at once, 12 to fort, 0.8 ch, pearling up in ravine didnt work, heard silverfish from starter, missed pearl for back zero, no opportunity to sub 30"
03/10/2026 17:14,Village,Lava Pool,Bastion,00:20:47,00:06:41,00:07:32,00:13:08,00:16:00,00:16:41,00:18:14,00:19:37,00:20:30,8,0,11,0,1,1.52749E+18,Housing,Zero Cycle,0,1,8901,FALSE,"Insane vision to spot lavapool miles away, b-lined to acacia village, hay stack way up on a hill, heard explosions go off from DT close to lava 6.5 min into run, weird housing in a ravine, td, left a gap on the side of trade hole but still gravelled, insane manhunt chest to cross 20 obby, not fan of spawner, went for one loaded from spawn, passed by home portal on route to fort, educated travel, block parkoured with anchor, overshot by 500, ocean exposed, in weirdly divorced part of sh, went back to ocean to find new entrypoint, dug into pr, back 95"
03/10/2026 16:51,Village,Magma Ravine,Bastion,00:40:13,00:09:41,00:17:02,00:11:17,00:24:54,00:26:46,00:32:18,00:34:57,00:36:52,8,0,19,0,0,-2.01987E+18,Bridge,Half Bow,0,2,8900,TRUE,"RV 1.21.11, savanna spawn, headed to ocean, 1 iron ship followed by 2 from bt but tons of gold, spotted blacksmith, tas loot, world's tiniest mesa, rp in desert somehow had enf lava under it to make a wall portal to enter sub 9, floating spawn but fort in sight, no brute in 32, weird lavafall fully covered nether wart room, played spawner with shield, 28 chunks past warped to brijj, went for cs but didnt take brutes into account, almost died, scary brute divebomb, hitmen pigs while mining backups, exactly 12 pearls from ~28 gb worth (73%), 1.0 ch no breaks, sent dig after throwing another eye and lining up, 8 diamonds but no sh, pale garden, 1 eye finally broke but decently triangulated, dropper into dripstone cave, stressful bucket mlg, sh under, library for extra wood, scary deep dark on nav, 2 eye saved the day, didnt have crafting table to go for ground and boat break got patched long before, wait for perch"
03/10/2026 16:08,Structureless,Lava Pool,Bastion,00:23:13,00:05:23,00:08:38,00:13:21,00:16:39,00:18:44,00:19:56,00:20:44,00:22:40,7,1,14,0,0,-9.11712E+18,Housing,Half Bow,0,2,8899,FALSE,"Awesome cave near spawn had all the iron and lavapool. pigs taking shelter near water puddles, got spooky with mob spawns around lavapool, far eray, td hauss, 24 to fort, hot tourist while looking for spawner, absurd spot, misplaced so no 3 portals, subspace blind, 800 blocks to 3rd ring, spider dungeon and burning library in way of pr, beautiful lava curtains behind bars, back 95 USS but flew, perch soon "
03/10/2026 15:44,Structureless,Lava Pool,Bastion,00:19:44,00:06:01,00:07:10,00:13:52,00:15:51,00:16:54,00:16:55,00:17:28,00:18:22,7,0,11,0,1,1.63955E+17,Stables,Zero Cycle,0,1,8898,FALSE,"Pierayed village, golem cosplaying tarzan in dark oak, dipped to ravine for rest, missed diamonds under lavapool, couldnt catch a breath while looting chests, had to block off and mine glowstone on gap route, traded other gap for final little obby, 30 chunk fort, 1.3 ch, icepie, back 95 USS"
03/10/2026 15:23,Structureless,Lava Pool,Bastion,00:28:12,00:05:42,00:07:06,00:14:57,00:17:21,00:19:01,00:20:44,00:22:42,00:23:34,8,0,16,0,0,4.86518E+18,Stables,Zero Cycle,0,1,8897,FALSE,"Typical structureless ow, piglin ambush on entering stables, gap route, hoglin squad guarding entry to other gap, got pingponged around and almost died, killed them all one by one, 20 obby after trading 2nd gap, initially worry of spawner faded after re-scan, fire res clutch on mining into wall lava, dug right next to spawner, 0.7 full diag to sh, caved under huge gravel mountains, went other way to find exit, too manhy Oliver distractions, nonsense nav, mined into pr, front 95"
03/10/2026 14:52,Village,Magma Ravine,Bastion,00:22:31,00:06:12,00:08:51,00:16:39,00:18:59,,00:19:50,00:20:28,00:21:38,8,0,10,0,1,6.65541E+18,Housing,Half Bow,0,0,8896,FALSE,"Furnace on pie, thrown off scent by huge snow biome, was in fact spruce village, epic 6 obby 4 iron blacksmith, golem too, 2 largeferns, emeralds for extra bread, digdown enter, far td hauss, got hosed on pearl trades, backups luckily gave sufficient amount, 19 chunk spawner, stables fastion, BLINDED 1 CHUNK OFF ICEPIEING, insane eyesight to spot pr through corridor in ravine, dragon didnt stay for front 90 SS, insta diagonal perch"
03/10/2026 13:58,Structureless,Lava Pool,Bastion,00:22:55,00:05:34,00:07:50,00:15:03,00:17:36,00:19:32,00:19:33,00:21:03,00:22:18,8,0,26,0,0,-2.00057E+18,Stables,Half Bow,0,4,8895,FALSE,"Rp for armor and flint, went caving, ran around for animals, digdown enter, spawned on tiny isolated basalt island, used up whole leaf stash to bridge over to stables, double triple but nowhere enf trades, opened trade hole and pushed to gap, 2 ziglins in the worst spots, scary late pigs, no spawner in 32 and e-counter over 420, loaded after travelling over 400 blocks, also very diagonal, some eray spike but real, complaint strats worked on blazes, subspace blind, 2.0 ch to near 750 -750, icepie, spikeless, weird because library was right outside pr, didnt hunger reset so no zero, quick perch"
03/10/2026 13:34,Structureless,Lava Pool,Bastion,00:18:17,00:06:08,00:07:36,00:10:31,00:12:26,00:14:28,00:15:37,00:16:23,00:17:13,8,1,17,0,0,-7.9657E+18,Stables,Zero Cycle,0,2,8894,FALSE,"Structureless ow, hard time finding water in cave after committting to it, had to resurface, ofc finds water next to lavapool much deeper in same cave, saw fort from spawn, decently close stables, 20 obby before starting ttg, threw out bucket to trade, enderman jumpscare while going to fort but it was lit on fire instead of aggro, 10 min fort, 0.5 ch to max dist. 1st ring on the axis, sh was 300 blocks shallower, dug into pr, back 99"
03/10/2026 13:14,Desert Temple,Lava Pool,Bastion,00:29:32,00:06:51,00:10:10,00:15:56,00:17:49,00:19:32,00:19:32,00:27:30,00:28:22,8,3,17,0,0,-4.64101E+18,Treasure,Zero Cycle,1,0,8893,FALSE,"Rare spawn near bamboo jungle, stray lava under cliff, climbed up hill to spot ocean and really distant DT, ran past lavapool, ocean very bad, sprinted over 2.5 min to DT, 6 iron and gapple, long run back for trees and animals and lava, loaded 2 bastions at once, went to one more on straight line, best buddy trevor, had to go bottom for obby, thought fossil was ghast, "
03/10/2026 12:44,Full Shipwreck,Magma Ravine,Bastion,00:21:56,00:06:57,00:12:22,00:07:21,00:15:10,00:18:07,00:19:48,00:20:24,00:21:13,8,0,17,1,0,-1.41227E+18,Bridge,Zero Cycle,0,0,8892,FALSE,"Ocean spawn, fns and 2 iron rp, 3 bad boars before finally getting one with iron, tons of food, full enchanted leather drip, boated for miles before going down ocean cave, magma down to road, fort first at spawn, spawners pro-est at hide-n-seek, long way to brijj, cs, blind portal weirdly high over ocean, 0.6 ch, basalt wall to coords, caved, dug up into lavapool, one over starter too, front 95"
03/10/2026 12:20,Misc,Lava Pool,Bastion,00:20:24,00:03:09,00:04:47,00:10:36,00:13:10,00:14:43,00:17:47,00:18:11,00:19:58,9,0,18,0,0,-5.46378E+18,Housing,Half Bow,0,0,8891,FALSE,"ungle temple for 3 diam 5 iron 5 gold, digdown for lava, dug 1 block down in cave to find lava pool, sub 3:30 nether enter on jungle, dig then bridge to bastion, realised lava housing after starting manhunt but got to safety, traded in outer, 1 fire res and just over a stack of pearls, hogs in crimson because only rotten flesh until then, saw fort across lava so finally used fire res, 0.4 angle change, still a few hundred blocks further after 2nd portal, quick nav, didn't go for tough zero, hit by dragon breath mid-halfbow, plus 1 one-cycle to hit sub 20"
03/10/2026 11:58,Misc,Magma Ravine,Bastion,00:20:21,00:05:50,00:07:26,00:13:24,00:15:22,00:17:17,00:17:17,00:17:40,00:19:43,10,0,20,0,0,-2.48378E+18,Bridge,Half Bow,0,0,8890,FALSE,
03/10/2026 11:33,Full Shipwreck,Magma Ravine,Bastion,00:23:43,00:05:18,00:06:25,00:16:02,00:18:31,00:19:58,00:21:09,00:21:40,00:23:04,8,0,10,0,0,-9.16742E+18,Stables/Stables,Ground Zero,0,2,8889,FALSE,"frontload wood into ocean, skipped far-ish spruce village, sudden appearance of full ship - only 5 iron, map for bt for full gear, tnt for blocks, almost distractedly rode over monument, dolphins to magma ravine, cave nether enter but close stables, single triple to gap but both bad gap, 14 pearl & 13 obby, pearl hang toward fort to head to 2nd bastion first, basalt divorced double triple stables, triple to gap - again double bad, plenty of trades despite bad luck with gaps, misplace obby inside portal frame, good rates, desert sand falling leaving nether, 1.1 angle, magma cube bully by 2nd portal cords - almost built up in fear with too much obby to finish portal, back small boi zero - broke crystal and it flew, ground too slow for pred"
03/10/2026 10:07,Structureless,Lava Pool,Bastion,00:30:19,00:05:52,00:16:29,00:06:33,00:21:27,00:22:22,00:24:42,00:27:23,00:29:03,16,2,15,1,0,7.17056E+18,Bridge,Half Bow,2,0,8888,FALSE,"Cool number 8888, giant mob farm cave, skeleton civil war, zombie could sniff from miles away, dark oak haircut, weirdly flooded lavapool, 3/4 seeds seeing fort near spawn, decided to play first, 2 erays on 28 rd, chose non-stables one, ripped 3 diamonds on the way out, gravel updated while parkouting and fell into lava, boated out onto land just before dying, opened up water into digdown hole, went flying like Superman into lava for a funny death, returned to see rods and food but no pick, luckily had thrown out iron one in fort so went there first, TAS pearl landed right on pigface, another fort in view, cs, no chest obby, baited into trading backups, only 18, decided to go back to home portal, educated to 150 150, still 950 off, parent pig pushed baby pig into lava, very dumb nav, dugdown straight into central pr lava, dragon flew on back 94 SS, e-w perch for some reason
"
03/10/2026 10:36,Buried Treasure,Magma Ravine,Bastion,00:21:48,00:04:21,00:05:06,00:13:24,00:15:32,00:17:25,00:18:48,00:19:11,00:21:04,7,0,17,0,0,7.25054E+18,Housing,Half Bow,0,2,8887,FALSE,"Ocean spawn, ship + bt ow, long swim to magma ravine, dolphin doid, rp and housing in straight line of view from home portal, epic 7 garrots 2 obby, single rampart sickly basalt corrupted, 44 obby, 22 pearls little low for 30 chunk spawner, hoglin convention, treasured, hard pivotted other way, loaded new spawner soon, ssv fort, 0.7 ch, 2nd portal near a rp, caved, surfaced to see another rp, 3b1a so setup for perch"
03/10/2026 10:12,Structureless,Lava Pool,Bastion,00:25:01,00:07:45,00:16:18,00:09:37,00:18:32,00:22:22,00:22:58,00:23:26,00:24:17,8,0,22,0,1,5.77576E+18,Housing,Zero Cycle,0,3,8886,FALSE,"Snow forest spawn, furnace to snowy village, set loads of potatoes cooking while river bolaning, worked 2nd try, 5 diamonds before lava, no bastion in 32, saw ssv fort and went for it, dealt with a lot of strays, bad part ate half of spawner, slow spawns and bad rates, erayed from there, ran into 2nd fort, express highway, extra regional housing, skeleton shot piglin in top housing, waited for celebrations to end before routing, got like no pigs, 0.7 ch, had to sit and mine 5 obby, also misplaced 1 at coords, ravinehold, front 99"
03/10/2026 09:44,Desert Temple,Lava Pool,Bastion,00:23:41,00:07:26,00:09:49,00:15:50,00:18:15,00:18:57,00:18:57,00:20:39,00:22:25,11,1,15,0,0,-1.35453E+18,Stables,Ground Zero,0,4,8885,FALSE,"Mesa spawn, headed to savanna, temple next to water, 8 iron, tnt cannon blew up 1st set of logs just before picking them up, happened very quick so was super confused, few animals, digdown for lava, no shot of playing ssv fort first at spawn, far stables, boxed ziglin at mid before going for ttg, took much worse terrain back to fort, fourk tnt, insane 6 degrees change, skeleton and spider invaded pr, almost jumped off spawn platform, early bailed on back 1/8, messed ground 1st time"
03/09/2026 20:50,Full Shipwreck,Lava Pool,Bastion,00:22:58,00:06:27,00:07:56,00:13:45,00:15:56,00:19:15,00:19:40,00:20:39,00:22:30,13,3,19,0,0,-3.77713E+18,Bridge,Half Bow,0,0,8884,FALSE,"Boated really far for ship, decent loot, bt on jungle coast, ocean ravine digdown, awkward lava under obsidian, portal on bedrock, knocked baby hog into brijj lava, tnt pigface, navved via side terrain on dk, double single, 19 chunk fort, uncool tnt bed to clear spawner, caved under ocean, ran away from trident guy to axis, 0.7 ch to near 450 -450, let 2 baby zombies into portal, ocean explosion, slime guarding pr, reached back 90 but didnt setup anchors and backed out, L shape headhitter into perch"
03/09/2026 20:26,Structureless,Lava Pool,Bastion,00:20:38,00:05:49,00:06:53,00:11:24,00:14:46,00:16:08,00:18:10,00:18:41,00:20:17,8,0,17,0,0,-6.19706E+18,Stables,Half Bow,0,1,8883,FALSE,"Saw village on a hill but pivotted to structureless seeing lot of surface iron, got mogged by pigs, 4 diamonds on digdown, y12 lavapool, saw fort on the way to stables, scuffed ttg, skeleton cosplaying one of the few pigs, long wait for one fire res, ssv fort, lot of wither on the way to spawner, debris in backwall, 0.5 ch, got hosed and was closer to 0.4, creeper jumped off tree and exploded right above, no back small boi on caged spawn
"
03/09/2026 20:04,Structureless,Lava Pool,Bastion,00:55:26,00:09:22,00:11:05,00:15:31,00:14:04,00:16:37,00:21:17,00:22:11,00:23:44,8,0,14,0,0,6.23168E+18,Bridge,Half Bow,0,1,8882,FALSE,"Caved at spawn, killed sheep, dug straight into lavapool without any sound warning, misinformed by target block on depth, lot of pause abuse but managed to place leaves and water bucket clutch, bridge past wall, got rammed away by hoglin coming out from behind lava curtain, sick block clutch, dk, hoglin jumpscare at lodestone chest, way too much string and only 10 obby, fort not too far from home portal, too much worse terrain back, educated on 0.6, garbage basalt walls, caved under fulham forest, absurd roll on closest stronghold to spawn being over 2k radial, 2.1k blind dist, took a dinner break mid-run, then watched Juicy get his first sub 20 and sub 19, y111 digdown for y18 starter, dug into pr, back 88 1/8 but dragon flew already, zero vision during one cycle from breath"
03/09/2026 19:06,Full Shipwreck,Lava Pool,Bastion,00:24:45,00:07:54,00:11:46,00:16:35,00:19:41,00:21:26,00:22:01,00:22:29,00:23:24,9,0,18,0,0,4.37209E+18,Bridge,Zero Cycle,0,3,8881,FALSE,"Big turtle pack 3 chunks off for divine, 3 iron combined from 2 ships but loads of food, bt in atlantis, y16 lavapool, closest eray 27 chunks, lot of basalt mining, extra regional bridge basaltion, dk, 10 garrots, no spawner in 32, headed back towards spawn, only loaded after reaching very close to 0 0, fort probably only structure in 1st ring of quadrants, 0.7 ch to 2nd ring, punched enderman going for front 97 1/8, almost trolled"
03/09/2026 18:40,Buried Treasure w/ tnt,Lava Pool,Bastion,00:21:08,00:04:09,00:04:21,00:11:27,00:13:28,00:17:00,00:19:03,00:19:36,00:20:23,8,1,14,0,0,-6.50261E+18,Treasure/Bridge,Zero Cycle,0,0,8880,FALSE,"Ship + bt overworld, 4 min digdown enter next to treasure, pigs lockedin for 20 obby off top, forced quadrants, scary reckless pearl. lost 50-50 on quadrant due to brijj, food pitstop, low pearls, somehow circled all the way back to a different 1st ring quadrant for fort, no firecharges for some reason, had to mine gravel for fns, 0.3 ch from just outside 1st ring, thundering, went 0.5 considering 1st ring, 600 off, crazy 2429 dist, laggy front 97 1/8, back in bridge due to hunger reset"
03/09/2026 18:18,Full Shipwreck,Lava Pool,Bastion,00:22:52,00:07:58,00:13:56,00:09:00,00:17:29,00:18:49,00:19:33,00:19:45,00:21:23,8,0,17,0,0,3.67165E+16,Treasure,Half Bow,0,2,8879,FALSE,"0/4 on ruins map chest, awesome carrots and map from ship, good iron from bt, went down ocean ravine, zombie mogging skeleton, short dig for lava, fully eray baited by ziglins and ended up at a fort, chose to play first without shield, horrible rates for last rod,  ""big brain"" play coz bastion was treasure, got cornered , threw out gb to avoid dying, bottom for final obby, 0.7 ch, couldnt complete rp for 3 portals, ocean exposed and insta navved, pearled into back crystal, knocked off by fireball, perch soon, saw endermite get launched"
03/09/2026 17:51,Misc,Lava Pool,Bastion,00:23:02,00:07:33,00:07:49,00:14:23,00:17:16,00:20:08,00:20:54,00:21:30,00:22:16,8,0,10,0,0,-4.25085E+18,Bridge,Zero Cycle,0,0,8878,FALSE,"Ocean didnt seem enticing but then opened up, killed few pigs before heading off, decent food wreck, boots and fns in rp, another ship for iron, well into ring but no sight of enter (or sh), dugdown for lava, spawned next to a bridge, made a staircase for pigs to pigface, underestimated hoglin reaching on cs, got knocked off towards lava, insane block clutch to live on 1 heart and escape to safety, 22 chunk ssv fort, set pork cooking using lava bucket, skeletons dropping from the skies, got shot through soul sand even when fully enclosed, blind into mineshaft, 0.5 ch, ocean exposed full of mobs, front 99"
03/09/2026 17:16,Structureless,Lava Pool,Bastion,00:36:36,00:10:28,00:11:35,00:14:59,00:26:46,00:29:02,00:29:39,00:30:52,00:32:38,12,1,27,0,0,3.50351E+17,Housing,Full Bow,1,0,8877,FALSE,"Typical structureless ow, 9 diamond vein on digdown, long tunnel but no sign of lava, giant ravine but nothing, randomly mined down going for digdown and landed next to a lavapool, 10:30 enter, tied best streak of housing first, had to give some thought on quadrant while pieraying for fort, 17 chunks to ssv lava fort, chockful of withers and ziglins, double clicked while placing top blaze bed and died in spectacular fashion, replayed overworld while dealing with night mobs, traded housing backups for ease of travel, a million blaze strays, stunned seeing almost everything survive, 0.5 straight line, -10s mining misplace, gross looking ravine strongshaft, low explosives so full bowed, quick perch, 2b1a + sword"
03/09/2026 16:35,Structureless,Lava Pool,Bastion,00:21:40,00:06:03,00:08:59,00:11:48,00:14:05,00:15:49,00:17:15,00:17:50,00:21:05,9,0,19,0,1,-8.79032E+18,Housing,Half Bow,0,0,8876,FALSE,"Really far village on pie, rran through dense forests, pivotted to cave after food and golem, digdown enter, streak of 5 housing first after long journey, baby ziglin ran in at a bad time of td, ssv fort, getting ping ponged by blazes, 0.5 ch, sword zombie, botched triangulation, looped around tower to front 94 SS, dragon broke bed, perch took some time "
03/09/2026 16:11,Structureless,Lava Pool,Bastion,00:31:17,00:10:50,00:13:54,00:14:27,00:16:18,00:19:31,00:23:56,00:24:19,00:25:09,8,0,15,0,0,7.37903E+18,Housing,Zero Cycle,0,2,8875,FALSE,"Solved big F4A tourney issue, distracted with discussing that and mined more iron than needed, another iron drop from zombie, cave went to lava ravine, TAS skeleton pathfinding, hoglin doordash, td hauss, 21 pork after killing hoglin family, ucky on eye breaks and down to 12, 1st digdown led to cave full of mobs, hit sh 2nd try, down to 16 pearls reaching fort, 0.5 ch, started daydreaming while mining and overshot coords, still way off, unlucky on eye breaks and down to 12, 1st digdown led to cave full of mobs, hit sh 2nd try, 2540 blind dist, front 94 SS"
03/09/2026 15:35,Buried Treasure w/ tnt,Magma Ravine,Bastion,00:23:31,00:04:51,00:07:31,00:15:35,00:17:14,00:19:07,00:19:07,00:20:35,00:22:40,10,0,12,0,0,-1.3516E+18,Housing/Treasure,Full Bow,0,1,8874,FALSE,"BONNY hopping around, ship + bt for loads of iron and 2 diamonds, TAS spot to tnt trees, pigs for more food, 5 more diamonds in magma ravine, awful terrain to housing, td, 18 obby after outer chests, treasured 18 chunks away, blast prot pants, drilled through huge wall with gold picks, spawner fully diagonal, TAS pearls b/w tiny basalt islands, wither skull 1st try, went 10/12 without realising, 0.8 ch, mined 2 obby in ow coz no fire res, surprise icepie, echolocated pr, only 3 beds, 9/9 crystals and last one proved tough"
03/09/2026 15:11,Full Shipwreck,Lava Pool,Bastion,00:17:39,00:04:20,00:06:06,00:10:47,00:13:49,00:15:22,00:15:23,00:15:44,00:17:03,8,0,17,0,0,5.12325E+18,Housing,Half Bow,0,0,8873,FALSE,"Spike too big for bt, buried bad boat, thought another ship in the distance was good but misjudged, loads of food and map tho, tons of iron in bt, lavapool on same island, far housing, almost opened up lavafall into td, mending axe from rp outside fort, crafted crossbow, misplaced obby but had more in the bag, 1.0 full diag ch, icepie, insta nav, awkward terrain, missed block clutch, TAS halfbow, breath blocking vision during one cycle "
03/09/2026 14:51,Village,Lava Pool,Bastion,00:16:34,00:04:18,00:05:40,00:09:06,00:10:43,00:12:36,00:13:07,00:13:28,00:15:59,7,0,12,0,1,6.8254E+18,Housing,Half Bow,0,0,8872,FALSE,"Pierayed to taiga village, loads of wood and decent food, ripped 6 emeralds from chests, traded for iron axe and bucket, 2 iron blacksmith and golem too, mined into cave going to lava, low 4 enter, td hauss, 20 chunk spawner, heard blazes from ravine, 9 min fort, 600 block blind, missed by 4 chunks, library roof open to cave, pr on backnav, only 2b2a so setup for perch, weird snap, barely sub 16"
03/09/2026 14:11,Full Shipwreck,Magma Ravine,Bastion,00:32:01,00:05:31,00:06:57,00:24:08,00:26:10,00:28:23,00:29:56,00:30:21,00:31:15,9,0,19,0,0,-3.73427E+18,Treasure/Treasure/Treasure/Treasure/Treasure,Zero Cycle,0,3,8871,FALSE,"Ship horribly buried in ocean floor, difficult time mining out all 3 chest, close bt for extra food, 5 garrot rp above magma ravine, mined into awfully basalt corrupted bottom treasure, went wrong side for spawner and so many bigfellas spawned it, most insane basalt pillars around gold blocks, main bridge walled off, top part very chill, pre-made trade hole, treasured afterwards, continued on another path, trevored again and had to trade, W 3 treasure call from chatter in their sub msg from a few runs ago, next spawner under 6 chunks, weird pearl clip on the way out, trevor #4, divorced babastion, 22 chunks for 5th one, 1.1k blocks out, hot tourist, fully dripped out, finally fort 16 from there, 0.5 ch in 4th ring, junglehold, heard silverfish from starter, back 95"
03/09/2026 13:36,Village,Lava Pool,Bastion,00:16:41,00:04:05,00:05:00,00:09:31,00:11:24,00:13:15,00:14:55,00:15:16,00:16:05,8,0,16,0,1,4.09205E+18,Treasure,Zero Cycle,0,1,8870,FALSE,"3 iron desert blacksmith, golem dropped 5, creeper blew up first try flint so had to mine extra, digdown without grabbing wood, 4 min enter, saw fort from spawn(hallucination), good for visiting treasure, gold dearth in top, trades still kinda hit, pearling to bottom coz no boat for 2 more obby and some pearls, went back to realise fort was hallucination, still sub10fort, sick view of parts of fort extruding out of walls from eating itself, boatless axis in ocean, looked very silly, 0.5 ful diag ch, mobs not allowing to itch elbow, 2250 blind, insta navved strongshaft, TAS correction pearl after missing, front 95"
03/09/2026 13:17,Village,Magma Ravine,Classic,00:24:34,00:06:17,,00:07:16,00:16:55,,00:22:07,00:23:22,00:24:15,8,0,17,1,1,6.34694E+18,Classic,Zero Cycle,0,2,8869,FALSE,"Desert world tour (village+DT+RP), tnt exposed iron, gravel in cave on the way to village, animal pent floating over ravine, 3 gb lavapool rp with aqua affinity helmet + fortune pick, enderman wandering desert in daytime didnt drop, fort at spawn, no close bastion, ancient debris while mining down to pigs for classic, insane amounts of gold from fortuning nether gold, trapped one pig in hole coz no boat, fourk tnt after boxing ziglin, it still got aggro'd, got back to see piglin despawned and a lot of gold still left, couldnt find another so headed to bastion, completable rp for 2 more gb and 10 garrots, ran into mega crimson mob city, pivotted to ""route"" it and got more pigs than some bastion routes, ripped trades, back to rp for blind, 0.6 ch, mostly ocean travel, bedrock sh, chicken jockey, dumb nav, TAS arrowless back 92 1/8"
03/09/2026 12:45,Full Shipwreck,Lava Pool,Bastion,00:20:10,00:06:37,00:07:21,00:13:45,00:15:29,,00:18:52,00:19:00,00:19:52,8,0,13,0,0,-1.08357E+18,Housing/Treasure,Zero Cycle,0,0,8868,FALSE,"Ripped map chest in ruins, was way further than expected, left 1 tnt, village nearby, mined wood from inside house but had to run out to pick up, tnt'd hotel, no good ravine so dug for lava, close manhunt hauss, unhappy with eray on 24 chunk spawner, no choice but to go break treasure, half dia armor, spawner loaded while leaving, real fort, caved at y12, educated to ~0.6, ocean exposed pr in very far 2nd ring, dolphin ignoring, barely made front top 104"
03/09/2026 12:22,Village,Lava Pool,Bastion,00:25:13,00:06:06,00:08:20,00:16:24,00:19:07,00:20:44,00:21:23,00:21:46,00:22:33,9,0,14,0,1,7.46574E+18,Bridge,Zero Cycle,0,0,8867,FALSE,"Village spotted, did cod strats and right after got 6 emeralds from chests, y17 lavapool, scuffed eray, extinguished fire on dk but it still burned down, didnt break hoglin block, lost 50-50 for triple side, had to trade backups for 20 obby, pearl clutched on 1 heart after landing next to hoglin and falling off cliff, 28 chunk warped fort, juked wither train, 0.4 ch, mic randomly went full space alien mode, went full 0.4 and nailed 2nd portal, 2324 blind dist, front 99 almost 2+2"
03/09/2026 11:53,Structureless,Lava Pool,Bastion,00:20:09,00:05:02,00:09:06,00:13:18,00:15:01,00:16:25,00:16:47,00:17:56,00:18:51,8,0,11,0,0,7.95614E+18,Treasure,Zero Cycle,0,3,8866,FALSE,"Ran into ravine, artificial canal, dirt pickaxe, spotted lavapool for 5 min structureless enter, bastion in 24, pretty bad terrain, surprised seeing treasure, ghast fireballed at wrong time mid-route, pigs had to run through fire field, enf to leave off top, broke spawner to pieray fort, amazing rates, 1.2 ch to very far 1st ring, hogs on coords for food, weird nav, front 88 1/8"
03/08/2026 20:00,Full Shipwreck,Lava Pool,Bastion,00:30:04,00:07:49,00:10:02,00:21:29,00:23:30,00:25:19,00:26:52,00:28:41,00:29:31,8,0,17,0,0,8.88662E+17,Housing/Treasure,Zero Cycle,0,3,8865,FALSE,"Spotted ocean, magma ravine on the way to ruins, map and axe, left stranded by 2 dolphins who found their new home and wanted to turn into gamers (never exiting), ran to bt, 2 diamonds and decent iron, ocean ravine digdown, y26 lavapool after long mining session, sub 8 enter, more mining to td hauss, trolled with 13 pearls on b2b runs, outer gold immensely helpful, got treasured and chose to break, mending sword, bad feeling abt next spawner, rain fog, miles more mining, new pick in broken condition, ssv fort, hoglin attack at spawner, boat moved during axis, 0.6 straight line, disgusting nav, pushed top 104 offset setup for sub 30"
03/08/2026 19:29,Desert Temple,Lava Pool,Bastion,00:21:25,00:06:25,00:07:14,00:12:58,00:15:15,00:16:39,00:17:54,00:18:31,00:20:52,8,0,15,1,0,5.32158E+18,Housing,Half Bow,0,0,8864,FALSE,"Highrolled for desert merging into ocean, found a lavapool and DT instead, only 1 diamond, pivotted to tnt mine in caves, epic 12 garrot RP, good line for trees, water and lavapool, fort neat spawn, close middown hauss, absolutely no pearls, had to get all backups just for bare minimum amount, 20 obby after top chests, fourk tnt, felt angle ch wasnt good but solid 1.1, no breaks while triangulating, murdered bat nation in starter, dungeon same way as pr, pushed for front 90 from ground up, stupid dragon flew away, forgot abt ground, perch soon"
03/08/2026 19:07,Structureless,Lava Pool,Bastion,00:21:52,00:06:02,00:07:13,00:12:46,00:15:55,00:17:17,00:17:55,00:18:17,00:21:15,8,0,14,0,0,-8.13723E+18,Bridge,Half Bow,0,2,8863,FALSE,"Parkoured to awesome cave, cow refusing to light on fire despite standing on same block, lavapool on digdown, massive lava curtain in between pigface part and rest of main bridge, cs, 16 chunk spawner didnt seem real, forced diagonal quadrant, bad terrain but all worth for fort, blaze fireball rebounded ghast's fireball and damaged the ghast, another one went striaght through ghast's giant head but didnt damage, 0.9 full diag ch, dragon didnt stay on 90, a while for perch"
03/08/2026 18:44,Structureless,Lava Pool,Bastion,00:21:00,00:05:58,00:06:44,00:12:53,00:15:38,00:17:49,00:18:42,00:19:15,00:20:25,7,0,20,0,1,3.28604E+18,Treasure,Half Bow,0,0,8862,FALSE,"Brewing stand to plains village, b2b 3 iron golem, dipped to cave, ravine digdown for lava, close trevor, very decayed trade hole, forced quadrants after getting enf from top, garrot and gapple in rp, ended up being very far, pick broke and no iron or stone, some eray but felt confident, turned out to be a treasure fastion, caved under snow tundra, 1.1 ch, ravine dropper on sh digdown, pr through dead end wall, pearled into t100 crystal, dragon stayed after fireball but botched zero, not ready for insta perch but sick pearl in to one cycle"
03/08/2026 18:21,Village,Lava Pool,Bastion,00:25:38,00:07:56,00:09:07,00:13:04,00:15:42,00:17:27,00:17:59,00:22:57,00:25:21,8,0,13,0,1,2.16429E+18,Stables,Full Bow,0,1,8861,FALSE,"Pierayed plains village, only raw fish in bucket house, 3 iron golem, villagers being absurdly dumb, didnt setup for woodlight 1st time, built 2nd portal, incomplete caught fire way before complete one, axe and helmet in rp, reverse double triple route to avoid ziglin, got absolutely no explosives, only 10 obby, pearl hang while going fort, educated, sh was close to -150 -150 while home portal was at 150 -150, went looking for library, 1 storey and 2 storey, 1 string short of 4 beds, went for spider kill but it dropped nothing, TAS full bow on low arrows, nailed 3 bed + sword"
03/08/2026 17:51,Village,Lava Pool,Bastion,00:38:14,00:09:36,00:11:43,00:18:05,00:19:46,00:22:25,00:24:06,00:35:47,00:36:39,8,5,13,0,1,-6.76839E+18,Treasure,Zero Cycle,1,0,8860,FALSE,"Furnace to snow village. pretty bad loot wise, set loads of potatoes smelting while farming wood, headed to ocean and instantly saw full boat, nicely docked on coast, great iron, 9 diamond vein on digdown, huge tunnel just for fake lava, real one nearby, forgot flint, ventured far and wide, had to play bottom treasure too, ub 3 sword and prot 4 pants, horribly lost on diagonal and loaded a new spawner, hot tourist, ssv lava fort, wither nation, amazing rates, hunger reset spawned next to wither in a pit away from items, ring around the rosied trying to mine soul sand, TAS play to escape, 50 block digup, right clicking bed didnt register in pr and back at spawn, grabbed a few pigs before enter, mined into old tunnel for treasure, navved horrible terrain well, had to endure 50 block digup on 2nd portal, 11 min to return journey, redemption back 95"
03/08/2026 17:12,Village,Lava Pool,Bastion,00:18:52,00:05:28,00:08:23,00:13:05,00:13:53,00:14:37,00:14:51,00:16:14,00:17:00,9,1,5,1,2,-4.64311E+18,Housing,Zero Cycle,0,0,8859,FALSE,"Jungle spawn, spotted rp, absurd 15 garrots (0.16%/1 in 623) and looting 1, neighbouring villagers, killed both golems, digdown enter, 2 erays both 23 chunks away, chose one with better terrain, misjudged weird lavafall, td hauss, leaving with 30 obby, ssv fort, 9/5 blaze rates, 0.7 ch, wrong info in chunk line, used other 10 obby for it, ocean exposed sh, almost died to mob army, also mineshaft but navved well, front 99 "
03/08/2026 16:52,Full Shipwreck,Magma Ravine,Bastion,00:27:59,00:05:05,00:07:57,00:19:31,00:21:20,00:22:39,00:24:15,00:24:35,00:27:25,8,1,12,6,0,5.83197E+18,Bridge,Perch,1,1,8858,FALSE,"Wonderful ship loot, didnt need to go for bt, dolphin death zone ravine, huge tunnel to bridge, took lot of damage to crossbow guys, piglin came in the way of killing hoglin got 1-tapped by same hog, swam over 1k blocks for enter, looted ship nearby for food, back in 8 min to see everything safe, cs but single, fort only 10 chunks, 0.6 ch back near bastion, back 94 SS but flew, no arrows, 2.5 min perch "
03/08/2026 16:23,Full Shipwreck,Magma Ravine,Bastion,00:28:24,00:04:31,00:07:14,00:19:32,00:20:41,00:21:44,00:25:54,00:26:25,00:28:01,9,0,16,2,0,-4.51209E+18,Stables/Housing,Half Bow,0,1,8857,FALSE,"Decent ship, low food 2 dia bt, sub 5 magma enter, massive lavacast, ender pearl helped cross terrain gap, buried almost extra regional DBNT stables, new route - double to outer to bad gap, solid amount of gold in chests, not much loot, farmed hogs before tying to leave, +4 gb so stayed to trade, got rolled but leaving with fire res, 28 chunk fort but chose to go for new eray, hot tourist, garbage terrain to hauss, td, 56 obby somehow, 16 to fort, cool tnt bed, caved 40 blocks under, educated off vibes, re-educated on 2nd portal, axis said 1st portal was very close, failed portal break 3 times, chose to dig up, 99 block blind WOW, fireball nation during half bow, quick perch"
03/08/2026 15:54,Full Shipwreck,Lava Pool,Bastion,00:23:13,00:04:30,00:08:55,00:12:53,00:14:45,00:18:02,00:19:02,00:20:33,00:22:27,11,1,15,0,0,-2.28121E+15,Bridge,Half Bow,0,1,8856,FALSE,"Ruins for map, dolphin vanished so slowly swam to bt, blue pick acquired, crafted shovel instead of shears, closeby lavapool for sub 5 enter, too much basalt mining, brijj just past basalt, built roof over pigface to stay safe from pigs, cs but double single, blue pick allowed to leave on 15 obby, fort 14 away, 0.6 diag ch, junglehold, multiple chatters hallucinated seeing pr in ravine, low pearl for back 95 so bailed, waited for perch"
03/08/2026 15:29,Structureless,Lava Pool,Bastion,00:21:36,00:05:06,00:07:13,00:12:45,00:15:25,00:17:13,00:18:32,00:19:11,00:21:07,7,0,15,0,0,-6.54584E+18,Stables,Half Bow,0,2,8855,FALSE,"Armor, fns and 5 obby rp, technically completable but would require mining crying, caved, pigs and 1 salmon, consistency play to mine all 3 crying with gold pick, basalt spawn, ripped trades from double triple tho less pearls, ghast stuck in ravine, skeleton in nether, y97 sh digdown, 21 full diag to fort, hoglin gang raided spawner, stupid moments dealing with them, plumbing after blaze bed, 1.0 ch, overworld skeleton in nether, y97 sh digdown, cage so no back zero, flip one cycle cage so no back zero, flip"
03/08/2026 14:45,Village,Lava Pool,Bastion,00:28:15,00:06:07,00:16:50,00:06:52,00:20:00,00:20:34,00:25:27,00:25:47,00:27:53,8,0,21,0,0,2.12603E+18,Bridge,Half Bow,0,0,8854,FALSE,"Cosplaying pillager while in outpost, good 8 carrots, 28 chunk furnace, lavapool on the way in weird valley, epic 5 iron + pick + 6 obby, didnt pick up flint after bad rates, very far eray, played fort first near spawn, blaze nation at spawner, went to new eray, lots of bridging between floating islands, boat broke, rp outside brijj, built dk offset to go around lavafall, educated, built 2nd portal off rp, educated again, caved 3rd time in a row, no wood for new boat, had to swim a long way without dolphin, over 900 blocks off to sh being super shallow, ocean non-exposed too, 2.3k blind dist, missed block clutch for back zero, waited for perch"
03/08/2026 14:16,Structureless,Lava Pool,Bastion,00:15:56,00:06:06,00:06:52,00:10:35,00:13:07,00:14:04,00:14:04,00:14:22,00:15:27,7,0,22,0,0,2.13946E+18,Stables,Zero Cycle,0,1,8853,FALSE,"Ripped god apple and armor in pr, cave nearby for all the iron, 2 rp gb before digdown, 6 diamonds in ravine, lavapool near, fort and stables in close proximity, ttg, brought extra pigs after pearl hang, waited for obby and string, 10 min fort, spawner in bad part, bad rates, 350 block blind, icepie, insta nav, back 99 offset but slipped off speedbridging, pearled back for 90 SS, scuffed zero"
03/08/2026 13:59,Structureless,Lava Pool,Bastion,00:18:20,00:05:55,00:07:32,00:12:00,00:14:02,00:15:18,00:15:57,00:16:32,00:17:43,8,2,18,0,0,6.07999E+18,Stables,Ground Zero,0,2,8852,FALSE,"Jungle spawn, spotted ocean but looked very fraud, decent food in ship, 5 iron jemple + some gold for tools, forced digdown without iron pick, found some iron ore, entered stables triple, ttmtg, minor hiccuos like ziglin and glowstone in path of good gap, gapple from rp going to fort, double extend to save jumping off fort, misplace ruined opportunity for 3 portals, 0.8 ch, good nav, didnt go for cage back zero"
03/08/2026 13:39,Structureless,Lava Pool,Bastion,00:25:08,00:07:48,00:09:56,00:16:45,00:18:10,00:21:16,00:23:01,00:23:45,00:24:38,8,0,18,0,0,-4.78411E+18,Stables/Treasure,Zero Cycle,0,1,8851,FALSE,"Went caving in plains, lots of animals, dug into mineshaft, zombies taking damage noises while tunneling to lava, 5 diamonds, mtg stables, 14 obby after chests, traded other gap too, no iron trades, didnt want to deal with wall just for treasure, sent another way, fort not too far, measured 0.3 full diag inside 3rd ring, decided to go through nether roof, went ~0.44, 350 off, 2461 blind dist with 0.5 ch, front 95 4+2"
03/08/2026 13:12,Full Shipwreck,Lava Pool,Bastion,00:19:21,00:05:00,00:06:17,00:11:41,00:14:07,00:16:07,00:17:14,00:17:53,00:18:46,8,0,11,0,0,-7.19115E+18,Treasure,Zero Cycle,0,0,8850,FALSE,"Awesome food wreck, 5 garrot rp, very long swim for a good ship, 4 diamonds at lavapool, nothing from 3 gold classic, top treasure trades sufficed, went down to break spawner, picked up extra diamond for sword, 16 to fort, 0.5 ch, 1st portal in 2nd ring but going 3rd ring for sh, sheep nation for beds, trapped husk in a 1x1, ravinehold, annoying spider, front 90 small boi "
03/08/2026 12:52,Structureless,Lava Pool,Bastion,00:21:41,00:05:39,00:06:22,00:13:17,00:15:23,00:18:38,00:19:47,00:20:15,00:21:10,8,1,22,0,0,2.83397E+18,Treasure,Zero Cycle,0,3,8849,FALSE,"Furnace on pie but towards snow biome, dipped to cave, double cow light, digdown for decent enter, close trevor, not a lot of top gold, boat break going to bottom, pearl clutched to live, blocked off skeleton in time, dia helmet and sword, pro-level dodging skeleton squad shots, buried fort, wither spawner, 0.5 ch, hallucinated boat as sh, trident guy guarding, poison stew, sh under jungle edge, front 95 small boi "
03/08/2026 12:26,Half Shipwreck,Magma Ravine,Bastion,00:29:11,00:10:01,00:12:34,00:19:57,00:22:30,00:23:42,00:24:07,00:24:34,00:26:19,8,0,16,0,0,-8.66551E+18,Bridge/Treasure/Treasure,Half Bow,0,2,8848,FALSE,"B-lined to ocean, armor and flint in rp, enf iron in ship, dipped to killing land animals, found magma through ocean ravine cave, not enf lava, found better but awkward spot for wall portal, finally bastion in 16, cs, felt spawner was treasure, forced extra regional instead, still got treasured, didnt break spawner and pushed further,"
03/08/2026 11:54,Village,Lava Pool,Bastion,00:18:15,00:04:26,00:06:33,00:10:50,00:12:04,00:13:26,00:15:40,00:16:46,00:17:33,9,0,14,0,1,-8.81861E+18,Housing,Zero Cycle,0,1,8847,FALSE,"Village spawn, villagers trolling, dugdown into lavacave, gravel nearby, eray took a while to load, manhunt housing, good comms to toggle off hard difficulty, sick obby chest to leave, big loop around terrain to fort, 0.4 ch, did math wrong and was quite off angle, another 600 blocks to sh, front 99 offset"
03/08/2026 10:32,Buried Treasure,Lava Pool,Bastion,01:06:42,00:04:37,00:07:10,00:21:48,00:24:04,,00:26:31,00:26:55,00:27:47,7,1,16,0,0,-1.95857E+18,Treasure/Treasure,Zero Cycle,1,1,8846,FALSE,"Lavapool under treeless spawn island, ship in the dist, amazing food from bt, pc bricked while boating, ethernet stopped functioning after pc restart, had to bring a USB Wifi Adapter to restart stream, back at spawn with nothing coz world didnt autosave, chat polled to still play the same world, no difference in gameplay, sand caved in and fell into lava but water clutched, far treasure, got knocked off by late pig, didnt have proper hotbar and died, bad mental from pc worries, swam really far for trees before re-enter, nether spawn slightly lava trapped, lost pickaxe but enf iron for new one, diamond sword, 19 obby even after trading bottom, side chests came in clutch, 24 chunk spawner, very much treasure so dipped, fort over 1k out in nether, miscrafted all wood into pressure plates, close to crimson, 1.0 ch, short portal but enf obby still, pearled into crystal, rare dragon staying for zero"
03/08/2026 10:24,Structureless,Lava Pool,Bastion,00:24:32,00:06:44,00:14:46,00:07:17,00:16:45,00:18:53,00:19:45,00:21:58,00:23:38,8,1,21,0,1,-5.80172E+18,Bridge,Ground Zero,0,1,8845,FALSE,"Happy Women's Day to all the women out there wifepeepo , Desert village around very cool shattered savanna, grabbed iron on the way, doorLove, no lavapool in sight, went down through DT, wandered in huge cave till finding lava, flooded due to ghost bucket, fort first with shield at spawn coz no bathtub, tnt bagel obliterated blaze, got shot through shield and was scary, bad rates, long way to brijj, pigface tnt, dk, 1.9k blind dist, skeleton dungeon bait, only hitting infested stone brick in attempt to hunger reset, dumb nav, flew on back 94 SS, dipped to ground after some thought"
03/06/2026 21:06,Structureless,Lava Pool,Bastion,00:26:06,00:07:09,00:16:23,00:12:48,00:19:25,00:22:43,00:23:38,00:24:00,00:24:46,7,1,13,0,0,1.38531E+18,Treasure,Zero Cycle,1,2,8844,FALSE,"Forest spawn 28 chunk village running through taiga/mega taiga Couriway is very excited for the three house taiga village with nothing. Couriway thinks about future Couriway being thankful for this run. 9 worth of sus stew on way to village then sees TAS cave so we are playing that instead. Gravel from river next to cave. Couriway excited to go to bed after this run. Dig down at 6 minutes in deep cave. Lava starts popping at 6:40, low 7 enter Basalt spawn 32 shunk bastion walright. Prayging for fort on the way. Couriway slips… Couriway falls, unfortunately does not hit the boat clutch. pats. Lilypad parkour to get back. Wood pick and shovel mining on the way back to enter. Couriway says 6 or 7 and chat is not amused. Has to dig some stone to get back. Back to items around 12 minutes. Red mushrooms mysteriously disappeared idk maybe theyre magical. Finds one red mushroom and then FORTRESS. “We’re so back” Couriway talks about Star Wars drone that says “hello.” gets a little lost but finds spawner at 13:30. Leaving spawner at 14:50 with 7 rods. Couriway says he “can’t get punished” because its the last run of the day. W boat clutch running to bastion wonders why he couldn’t do that before. Trevor the bastion is back at it again. Gold horse armor distraction pog. Brick piflin on stairs. Gets 6 pearls from trades so has to go bottom. Builds 4 square on the ceiling of bottom treasure gold. Is upset that azure bluet isn’t blue (actually good point idk why it isn’t), overlaps trades with measuring. 0.4 angle change shears some sheep and gets some mutton on blind tick perfect lava bucket cuz of the rain (TAS). rates are trolling, Couriway threatens piglins lives… goes the wrong way to coords for a second. Another W boat clutch on way to coords. Tremendously beautiful pearl. Makes gold picks to dig thru wall to coords digs into rp with enchanted golden apple pog decides to build off of rp obby, hopes to see ocean exposed but its not unfortunately. 23:30 digown for sh, 23:40 sh gets good spike, pearl into pr, sub 25 paus? Back 88 zero goes 99 because gigachad doesn’t fly 3+2 BANG"
03/06/2026 20:39,Structureless,Lava Pool,Bastion,00:35:05,00:06:51,00:09:35,00:22:14,00:24:38,00:26:51,00:28:10,00:28:40,00:33:58,8,1,16,0,0,-6.91728E+18,Stables/Housing,Half Bow,0,1,8843,FALSE,"Amanda called dark oak spawn, no ocean tho, searched far and wide for iron, went into mineshaft wrecked by lavafalls, lavapool under it, chose eray that didnt feel stables-y, still ended up at one, gap route, only 8 obby, surprise piglin attack while chest checking, ran away on half heart, managed to not die to baby hog, nothing from chests, pierayed to fort, wanted to pitstop at another bastion for obby so pearl hung, got baited by something else, grabbed shrooms, visted a housing, only enf to blind, pig yoinked mid gb, went to retrieve and almost died, got to 20 obby down 3 gb, 1200 out in nether, pearl hang took a second to load, fort very annoying to find, rp rubbing salt on wounds, checking twitter while mining misplaced obby, subspace blind, 0.6 ch 3rd ring, 300 off, boat break going down mountain for better digdown spot, back 95, dragon very low and broke bed on 2nd rotation, waited 4.5 min for perch"
03/06/2026 20:02,Structureless,Lava Pool,Bastion,00:22:06,00:05:57,00:09:16,00:14:43,00:16:45,00:17:49,00:19:27,00:19:47,00:21:31,8,0,19,0,0,1.00332E+18,Housing,Half Bow,0,2,8842,FALSE,"Ran into huge crater cave, farmed pig nation, lavapool in a random corner of same cave, understimated journey to housing, td, left with tons of gold for picks, 30 chunk fort through arduous terrain, went back and forth on double spawner, 0.7 ch, brutal digup on getting caved, didnt push for zero on being caged, 3+1 one cycle"
03/06/2026 19:39,Full Shipwreck,Magma Ravine,Bastion,00:17:29,00:04:45,00:05:23,00:09:45,00:11:43,00:13:36,00:13:56,00:15:11,00:17:03,8,0,12,0,0,-6.92112E+18,Bridge,Half Bow,0,1,8841,FALSE,"Long swim to shipwreck with great loot, magma ravien enter, horrible sight of lava everywhere on brijj, tnt pigface, poison stew just before rushing for route, played around terrain for dk, garrot nation, backups for last obby, 13 chunk sub10fort, 1.2 ch, caved again, went off eye throw and found sh, gorgeous ravine strongshaft, cranked to back 94 but flew, perch for low 17, insane damage on beds "
03/06/2026 19:20,Buried Treasure,Magma Ravine,Bastion,01:01:33,00:10:46,00:14:03,00:19:15,00:20:54,00:22:46,00:24:49,00:25:08,00:29:13,8,0,9,2,0,5.34168E+18,Stables/Treasure,Half Bow,0,1,8840,FALSE,"Slowly swam to ship, 2 diamonds and close map, loaded bt, gapple + 2 gb from rp, heard lavapool above ocean ravine but couldnt find it, dug to magma, trying to find bastion while being too high, mtg, super hungry so dinner break mid-run, 13 chunks through wall just to get treasured, nothing in 32, pearled for a while before loading spawner, hogs on the way, out of fire res reaching basalt fort, scary ideal double spawner, 0.6 ch to shallow 1st ring, was more like 0.5, crafted on the fly while cranking back 88 1/8, dragon flew anyways, perched after hour mark on RTA, fountain had breath so couldnt go in, next one came soon"
03/06/2026 18:17,Structureless,Magma Ravine,Bastion,00:27:54,00:07:26,00:09:36,00:16:04,00:18:02,00:21:17,00:22:58,00:23:26,00:27:10,8,0,12,0,1,5.33133E+18,Stables,Half Bow,0,1,8839,FALSE,"Sent ocean, amazing food wreck, dipped to acacia village seeing nothing else, caved after golem, magma ravine, messed up 2 portal spots, forgot gravel, very far stables, great clutch after getting knocked off, half heart on ttg, garrot nation, chests lockedin on obby, no spawner in 32, loaded soon after going extra regional, fort bordering 3rd quadrant ring, subspace blind, 0.5 ch taking near 750 -750, pick broke going coords, had to make a wooden one, pretty mountains but not fun to digdown on, nav king in ravinehold, back 90 small boi but flew, took a while to perch"
03/06/2026 17:45,Structureless,Lava Pool,Bastion,00:27:07,00:05:12,00:06:37,00:16:56,00:18:44,00:21:51,00:24:07,00:24:45,00:26:35,13,3,13,0,0,-8.81201E+18,Stables,Half Bow,1,3,8838,FALSE,"Distant lavapool rp, ff boots and light, went mining, creeper blew up furnace but smelting was done by then, high quality enter, ghast fireball direct hit another ghast, rare type of friendly fire, punched baby ziglin in the process of navigating stables, got stuck going for ttg, pressed 1 instead of q'ing gold and died, re-entered bare bones, quick return with a lot of damage coz no boat, 2 hoglins at worst spots routing to good gap, block clutch to save getting knocked in lava, most absurd stables routing ever, urge to eliminate every hoglin in existence, 17 chunk fort, x-ray dug into buried part, mega taiga blind, 0.9 full diag ch, caved under giant mountain, found better digup spot, cave spider hitting through wall, pr side entry, messed pearl clip, TAS halfbow and 4 bed "
03/06/2026 17:17,Full Shipwreck,Lava Pool,Bastion,00:21:30,00:04:00,00:04:49,00:08:32,00:11:01,00:12:51,00:16:21,00:19:04,00:21:11,7,0,14,1,0,-7.78363E+18,Housing,Half Bow,0,0,8837,FALSE,"Preferred ocean over village, 11 carrot 7 iron ship, very close bt, dugdown into ocean cave connecting to lavapool, never punished for forgetting gravel, 4 min enter right next to fort, very close td hauss, pre-crafted garrots, fully rolled with 12 pearls, no extra from backups, 8:30 fort, plumbed massive lavafall, 0.6 ch, ice but no pie, 1 break and ocean non exposed, missed 1st digdown, no c value swimming along ocean floor, managed to hit a cave connected to sh, 0 eye sadly, altar chests turning out difficult to find, heard enderman and it dropped a pearl, setup for perch"
03/06/2026 16:54,Buried Treasure w/ tnt,Lava Pool,Bastion,00:22:31,00:06:18,00:08:29,00:14:31,00:16:54,00:19:19,00:20:48,00:21:15,00:22:04,7,0,20,0,0,-7.12217E+17,Housing,Zero Cycle,0,1,8836,FALSE,"Completely missed a shipwreck probably due to it slightly blending in with terrain, looted a different ship, almost in ring for bt, lavapool in ocean ravine, long way to hauss, td but pigs didnt want to end up in trade hole, not much obby from trades, mongey chests forced into trading outer gold and backups for 20, fort in 23 chunks, plumbed lavafall on spawner, 1.1k blind dist, missed starter but still ended up in sh, very shattered condition, back 95"
03/06/2026 16:29,Village,Magma Ravine,Bastion,00:14:02,00:03:20,00:05:58,00:08:47,00:10:07,00:12:14,00:12:14,00:12:51,00:13:27,8,0,15,0,1,2.64581E+18,Bridge,Zero Cycle,0,0,8835,FALSE,"Pie to plains village, wheat skip for bucket, neighbouring lavapool rp with 2 gaps, mid 3 enter with 2 gold blocks, bastion on 29, ssv bridge fastion, blaze squad ready to snipe at a moment's notice, b-lined for dk, sub 9 fort, 10 min swamp blind, 0.8 ch to very far 1st ring, icepie, TAS nav, front 99, new 10th best time"
03/06/2026 16:14,Buried Treasure,Obsidian,Bastion,00:24:19,00:02:03,00:07:34,00:12:15,00:18:33,00:20:42,00:21:47,00:22:20,00:23:35,8,0,15,0,0,-3.75433E+18,Stables,Half Bow,0,1,8834,FALSE,"Underwater enterable rp, nothing else in 32, forced 2 min enter with literally nothing, crimson wood pick, hogs surrounding another rp, one of them an absolute coward, mined out buried chest, armor and gapples would have been helpful a little earlier, wall dig to stables, not much iron in chests, smacked baby piglin in the forehead going for hog in mid, balcony view of fort and another rp, very apt name Hoglin Stables, overlapped cooking food with trading stray gold, no more iron, bridged over to fort, blazes first then went scavenging bad part, got the needed iron in 1st chest, ran back to play good gap, 0.6 full diag ch, grabbed food on the way out, not sending back 95 with weird overhang, fast perch"
03/06/2026 15:45,Structureless,Lava Pool,Bastion,00:18:35,00:04:20,00:04:59,00:09:52,00:12:39,00:14:03,00:15:22,00:16:08,00:17:57,8,0,13,0,0,-1.18514E+18,Housing,Half Bow,0,1,8833,FALSE,"2 lavapools near spawn, had to run around to find good iron vein, double apple, cow waterhole, low 4 enter, not many pigs on td, pathetic chests, 9 obby after trades, double pearl hang while waiting on backup trades, loaded both tick perfect, 22 chunk sub10 ssv fort, awesome luck on strays, 0.7 home portal ch, slight error in math so 250 off, library next to pr gave weird spike, dipped on back 95 on caged spawn, perch for sub 18"
03/06/2026 15:23,Full Shipwreck,Magma Ravine,Bastion,00:23:30,00:06:21,00:07:38,00:12:46,00:14:37,00:19:21,00:20:44,00:21:27,00:22:57,16,2,18,0,0,-1.46102E+18,Stables,Half Bow,0,3,8832,FALSE,"Ship then far bt for food, bonus 2 diamonds, first try poison stew, gapple and mending pick from rp, dolphins in way of magma portal, ttmtg, chopped nav to 24 chunk basalt fort, farmed chicken on blind, 0.5 diag ch, horrible terrain with too much wall, navkinged strongshaft, didnt push back t97 on cage, perch soon"
03/06/2026 14:58,Structureless,Lava Pool,Bastion,00:28:19,00:06:24,00:12:07,00:16:04,00:18:42,00:20:13,00:20:42,00:21:11,00:21:57,7,1,18,0,0,2.87389E+18,Treasure/Treasure,Zero Cycle,0,3,8831,FALSE,"First sub 17 pred in over 700 runs, went caving in ravine, decent plains animals, y13 lavapool, hoglin ubereats, on verge of jumping off tree into certain death, started treasure route from the top, huge pig squadron on bridge above bottom treasure section, somehow kept all of them distracted while mining gold, trevor no. 2 showed up 20 chunks away, scary bigfella, fort 20 from there, misplaced obby, genius yet stupid solution, had enf obby anyways, 1.6 full diag ch, mismath'd but realised in time, started thundering violently, front 99 3+2, whack end terrain"
03/06/2026 14:27,Village,Lava Pool,Bastion,00:18:11,00:05:30,00:06:18,00:11:06,00:12:29,00:13:40,00:14:54,00:15:09,00:17:16,8,0,15,1,1,-3.78721E+18,Bridge,Half Bow,0,0,8830,FALSE,"Close village, golem stuck behind a bell, digdown enter, free terrain to double single brijj, ziglin nation on dk but pigs pushed through for the love of gold, obby trades lockedin but somewhat low pearls, 27 to fort, never ending 0.5 ch, baby nav, bailed on back t88, perch to hell yeah on a sub 18 pred"
03/06/2026 14:05,Village,Lava Pool,Bastion,00:19:36,00:04:20,00:06:03,00:11:01,00:14:15,00:16:09,00:16:45,00:17:03,00:18:54,8,0,10,0,1,4.52856E+18,Bridge/Treasure,Half Bow,0,0,8829,FALSE,
03/06/2026 13:19,Structureless,Lava Pool,Bastion,00:18:19,00:06:22,00:07:45,00:12:07,00:13:45,00:15:29,00:16:51,00:17:13,00:17:58,9,0,19,0,0,1.13631E+18,Housing,Zero Cycle,0,0,8828,FALSE,"Surfaced exposed iron in small ravine, missed diamonds on digdown for lava, td hauss, big crimson tree congesting whole gap, 26 diagonal to ssv fort, caved at y12 under wooded hills, got back educated eye, went off vibes, nautilus shell drowned in river, 400 off, fyroah law pr under open sky, front 99"
03/06/2026 13:00,Full Shipwreck,Lava Pool,Bastion,00:21:17,00:05:02,00:08:52,00:15:11,00:16:18,00:18:19,00:18:56,00:19:35,00:20:25,8,0,11,0,0,3.77112E+18,Stables,Zero Cycle,0,1,8827,FALSE,"Ship + bt ow, map revealed lavapool, fully lost direction to it after throwing out map, retrieval operation, y108 spawn, had to dig around lavafall, chunky glowstone tree, mined past debris, buried good gap stables, extra gb from chests helped towards 20 obby, 17 chunk fort, pog rates, dealt with trident guy on blind, 0.5 ch, ocean ravine exposed sh, underwater sugarcane, wormholed to pr, front top 104 setup"
03/06/2026 12:31,Structureless,Lava Pool,Bastion,00:30:23,00:05:06,00:07:16,00:18:24,00:20:34,00:21:42,00:22:52,00:23:16,00:29:31,8,2,10,1,0,6.31907E+18,Treasure,Zero Cycle,2,1,8826,FALSE,"Mid looking ocean, dipped to cave in magma ravine, saw lavapool while getting food, huge 130 eray spike on 28 rd, missed parkour jump for treasure route, boat burned while trying to place and died in lava, clip revealed pick and food survived, started raining, re-caved before enter, killed hogs on the way, grabbed gilded to continue route, had to go bottom, dia pants, farmed 21 pork from rooftop, hogs raining down, turned into a warzone, turned out to be treasure fastion, got rolled on obby and had to home portal after, 0.5 ch, ended up being 2.2k dist, witch on nav, cranked back 97 1/8, got knocked off by dead dragon, no health left and died, cows on the run back for hunger, sprinted like anything to make it for sub 30"
03/06/2026 12:00,Structureless,Lava Pool,Bastion,00:21:18,00:06:08,00:08:03,00:12:52,00:15:04,00:16:31,00:18:01,00:18:25,00:20:44,8,0,16,2,0,9.21499E+17,Housing,Half Bow,0,1,8825,FALSE,"Stripmined into cave, carrot drop from zombie, bow and arrows pre-nether, used 7 bones to farm loads of carrots, lavapool in ravine, awkward terrain to hauss, mined first to backups for garrots, lava housing route, fort 22 away, 1.6k blind dist, o58 cage and only 1 pearl so no back zero, weird snap, 3+1 one cycle"
03/06/2026 11:37,Desert Temple,Lava Pool,Bastion,00:22:06,00:05:39,00:07:46,00:11:44,00:13:47,00:15:29,00:17:30,00:18:38,00:21:15,9,0,18,1,0,4.02364E+18,Bridge,Half Bow,0,0,8824,FALSE,"Spotted lavapool, 2 gapple DT, iron jackpot spot in cave, tried lighting sheep with rotten flesh, missed b2b RTS, pearl to reach brijj, cs, obby nation chests, 19 to fort, triple tnt agrro'd ziglin, educated travel with 30 obby, TAS skeelton interrupting axis, 6 degree change, forgot abt linking, portal break to then icepie, randomly heard pr lava next to a dungeon, neighbour spawner rooms, pearl landed on ledge next to void, waited forperch"
03/06/2026 11:13,Structureless,Magma Ravine,Bastion,00:25:38,00:05:36,00:06:57,00:14:03,00:16:14,00:18:56,00:20:25,00:21:04,00:22:56,8,1,15,0,0,3.01184E+17,Stables,Half Bow,0,1,8823,FALSE,"Spent 30 min tweaking mic settings, mending axe + fns in lavapool rp, killed loads of animals, exactly enf lava sources to make portal, Stables No. 2500, scuffed ttg, 20 obby with chests and extra gold block, 23 chunk diagonal fort, HBG fitness yap, 0.4 ch, 1.8k blind, lavapool close to pr, sinking into ground on end enter, back 90 SS, messed pickblocking bed and bailed, perch to win the pred for believers"
03/05/2026 18:50,Full Shipwreck,Magma Ravine,Bastion,00:23:02,00:05:41,00:08:51,00:13:26,00:15:07,00:16:24,00:17:45,00:20:23,00:22:09,9,2,15,0,0,7.62996E+18,Stables,Half Bow,0,3,8822,FALSE,"Ocean spawn, map in ruins, banger bt, forgot abt rp, leaves messed up first 2x1, eray on 28 rd, saw fort on the way, RTS, ghast fireball hit in the face while boating down but didnt break boat, divorced double triple, ran through single rampart roof, got trapped with pigs while trying to run to gap, took a lot of damage but lived, no reactions from pigs even after punching coz ziglins, somehow made the most scuffed ttg in history work, hoglin on the way out to fort, 1.3 ch, creeper jumpscare during preemptive, disgusting nav through ravinehold, backed out of zero after messing up block clutch, quick perch, awesome low 20 avg day"
03/05/2026 18:22,Structureless,Magma Ravine,Bastion,00:22:24,00:06:30,00:07:27,00:13:18,00:16:01,00:17:36,00:19:47,00:20:35,00:21:25,9,1,18,1,1,3.57333E+18,Treasure,Zero Cycle,0,1,8821,FALSE,"Pierayed village, golem + rest in nearby cave, dugdown instead of going ocean for enter, 4 diamonds at lavapool, ghost bucket farming, pearl to cross terrain to treasure, 12 pearls wouldnt cut it, diamond pants, threw out netherite, no spawner in 32, fort 600 blocks away, educated + mined 2 obby for 3rd portal, axised 1.8, sunk cost fallacy in attempts at pearling to sky high portal, icepie, wormhole nav, front 99"
03/05/2026 17:57,Village,Lava Pool,Bastion,00:30:15,00:12:06,00:18:32,00:21:28,00:23:10,00:14:44,00:16:30,00:16:48,00:18:32,8,0,14,0,1,1.48256E+18,Stables,Half Bow,0,2,8820,FALSE,"Acacia village at spawn, ripped double bucket, cactus growing on farmland wood, lavapool in desert, no specific reason for niceRTA, quick woodlight for 4 min enter, huge lava abyss in view, fort in corner of screen, no choice but to mine blocks and bridge across, sniper skeleton awaiting at other end, double triple stables, chests fragged on obby, still got 20 on final trades, ssv fort, portal is worst valley for axis, sheep for beds, 0.5 to absurdly far 2nd ring, quite shallower than measured, didnt force zero, crystal shot did absurd damge to dragon, almost missed perch"
03/05/2026 17:20,Village,Lava Pool,Bastion,00:24:23,00:03:39,00:04:32,00:13:20,00:15:38,00:17:58,00:19:26,00:20:52,00:23:56,8,2,15,0,0,-3.62154E+18,Treasure/Treasure,Half Bow,0,0,8819,FALSE,"World took time to load so thought village, thought to send ocean but then saw furnace, 7 iron pog, no need of golem, lavapool next to mineshaft starter, sub 4 enter, could tell bastion was treasure, not much top gold, 2 netherite ingot (0.5%), diamond sword too, punished for leaving without spare iron by pick breaking midway through wall, had to go back, treasured, forced quadrants without breaking spawner, fort after some more mining, 0.6 striaght line, 2nd iron pick barely made it to coords, sh digdown with stone one, fully eaten dungeon posing as wall, fyroah's law, overarching terrain, detoured from the side, sick bow shots, perch baiting before real one"
03/05/2026 16:55,Structureless,Lava Pool,Bastion,00:21:07,00:05:57,00:08:19,00:14:02,00:16:03,00:18:29,00:19:16,00:19:48,00:20:32,8,0,18,0,0,-3.16157E+18,Treasure,Zero Cycle,0,0,8818,FALSE,"Cobble skip, too much damage dealing with mobs, stayed wary of skeletons, farmed pigs, cave digdown enter, uncertain of spike, buried trevor, 1 gb flew off the back and barely missed lava, had to go bottom anyways, diamond sword, atrocius pearl hang, 18 chunks to fort, measured 0.3 so instead going 0.45, eye went into huge overarching mountain, 2.3k blind, nonsense nav in strongshaft, back 99 offset 2+2"
03/05/2026 16:32,Full Shipwreck,Lava Pool,Bastion,00:19:28,00:05:29,00:07:25,00:11:25,00:14:36,00:16:00,00:17:05,00:18:11,00:18:57,8,0,18,0,0,2.39354E+18,Housing,Zero Cycle,0,0,8817,FALSE,"Ruins for map, trident firing squad, just enf iron from bt, buried rp for gb, 8 diamonds on digdown, awkward flooded lavapool, better on next door, scary basalt wall lava, fully mis-ID'd housing as stables, 18 to ssv fort, spawner slacking, 1.4k blind, somehow wormholed through hidden to pr, front 99 3+2"
03/05/2026 16:07,Structureless,Magma Ravine,Bastion,00:26:20,00:06:01,00:09:08,00:13:09,00:16:02,00:19:49,00:23:02,00:23:47,00:25:27,7,0,14,0,0,1.23604E+18,Stables,Full Bow,0,2,8816,FALSE,"Bell too far, chose to cave, some animals and salmon, rp full of gear, intersecting ocean ravines, left diamonds, no bastion in 32, fort 19 chunks away, loaded something and dipped, surprisingly a stables fastion, sad DBNT, cautiously raiding outer, insane amounts of obsidian in chests, got a triple's worth of gold to trade, bare 13 pearls to go, 0.6 ch with 2 breaks, full wall to coords, scary stray lava, caved in mineshaft, 3rd break in a row, sheep along the way, nailed triangulation, insanely lucky for getting 2 eyes when most needed on b2b days, W 3 bed + axe"
03/05/2026 15:40,Village,Lava Pool,Bastion,00:19:08,00:07:19,00:09:05,00:12:04,00:14:14,00:15:43,00:17:02,00:17:27,00:18:20,7,0,13,0,0,9.20392E+18,Bridge,Zero Cycle,0,0,8815,FALSE,"Treeless island spawn, long swim to ship, blue pick from bt, tnt'd acacia village house for wood, floating hay, b2b2b flint (0.1%), ocean ravine digdown for lava, pigface tnt, cs, 28 chunk fort, 0.7 ch, ocean non exposed, heard a lot of mobs on digdown, back 90, first ever 8 eye rolled in 100k with symmetrical eyes "
03/05/2026 15:18,Full Shipwreck,Magma Ravine,Bastion,00:21:35,00:03:47,00:07:12,00:12:54,00:14:37,00:17:45,00:18:31,00:19:13,00:20:50,11,2,21,1,0,4.98048E+18,Treasure,Ground Zero,0,2,8814,FALSE,"Ocean spawn galore, 10 iron 4 stew ship, sub 4 magma enter, distant eray, double poison stew just before extra-regional trevor, insufficient gold, fossil in bottom, chestplate upgrade, 14 full diag fort, 0.5 ch, 4 chunks off, TAS nav, o59 cage, arrowless ground"
03/05/2026 14:31,Buried Treasure,Magma Ravine,Bastion,00:25:40,00:04:05,00:07:13,00:15:46,00:18:04,00:19:49,00:20:17,00:20:51,00:23:10,15,4,13,0,0,-8.45383E+18,Housing/Treasure/Treasure,Half Bow,0,1,8813,FALSE,"Another ocean spawn, too much drowning damage from being a brick at fast looting, rp pitstop for armor and gb, juicer bt, 4 min enter, ripped through gold picks for blocks, super late gravel update, td hauss, could see treasure in the dist, pivotted to new quadrant, clutch 2 gapples in rp, still got treasured, had to trade for pearls, obby for 4 portals, 20 chunks to fort, 0.5 ch to 3rd ring, nailed 2nd portal, wormholed to pr, bounced weirdly off tower, no pearl in hotbar, W Drags to save huge timeloss, weird snap"
03/05/2026 13:51,Buried Treasure w/ tnt,Magma Ravine,Bastion,00:24:33,00:05:04,00:07:08,00:14:01,00:16:23,,00:22:10,00:23:04,00:23:53,8,1,17,0,0,1.34175E+17,Bridge,Zero Cycle,0,1,8812,FALSE,"Double spike for mapless, didnt get anything on 9 9, probably dungeon bait, ship + bt, low food situation, magma enter, tnt pigface, dk but single, couldnt mine out trade hole in time, escaped death, trapped skeleton in other buried single, only 13 obby, out of food while leaving, hogless crimson, lost direction for fort, scary killing hogs in ravine, heard blazes in a wall, decent 2nd ring coords for blind, swam a significant way before doing axis and got a 0.5 ch, went past mushroom island, shabby 2280 blind dist, front 99 3+2"
03/05/2026 13:18,Full Shipwreck,Magma Ravine,Bastion,00:18:45,00:04:40,00:06:33,00:09:52,00:12:47,00:14:12,00:16:16,00:16:38,00:18:03,9,0,16,0,0,-7.60454E+18,Bridge,Ground Zero,0,0,8811,FALSE,"Thought was hallucinating shipwreck in the distance, food supply ship on the way to bt, dia sword and tons of iron, messed up magma portal to not picking up door, 2x1 sub 5 enter, fake falling gravel eray, kinda low eray for double triple brijj, tnt pigface, dk, 30+ obby and garrots, 18 to sub10 warped fort, blaze stray squad, 0.5 ch taking not even inside 3rd ring, sent ocean travel, 600 off on 2432 blind with sub 0.4 real ch, easy nav, pushed for top 104 offset but too much hesitation of setup, got launched and pearl clutched, ground pivot"
03/05/2026 12:52,Village,Lava Pool,Bastion,00:22:11,00:06:05,00:06:59,00:12:26,00:14:21,00:15:54,00:19:24,00:20:05,00:20:53,8,0,17,0,1,-4.66921E+18,Treasure,Zero Cycle,0,2,8810,FALSE,"Jungle edge spawn, ran to 32 chunk smoker, coastal acacia village neighbouring DT, skeleton jumped into loot area, TAS blocking off pressure plate and pummeling it to death, tnt'd houses for wood, enf iron for iron axe too, lavapool nearby, insta treasure, ghast obliterated piglin, fireball ricocheted onto self, only 8 obby good excuse for bottom, over 5 stacks of pearls, checked rp on the way out just for it to have more obby, FourK tnt, 0.7 ch, caved under savanna, sick mountain range, had fully misread 2nd angle and was over 1200 blocks off, ocean exposed sh, back 95"
03/05/2026 12:27,Full Shipwreck,Magma Ravine,Bastion,00:19:22,00:04:36,00:06:28,00:11:06,00:12:54,00:15:29,00:17:20,00:17:38,00:18:28,8,0,13,0,0,5.60585E+18,Housing,Zero Cycle,0,2,8809,FALSE,"Sideways full ship + close bt for iron nation and blue pick, joke of a lavapool underwater, dug towards bubbles, mid 4 enter, buried double triple housing, almost turned into lava housing for td, 11 garrots, almost went wrong way for fort but good job checking, 0.8 ch, mined 4 obby, mountain sheep for more beds, 350 off, barely made front 99, last bed did epic proportions of damage "
03/05/2026 12:05,Structureless,Lava Pool,Bastion,00:22:11,00:07:15,00:09:22,00:12:13,00:14:10,,00:17:35,00:18:54,00:21:17,8,0,22,0,0,4.89244E+18,Housing,Full Bow,0,2,8808,FALSE,"Bow drop from cave skeleton, rotten flesh helped retain sprint to go for plains animals, skinny cow go into corner waterhole, tiny 3x4 lavapool in mineshaft, very close proximity of fort and housing, full armor before td, huge glowstone pile in gap made things very scuffed, AS pearl onto fort, leaped off to save a rod, horrible rates, wither nation from low rd pearl hang to coords, 1.1k to sh, front 88 1/8, not enf kb on +1 and dragon broke bed, 1 perch + bow did the trick"
03/05/2026 11:38,Village,Lava Pool,Bastion,00:19:27,00:04:55,00:05:38,00:09:49,00:16:07,00:13:27,00:13:32,00:14:08,00:14:56,8,0,14,0,1,2.52933E+18,Treasure,Zero Cycle,0,1,8807,FALSE,"Spoonfed plains village spawn, apple nation, DT in the dist with desert village, 2 iron enf, didnt realise toolsmith, epic pick + shovel, lavapool towards sick shattered savanna, sub 5 enter with close treasure, 1 obby short of leaving from top alone, still sub10fort, FourK tnt, part of MCC : Spell Bound roster with Grian, HBomb and Shubble, 600 block blind, spawned in ravinehold, cranked to top 104 setup, good enf for sub 15 "
03/05/2026 11:12,Village,Lava Pool,Bastion,00:17:41,00:04:08,00:05:56,00:11:11,00:12:31,00:14:49,00:15:50,00:16:16,00:17:11,8,0,18,0,0,-8.55465E+18,Bridge,Zero Cycle,0,1,8806,FALSE,"Spawned in staring at an outpost, some wood and crossbow, neighbour lavapool, grabbed hay and sent ocean, decent ship, map taking back near spawn, confused lavafall as different pool, 2 dia and loads of iron, golem prison break to distract pillagers for portal, 4 min enter, NiceNether spawn, brijj across lava, island pitstop to tnt blocks, dk soog style (letting right triple pigs on dk), almost killed by blind pigs, low pearls, 22 to basalt fort, 0.8 ch, W blaze ritual in pearl hang attempt, back 95"
03/05/2026 10:51,Full Shipwreck,Magma Ravine,Bastion,00:19:44,00:02:02,00:02:30,00:10:45,00:14:12,00:16:07,00:17:37,00:17:57,00:19:05,8,0,17,0,0,-7.45873E+17,Stables/Stables,Ground Zero,0,0,8805,FALSE,"Instant sight of full shipwreck, very close bt for 2 diamonds, magma ravine next door, 2 min enter, potentially best overworld rolled, close stables, double bad triple single screwed over disgusting pace, left with a fire res, erayed another stables, farmed hog nation, double triple double good would have looked better at spawn, jazzhack gold, pig nation on double triple, enf trades, 18 chunk warped fort, wither nation in 5 rd, blaze lit tnt and aggroed ziglins, most brain-damage fortress split, 0.5 ch back to 1st ring, educated for 3rd portal, insta nav, no pearl for diagonal zero, TAS 6+1 ground"
03/05/2026 10:29,Structureless,Lava Pool,Bastion,00:23:28,00:05:23,00:09:52,00:13:53,00:17:07,00:19:50,00:20:47,00:21:53,00:22:55,8,0,10,0,0,-6.73526E+18,Bridge,Half Bow,0,1,8804,FALSE,"Set pigs cooking, awkward to send river bolan on chunk border, went other way to find 5 iron, lavapool below too, forced woodlight enter with 1 iron needed for pick, slight concern seeing brijj but ripped iron in 1st chest, left triple pigs all seemed to have vanished, low string, 12 chunk ssv fort, eyesight challenge seeing open corridors as dead ends, rates cranked, 0.4 ch, baited by zombie spawner, pr through hidden, 4 anchor setup, sick insta perch"
03/05/2026 10:01,Structureless,Lava Pool,Bastion,00:18:22,00:04:44,00:05:19,00:10:38,00:11:11,00:13:42,00:14:39,00:15:33,00:17:48,9,0,10,2,0,-5.83918E+18,Stables,Half Bow,0,0,8803,FALSE,"Lavapool in plains, creeper blew up c-table, almost died to cave mobs, instant stables eray, gap route, not a lot of gold, blamed doogile, had to trade other gap too, leaving with a lot of gold picks, 10 min fort, 1.1 ch, caved 50 blocks under mega taiga hills, trusted going off eye throw and good c value, eventually found a cave with sh, tried showing some gravel hunger reset tech but had so much pork, didnt push for back zero on cage"
03/04/2026 13:12,Village,Lava Pool,Bastion,00:18:42,00:05:21,00:10:50,00:06:16,00:14:07,00:15:37,00:17:09,00:17:28,00:18:14,8,0,11,0,1,-1.82117E+17,Bridge,Zero Cycle,0,2,8802,FALSE,"Very far furnace, decent 4 iron 1 diamond, cave digdown for enter, played ssv fort first with shield, went pretty scary with snipers everywhere, 0 blocks from intentional bed bombing, 2 ziglins standing atop pigface, one assisted as piglin shepherd for cs, got launched by ghast trying to build portal, 1.5k block blind, 40 block digup on badlands plateau, back 99, mickey mouse sub 20 avg day with 8 runs"
03/04/2026 12:52,Structureless,Lava Pool,Bastion,00:22:22,00:08:04,00:09:01,00:15:29,00:17:47,00:19:43,00:20:16,00:20:53,00:21:42,8,3,13,0,0,-5.9572E+18,Housing/Treasure,Zero Cycle,0,1,8801,FALSE,"Scammed madcompass on world name, calming 1.16 after horrific 1.21 run, went caving, orphaned some baby pigs and lit them on fire, mob army in cave, W chat comms for missing 6 diamonds, different bastion for once today, td hauss, 20 full diag spawner, saw treasure and dipped new way, good comms on gold picks, travelled another 700 blocks for fort, subspace blind, 1k to sh, hot tourist on coords, trusted eye throw and hit sh in same cave further away, almost knocked into ravine by silverfish, cranked front 97 1/8"
03/04/2026 12:27,Structureless,Lava Pool,Bastion,00:45:18,00:08:52,00:12:03,00:20:51,00:37:23,00:39:04,00:41:56,00:42:34,00:44:00,8,0,15,2,0,8.06731E+18,Stables/Treasure,Full Bow,0,0,8800,TRUE,"Version 1.21.11, ocean spawn, spotted ship through the fog, golden nautilus armor infood chest (2.7%), absurd 1 iron bt(1.75%), lavapool on map, food supply drop rp with 12 garrots + full gold tools, dive mining didnt work out well, too much useless copper, genius play to mine obby for tnting both rp gold, sub 9 enter without iron pick, 15 chunk brute, under 3 chunks away but no signs of where, boat crawl x-ray abuse to see it, diamond pick in outer, 2 stray wall lava friends, obby nation chest, punched brute to start gap route, 2 pigs with one of them a brute, helpful late pigs, 4 gb outer chest while dealing with hogs, only 4 pearls in total(17.43%), fort not even that far, absurd wither reach, had to pearl clutch to save, double spawner, great seed if only trades hit, sent quadrants, entity nation gathering, 0/2 endermen, skeletons willing shooting other mobs, found a warped but brute only 18 chunks away, happy to see treasure, insane 7 iron block chest, ran past brute nation for top gold, over a stack of both obby varieties, pearl total 21, subspace blind, somehow measured 0.2 ch from inside 3rd ring, obv wrong, went off vibes, educated for 3rd portal, 2600 blind dist with 0.358 real ch, y-44 starter, perch for sub 45, 42 gb mined for 22 pearls total"
03/04/2026 11:40,Structureless,Lava Pool,Bastion,00:24:37,00:05:31,00:09:52,00:18:34,00:20:03,00:21:40,00:22:46,00:23:17,00:24:03,8,1,14,0,0,-5.79024E+18,Treasure,Zero Cycle,0,1,8799,FALSE,"Spruce spawn, went to plains for caves, low food situation, slime at lavapool, pushed a baby one into lava D: , lot of basalt parkouring, 2 ghasts outside treasure, ziglin and lavafall made route miserable, only 3 pigs, went to setup trade at bottom too, diamond pants, worried abt obby but had never checked top chests which solved the issue, only killed a few hogs from joint family gathering, 17 chunk fort, 0.9 ch, super shallow 3rd ring, good nav, front 99 3+2, skycrab enderman"
03/04/2026 11:14,Structureless,Lava Pool,Bastion,00:20:33,00:07:30,00:08:50,00:12:42,00:14:55,00:17:22,00:19:02,00:19:25,00:20:19,8,0,15,0,0,-9.44038E+16,Stables,Zero Cycle,0,1,8798,FALSE,"Cave near spawn, tactical fish farming hunt, almost 200 block tunnel for lava, iron ore nearby for new pick, no divine, good gap stables, ziglin walked out at a very inopportune moment but pig nation pushed through, chests fragged on obby, low gold blocks but trades lockedin, 24 to fort, educated on vibes, animals for food, 300 off, y10 starter, back 90 3+2"
03/04/2026 10:52,Village,Lava Pool,Bastion,00:13:53,00:04:32,00:05:59,00:08:20,00:10:01,00:12:24,00:12:34,00:12:52,00:13:30,7,0,15,0,1,5.71512E+18,Treasure,Zero Cycle,0,2,8797,FALSE,"Village in the dist, 3 iron + golem, farmed carrot nation, lucky rp for fns, cave went to lava level, fort at spawn, close treasure, enf trades off top including 20 obby, low 8 fort, 10 min blind, epic 700 block blind, caved pretty high but went down to see sh, back 95 3+2, top 12 time"
03/04/2026 10:35,Structureless,Lava Pool,Bastion,00:19:58,00:06:15,00:07:45,00:13:27,00:15:22,00:16:33,00:17:16,00:17:34,00:18:27,8,0,14,1,0,1.72176E+18,Stables/Treasure,Zero Cycle,0,0,8796,FALSE,"Spawned inside huge abandoned spruce village, party cow, chat started a big Community Hype Train, 2 largferns and a lots of food, dipped to caving in plains, went down to lavapool, dealt with a lavafall before routing stables, ttmtg but ziglin gathering at mid ruined everything, saw treasure after running 20 chunks, forced new quadrant and hit fort, 0.6 ch to almost 150 150, trident guy above sh, ez nav, back 95"
03/04/2026 10:13,Structureless,Lava Pool,Bastion,00:24:46,00:05:04,00:08:52,00:13:47,00:15:55,00:18:39,00:21:58,00:22:25,00:24:21,7,0,14,1,1,-5.00718E+18,Stables,Half Bow,0,2,8795,FALSE,"Village on pie, mined easily accessible iron on the way, huge cobble generator lavafall in ravine, connected to lavacave, brutal terrain, almost fell off ledge trying to boat crawl, good enf trades from double triple stables, lot of wall for fort, high at y80, 0.6 ch, took same tunnel back to coords, immediate punish for leaving on 13 eyes with 2 breaks, still estimated 400 off, triangulated with 4/6 breaks, hoping for 2 eye and insanely lucky to get it, setup for perch"
03/04/2026 09:46,Full Shipwreck,Magma Ravine,Bastion,00:19:54,00:04:07,00:07:07,00:12:55,00:14:55,,00:18:00,00:18:24,00:19:10,7,0,11,0,0,-3.21902E+18,Stables,Zero Cycle,0,3,8794,FALSE,"Food for days in shipwreck, iron for full tools after bt, 2x1 for low 4 enter, hard to do 10k pace math and nav nether terrain, ttg, all chests contributed towards 20 obby, rp gb for garrots, 20 chunk fort, 1.1 ch, almost left without enf rods, back 99 3+2"
03/03/2026 19:38,Village,Lava Pool,Bastion,00:27:37,00:06:16,00:14:01,00:07:02,00:20:28,,00:22:13,00:22:33,00:27:11,9,0,14,1,1,2.01776E+18,Stables,Other,0,1,8793,FALSE,"Snow village, tons of food and furnaces, 3 iron golem, huge borehole cave had nothing, dug straight down, lucky water in lava ravine to not die, TAS 2 snowball hits on zombie way above while waiting for smelting, carefully water bucketed up for wood, no gravel so woodlight enter, spawned next to fort, far eray so played first, shield almost broke by the end, scary escape from blazes and piglins alike, free cooked pork, worried abt stables, armor in rp first, lucky good gap, 13 pearls and no fire res, dealing with hoglin army in outer, no more luck with extra gold, 18 obby enf to complete rp, ripped a crazy 150 block blind in 2nd ring, 2 pearl back 88 1/8, didnt want to risk catching on fire with anchors and bailed, breath in fountain, barely didnt kill with 4 explosive + axe, had to full bow and wait 1 more perch"
03/03/2026 19:08,Village,Lava Pool,Bastion,00:25:59,00:06:33,00:11:41,00:17:04,00:19:40,00:23:10,00:24:13,00:24:39,00:25:26,10,0,29,0,1,-4.17594E+18,Treasure,Zero Cycle,0,1,8792,FALSE,"Bell to taiga village, largfern-tosis, golem stuck in tree, wheat skip for bucket, miscounted and traded 1/3 for bread instead, mined a million gravel for fletching table, rare stick trade in 1.16, ocean cave terminated in lavapool, eray on 32 rd well blended in, extra regional treasure, hot tourist mid-route, bottom rampart roof looked all gross from basalt lava and corruption, way too much iron and less of rest, 2 rd bottom trevor in basalt Aware, still left on lessstring, only 11 chunks to fort, built portal but then questioned chat abt having only 19 obby, blind portal fully surrounded by water, 0.6 ch, TAS triangulation, front 99, dragon kill on last anchor"
03/03/2026 18:40,Village,Magma Ravine,Bastion,00:20:16,00:06:52,00:07:43,00:12:46,00:14:59,00:16:17,00:18:24,00:19:06,00:19:59,8,0,14,0,1,3.84801E+18,Housing,Zero Cycle,0,2,8791,FALSE,"Jungle spawn, pierayed village, only 4 tiny desert houses on edge of jungle, more like a nomadic settlement, cod strats, lavapool rp in the dist with gapple and extra iron, didnt have light or flint, had to run to far puddle for gravel, td housing, spawner on 32 rd, low on pearls reaching fort, educated to 2nd ring, boat flew off ledge into lava, still 500 off, fyroah's law, front 95, crazy low for last beds but pulled off for sub 20"
03/03/2026 18:14,Structureless,Lava Pool,Bastion,00:29:47,00:06:25,00:16:02,00:20:38,00:24:00,00:25:54,00:26:27,00:27:13,00:28:58,7,1,17,0,0,8.39971E+17,Bridge/Treasure,Half Bow,1,0,8790,FALSE,"Campfire on pie, dipped to cave instead, lost sprint going for animals, dugdown for lava, basalt lava fell from above and couldnt block off, fully replayed overworld in new cave, farmed salmon, returned to inspect cause of death, saw piglin jump off brijj, cs but single, treasured 14 chunks away, dia chestplate, 19 to fort, 2ND BLAZE SPAWNER FULLY MISSING, first one in 2400 runs(6357 last), 1.2 ch, giant ocean exposed sh, luckily heard pr on nav, didnt force zero, quick perch to sub 30"
03/03/2026 17:43,Half Shipwreck,Lava Pool,Bastion,00:18:25,00:04:54,00:06:31,00:12:08,00:14:01,00:15:51,00:16:40,00:17:20,00:18:06,9,0,17,0,0,9.10331E+18,Treasure,Zero Cycle,0,2,8789,FALSE,"Boated to ship with enf iron, tall grass protecting animals(kinda), weird jigsaw puzzle shape lavapool, far trevor, top trades enf, forced quadrants, hit the trevor eray spike and turned away, saw a hauss, some manuveuring later an ssv fort, pieray ended up being the same fort, low on pearls, 0.9 ch to far 1st ring, sick front 99"
03/03/2026 17:22,Structureless,Lava Pool,Bastion,00:13:17,00:05:34,00:05:49,00:08:06,00:10:19,00:11:59,00:12:02,00:12:12,00:13:06,7,0,16,0,0,2.93172E+17,Housing,Zero Cycle,0,0,8788,FALSE,"3 lavapools before any signs of cave, dug towards skeleton, noah's ark in plains, close hauss, 19 obby before td start, pig nation, spawner under 6 chunks, peeked out to see fastion, 8 min fort, 1.3 ch, sick pr offset cave, back 95 for new top 7 time, 7:32 nether enter to finish split "
03/03/2026 17:07,Structureless,Lava Pool,Bastion,00:20:15,00:04:50,00:06:01,00:14:03,00:15:53,00:17:00,00:18:30,00:18:54,00:19:42,8,0,10,0,1,8.4068E+18,Housing,Zero Cycle,0,0,8787,FALSE,"Instant village spawn, caved post golem, too shallow nd tiny lavapool, larger one in same cave, manhunt hauss, looped around staircase to escape late pigs, even backups didnt help for low pearl situation, outer chest gb helped with another trade, 24 chunk fort, scary obby misplace, 1.6 ch, triangulated still quite far from cave, 100 blocks off so surely a mismeasure, back 95"
03/03/2026 16:44,Full Shipwreck,Lava Pool,Bastion,00:20:02,00:07:35,00:08:11,00:13:37,00:15:33,00:16:45,00:16:46,00:17:02,00:19:27,7,0,11,0,0,3.03223E+18,Stables,Half Bow,0,0,8786,FALSE,"Some food in bad boat, sick 2 gapple 2 gb rp, ud ship fragged, deep into sh ring for magma ravine but nothing, sent digdown for enter, good gap stables, outer gold for garrots, fort playing hide n seek, felt way further than original pieray, pearl clutched from certain fall after missing block, ripped 250 block blind, icepie, low pearl so only made back 95, dragon flew, perch for sub 20"
03/03/2026 16:22,Full Shipwreck,Magma Ravine,Bastion,00:24:39,00:05:08,00:06:22,00:15:59,00:17:50,00:19:57,00:20:24,00:23:11,00:24:00,8,0,13,0,0,3.51883E+18,Housing/Treasure,Zero Cycle,0,1,8785,FALSE,"Barely noticed full ship, food chest blocked by gravel, carrots in another boat going to bt, garrots, tree looking tree, 8 diamond vein on digdown, 2 erays, chose brijj, juked hogs guarding pigface, 3 hogs waiting in triple, bottom pivotted, 24 to get trevored, respiration helmet, giant eray still, terrain took a turn for the worst, ssv fort so definetely signs of fastion, insane 5.0 ch(184 blocks), portal break didnt work and it linked, gave another 2 attempts with confusion before getting it, caved right above sh, stupid nav, back 95 3+2"
03/03/2026 15:56,Full Shipwreck,Lava Pool,Bastion,00:23:41,00:05:17,00:08:42,00:13:24,00:17:39,00:19:52,00:21:35,00:22:19,00:23:10,9,1,11,0,0,9.85669E+17,Housing,Zero Cycle,0,4,8784,FALSE,"Good amount of iron in ship, bt too far to care, oak tree growing on sugarcane, literal tree on stilts, bad drops from pigs, 1 diamond in lava ravine, poundy portalled, denied drowned entry into nether, lost spawner going to hauss, td, spree of obby trades at the end to get over 10, pearl hang towards spawn, 20 to fort, long way back to home portal for educated, carrot supply ship for garrots, back entry into pr, cranked top 104 setup "
03/03/2026 15:06,Structureless,Magma Ravine,Bastion,00:20:33,00:06:12,00:07:06,00:11:47,00:13:49,00:16:37,00:17:54,00:18:37,00:20:11,7,0,10,0,0,1.62128E+18,Treasure,Half Bow,0,0,8783,FALSE,"Structureless ow, farmed few pigs and river salmon, 3 diamonds before lava, mined into bottom treasure, mined entire stash before going top, 24 to fort, spawner plumbed, blind under ocean, eye turned an entire 60 degrees, i.e, blind is exactly on perpendicular bisector of 2 strongholds but quite off their midpoint, nailed 2nd portal on a 2500 block blind, no beds f"
03/03/2026 14:43,Structureless,Magma Ravine,Bastion,00:27:14,00:09:55,00:11:30,00:18:04,00:19:11,00:22:20,00:24:28,00:25:02,00:26:31,10,1,18,0,1,2.56284E+18,Bridge,Ground Zero,0,1,8782,FALSE,"Stranded in middle of snowhere, really distant village, granted wish of 2 obby rp but too much crying, igloo part of village, measly food, caved on the way to next village, beetroot stew and loads more food, another rp 1 short of completion, swimming well within ring looking for enter, 10 min enter, gravel beside portal sunk, bridge to brijj, staring at huge lavacast on dk, baby hog backstabbed into it,  barely survived fire tick, plumbed before routing, turned away after getting close to treasure, hot tourist, basalt-warped fort 1k radial, caved y16 under ocean, 0.4 ch in 3rd ring awesome, 400 off going on 0.45, flew on back 94 SS, pre-saved from ground fireball. 350 blocks off sh first"
03/03/2026 14:14,Full Shipwreck,Magma Ravine,Bastion,00:21:44,00:06:15,00:08:37,00:12:25,00:14:54,00:16:17,00:16:42,00:17:20,00:21:11,8,0,24,0,0,-5.25275E+18,Housing,Half Bow,0,2,8781,FALSE,"Olympic swin for ship, loads of food, bt 1.1k in ow, passed over enter ravine going to trees, gapple in rp, not ready for sudden wall lava but still saved, td hauss, chests did most of the obby grunt work, 5 garrots, fell into ravine distracted by another bastion, built bridge to connect double spawner, 1.7 ch to near 150 -150, ran through zombie hoarde to pr, difficult back zero on cage spawn, another sub 20 lost to perch"
03/03/2026 13:50,Structureless,Lava Pool,Bastion,00:21:52,00:06:06,00:08:42,00:14:42,00:17:29,00:18:34,00:19:30,00:19:48,00:21:27,8,0,10,1,0,-8.77999E+18,Bridge,Half Bow,0,1,8780,FALSE,"Chestless skeleton dungeon, creeper blew up andesite instead of stone, free bow and arrows pre-enter, dungeon room turned into creeper farm, digdown for lava, pearl useful to cross terrain, dk, murdered annoying baby hog, needed all normal backups for just 10 obby, pearl hang towards spawn, 23 to fort, spawner in underpass of hoghway, quick split, cranked back for home portal educated, 200 off, easy nav, messed up pearl clip, perch soon"
03/03/2026 13:14,Full Shipwreck,Magma Ravine,Bastion,00:29:32,00:03:36,00:10:52,00:19:39,00:21:51,00:25:08,00:26:51,00:27:34,00:28:25,8,0,19,0,0,-4.51322E+18,Bridge/Treasure,Zero Cycle,0,1,8779,FALSE,"Swam over enter ravine going to ship, enf iron after bt, tnt in dense dark oak, golden bucket, mid 3 enter, divine 10, eray on 32 rd, gapple in rp, re-erayed in between and got new reading, not stables so went to it, terrible terrain, brijj 750 blocks out, played safe by not tnting pigface, cs, only 18 pearls even with backups, spawner anyways treasure, left to trade there, diamonds for sword, didnt take netherite, 28 chunk spawner, housing to explain eray, fort 1250 blocks out, subspace 0.5 blind, 4th ring sh, too much netherrack in basalt delta, re-measured but too close for 3rd portal, junglehold, amazing tech to kill cows in rain without lava, scary lava ravine behind starter, front 95"
03/03/2026 12:43,Structureless,Lava Pool,Bastion,00:22:47,00:08:32,00:10:36,00:14:06,00:16:09,00:18:15,00:18:52,00:19:33,00:21:58,8,0,20,0,0,4.2755E+18,Stables,Full Bow,0,0,8778,FALSE,"Nothing good in view, found cave, mined into more iron going to water, long journey for gravel, huge tunnel operation for 10 source lavapool, hilariously misplaced one, bigger pool in same cave, fort in corner of the screen, pick on life support, buried stables, double bad single triple, ripped trades, chests lockedin on 20 obby, used only available bed on spawner, convenient village blind, 0.8 ch, mesa sh, W nav, full bowed then waited for perch"
03/03/2026 12:19,Full Shipwreck,Lava Pool,Bastion,00:18:27,00:04:38,00:05:34,00:11:20,00:13:16,00:15:21,00:16:21,00:17:17,00:18:06,8,2,14,0,0,-4.27345E+18,Treasure,Zero Cycle,0,0,8777,FALSE,"Sniffed out ocean in the dist, lavapool near coast, awful ship loot, food chest hidden behind gravel was fine, went past monument for bt, swam back to spawn land, floating spawn but not too far from land, treasure feeling came true,  caught off guard by slight basalt corruption, bottom for little more obby, mending sword, slightly worrisome eray on spawner, basalt fort, brain moment on cool tnt bed, 0.6 ch, dig right into creeper, awful mineshaft, guide silverfish helped, front 95 small boi"
03/03/2026 11:58,Structureless,Lava Pool,Bastion,00:21:03,00:05:18,00:07:01,00:13:05,00:15:33,00:16:51,00:17:59,00:19:08,00:20:21,8,0,19,1,0,3.60584E+18,Bridge,Ground Zero,0,2,8776,FALSE,"Lavapool near spawn, village too farm played ravine instead, not great food options, shared on the way back to enter, 20 to brijj, lavafalls made left triple inaccessible, cs, 20 obby at the very end of trades, 14 chunk fort through wall, 0.3 ch, pretty ice spikes adn natural waterfall, 2250 blind dist, pr past spawnerless dungeon with a million zombies, low pearl for t100, ground pivot"
03/03/2026 11:34,Structureless,Lava Pool,Bastion,00:23:47,00:06:13,00:08:09,00:17:05,00:19:34,00:21:43,00:22:10,00:22:22,00:23:15,8,0,20,0,0,-8.93573E+18,Stables/Stables,Zero Cycle,0,0,8775,FALSE,"Creeper convention in cave, ran around for animals, new gathering in saem cave location, lavacave branched from ravine, stupid DBNT stables, full armor and good obby before going to next eray, randomly mined into back section of stables triple, not enf pearls from double triple, went to trade gap, enf pearls but not great for no spawner in 32, mending axe in rp, surprise blaze attack entering fort, subspace 0.4 ch to 4th ring, ocean exposed pr, front 95"
03/03/2026 11:09,Full Shipwreck,Lava Pool,Bastion,00:23:01,00:06:14,00:09:35,00:14:56,00:16:15,00:18:47,00:19:37,00:21:00,00:22:19,8,0,11,0,0,-1.4658E+18,Treasure,Ground Zero,0,0,8774,FALSE,"Part of outpost sub-structures spawned inside ocean, swam very far for a decent ship, small dot so didnt go, killed pigs in swamp, no good ravines, dugdown for lava, horrid terrain to treasure, played only bottom and got all trades, 7 garrots, dia sword, 23 to hidden fort, blaze bed cleared glowstone, 0.6 ch, jungle coast sh, horrible looking ravine, caged back zero not happening, arrowless ground"
03/03/2026 10:45,Full Shipwreck,Magma Ravine,Bastion,00:25:18,00:05:56,00:06:47,00:12:43,00:15:11,00:16:46,00:21:01,00:22:31,00:23:34,20,3,5,0,0,5.50428E+18,Bridge,Zero Cycle,1,0,8773,FALSE,"Pretty mid looking ocean turned great with looting 3 RP, amazing ship loot, ocean ruins inside ravine, swam through huge maze but nothing good, poison stew, dug a long way to real magma ravine, new 2x1 messup, y99 spawn, lavafall jumpscare, brijj across huge ocean, ghast sniped baby hog, dk but double single, skeleton cosplaying piglin in trade hole, nowhere near 20 obby, rp too far to spot crying, pearl hang, shrooms on the way to fort, 10/5 blaze rates, saw crying on rp and dipped to home portal, missed pearl but good recovery, 0.8 ch, ""bed too far"" even though right above it underwater, hunger reset failed and back to spawn, 3 min timeloss, dug right under silverfish spawner, redemption front 94 SS"
03/03/2026 10:18,Buried Treasure w/ tnt,Magma Ravine,Bastion,00:22:58,00:04:06,00:06:03,00:10:38,00:12:38,00:14:00,00:15:06,00:16:21,00:22:28,8,0,13,0,0,-4.05877E+18,Housing,Other,0,0,8772,FALSE,"Ship and close map gave tons of loot, gold axe and diamond sword pre-craft, low 4 magma enter, obliterated through chests with gold axe on td, only 12 pearls, pearl hang to spawner while getting backups, cleared entire gold supply to have enf pearls, 4 portals worth obby, ssv fort, 1.3k block blind, mesa sh, heard pr through random wall, not worth going for back zero on low pearls, boated aggro enderman, missed arrow for ground and then dragon fireballed, TAS cage crystal shot but didnt see, stupid dragon didnt even perch for sub 20, bed broke boat and let loose angry enderman mid-one cycle, tp'd away and worried throughout until next perch"
03/02/2026 19:03,Village,Lava Pool,Bastion,00:23:14,00:05:17,00:07:47,00:11:42,00:13:36,00:14:46,00:16:23,00:16:46,00:18:32,8,0,10,0,1,6.44475E+18,Bridge,Half Bow,0,3,8771,FALSE,"Headed to acacia village, dipped on seeing a closer one, demolished cartographer house for wood, lava on dogdown, woodlight enter, got up for food in oven, huge basalt mine out to brijj, cs, backups for last obby, 24 chunk fort, had forgot to put food in oven so round 2, debris at spawner, 0.6 ch, 15 min lag, 600 blocks off to bad luck on mismeasure, no health to go for zero, perch to make it 9/22 sub 20s for start of split"
03/02/2026 18:38,Village,Lava Pool,Bastion,00:23:47,00:05:17,00:06:44,00:11:51,00:14:20,00:16:20,00:19:37,00:21:34,00:23:17,10,1,20,0,1,-5.13889E+18,Housing,Half Bow,0,2,8770,FALSE,"Ran to taiga village with golem, decent food to then use emeralds for bucket trade, digdown for lavapool, insane 12 garrot + gapple rp, hogs chasing on outer housing rooftop, 25 obby before starting route, tree blockade on td, threw out garrots to distract and live, continued route by digging down, double gravelled after trades to retrive garrots, ran past home portal on the way to fort, 1.3 ch, sent dig after eye throw, wasted too many before realising and didnt even hit sh, had to surface, improper triangulation led to digging into different room, trickshot sniped by witch, very shattered from ravine, flew on back 90 USS, quick perch"
03/02/2026 18:13,Structureless,Lava Pool,Bastion,00:32:06,00:05:46,00:08:14,00:13:26,00:15:22,00:18:39,00:18:56,00:30:38,00:31:29,8,6,14,0,0,-4.37988E+18,Treasure,Zero Cycle,0,2,8769,FALSE,"Went caving, pigs + salmon, y12 friend lavapools, mined into bottom trevor, way too agressive pigs on route, had to go bottom for obby, 5 stacks of pearls to leave, 23 chunk fort, obby misplace cope for overlapping spawns, 1k dist, ocean exposed sh, mineshaft too, minecart stuck floating in prison bars, 2-way very chopped, started full clearing rooms, multiple hunger resets, almost died to mobs, absurd nav took 11.5 min, front 95"
03/02/2026 17:40,Structureless,Lava Pool,Bastion,00:22:43,00:05:35,00:08:42,00:15:57,00:17:46,00:19:49,00:20:24,00:20:45,00:22:16,8,0,13,0,0,-1.65192E+17,Stables,Half Bow,0,2,8768,FALSE,"2% abandoned village and lavapool, acacia village far away, dipped upon seeing ravine, sheared on the way back, chopped movement, insta piglin attack entering double triple stables, many late pigs on route, only 17 pearls and double bad, nasty terrain to 15 chunk fort, very low spawner y-level, spawns going crazy pre-blaze bed, 0.5 ch to super far 1st ring, cave shortcut for sh digdown, 100 blocks off ring edge, dungeon through mid and starter visible left from starter, flew on 99 for 94 SS, quick perch"
03/02/2026 17:16,Structureless,Lava Pool,Bastion,00:18:19,00:06:16,00:07:25,00:11:18,00:13:04,00:14:22,00:15:17,00:15:53,00:17:50,8,1,12,0,0,-7.67588E+18,Stables,Half Bow,0,0,8767,FALSE,"Roamed a while to find ravine, artifical canal built, dugdown into lava ravine, poundyportalled, barely enf lava to avoid punishment, beautiful triple triple stables with a million pigs, 21 to warped fort, TAS pearl into 1 gap hole under spawner, 0.8 ch to far 1st ring, hot tourist at coords, good nav, back 95 USS but flew, perch for b2b2b sub 18"
03/02/2026 16:55,Full Shipwreck,Lava Pool,Bastion,00:18:02,00:02:41,00:03:56,00:10:16,00:12:33,00:14:06,00:16:22,00:16:45,00:17:38,8,0,13,0,0,2.57371E+18,Housing/Treasure,Zero Cycle,0,2,8766,FALSE,"Insanely good shipwreck off jungle coast spawn, sub 3 magma enter, lost spawner on the way to td hauss, brought all backups for 20 obby and garrots, unhappy with eray on new 21 chunk spawner, saw trevor and forced different way, 2 rps but not much good, 10 min fort not too far, ghast interrupting exit to ow, close to uneasy alliance, measured 0.6 but rushing off vibes coz low fire res, 30 blocks off intended spot, 2nd portal spawned in a wall, scary pearl dropper in mountain, back 95, tried some altoid tech"
03/02/2026 16:36,Village,Lava Pool,Bastion,00:18:16,00:04:14,00:05:12,00:09:36,00:11:31,00:13:08,00:13:43,00:15:23,00:17:48,8,0,14,0,1,-6.80009E+18,Housing,Half Bow,0,0,8765,FALSE,"Furnace on pie, saw a different desert village first so played that, gb from rp, lavapool nearby, buried manhunt hauss, same tunnel out, sub10fort, 1k blind, strongshaft giving no read, too low pearl for t100 so bailed, mean dragon but still sub 18, 4th housing- half bow in a row"
03/02/2026 16:16,Structureless,Lava Pool,Bastion,00:25:59,00:06:54,00:16:21,00:07:43,00:19:51,00:20:36,00:22:33,00:22:55,00:24:29,16,1,13,0,0,8.7746E+18,Housing,Half Bow,1,1,8764,FALSE,"Ran to plains for cave, first try flint, pig nation, dugdown for enter, fort first with shield, terrain connecting both close spawners, fell down speedbridging from pretty high, couriway pause abuse activated, awkward terrain and lava combo, couldnt pull off boat clutch, grabbed a little iron and farmed salmon, returned to see food, bucket and pick burnt but rods survive far away, spleefed piglin before entering hauss,  set iron smelting mid-route, nowhere close to 20 obby so hp educated, endermite knocked off ledge right after pearl landed, clutched on 1 heart, hallucinated village island as exposed sh, food supply acquired, y86 sh digdown, creeper jumpscare in cave above, just late for front top 104, perched for sub 25"
03/02/2026 15:48,Village,Lava Pool,Bastion,00:23:19,00:05:03,00:06:27,00:15:41,00:17:31,00:18:19,00:20:04,00:20:24,00:22:26,8,1,12,0,1,-3.20039E+18,Housing,Half Bow,0,0,8763,FALSE,"Amanda strats for village close to spawn, 5 iron + cod, bat flew into lavapool, NiceNether spawn, bridged over to basalt housing, barely safe from lava housing, td, only 7 obby, manhunt section full of basalt pillars, nothing from outer, TAS comms for rp and regravelling trade hole but neither worked, backups barely brought total to 10, pearl hung to narrow floating bridge, awkward terrain to fort, the most INSANE pearl hang landed right onto home portal, educated taking back towards fort, 500 off, hidden nation for pr, fromt 95 but broke bed, launched away from boat, nailed dropper to avoid tower bars and pearl clutch, enderman messed up +1 on one cycle"
03/02/2026 15:24,Full Shipwreck,Lava Pool,Bastion,00:18:14,00:05:39,00:07:53,00:10:48,00:12:02,00:14:18,00:14:56,00:16:03,00:17:46,7,2,13,0,0,1.72271E+18,Housing,Half Bow,0,1,8762,FALSE,"Ocean from loading screen, good ship + bt, sending on only 5 salmon, lava pops on ocean ravine digdown, bullied by mob nation, ghost water from 1st time making portal, surprised by housing being manhuntable, got an insane no. of pigs but no cram, trades done lightning fast, 11 to fort, 1.2k blind, staircase ended in huge lavapool basement, caged so no use sending back zero, perch soon"
03/02/2026 14:45,Structureless,Lava Pool,Bastion,00:25:20,00:07:00,00:09:19,00:15:29,00:18:08,00:20:26,00:22:50,00:23:52,00:24:44,8,1,19,0,0,9.16489E+16,Bridge/Treasure,Zero Cycle,0,0,8761,FALSE,"Worried about furnace and brewing stand loading together, dipped to cave seeing snow, grabbed brown shrooms and dandellions, ran past iron nation going to digdown for lava, 5 diamonds, eray well hidden, red shrooms to the rescue, those were the days before seeing blackstone, when in doubt - always brijj, dk, turned away from wall towards trevor, ran past triple triple stables, ssv fort, mined glowstone coz low beds, 0.4 ch to 3rd ring, magma cube arriving in to attack, lost lava bucket and couldnt kill pigs due to rain, 2465 blind dist, creeper squad in starter like 100 hc, dug into pr, front 99"
03/02/2026 14:15,Structureless,Lava Pool,Bastion,00:26:55,00:06:53,00:09:20,00:14:47,00:18:20,00:20:36,00:20:54,00:23:03,00:26:16,8,0,12,1,0,-5.56439E+18,Stables/Housing,Half Bow,0,1,8760,FALSE,"Standard structureless ow, never punished for going down without water, enderman in cave dropped, buried stables, mistook slab as hole and cauught on fire from lavaing hog, still lived, double bad no triple, headed to new eray, crazy intersection lava housing fastion, top double chests got half eaten by fort but still insane 16 obby (0.13%), overlapped slow trades with blazes, misplaced last obby and had to build off on other side, caved in snow tundra but found exit, 1.2 ch, eye went down on 2nd portal, bat city, horrible nav, o58, messed up pearl clip, dragon dumb as always"
03/02/2026 13:47,Structureless,Magma Ravine,Bastion,00:17:56,00:05:37,00:06:50,00:10:00,00:11:21,00:13:35,00:15:18,00:16:37,00:17:27,7,0,10,0,1,6.00701E+18,Treasure,Zero Cycle,0,2,8759,FALSE,"Taiga village with golem, half iron armor too, mined rest iron in magma ravine, overlapped smelting with baking potatoes, close trevor, weird ghost block into crafting gold nuggets moment, top trades enf, very close spawner on pie, went off quadrants, divorced fastion, random piglin at spawner, 0.7 ch, very shallow 1st ring, over 400 off and sh close to monument, too many mobs so no spike, back 95"
03/02/2026 13:27,Buried Treasure w/ tnt,Magma Ravine,Bastion,00:20:32,00:04:05,00:07:54,00:12:36,00:14:38,00:16:17,00:16:53,00:18:07,00:19:39,8,0,13,1,0,-2.83374E+18,Housing,Ground Zero,0,0,8758,FALSE,"3 ships in view, only looted 1 then went to bt, magma ravine near tree island, eeray on 23, manhunt hauss, brought mid gb later, 30 chunk fort, blaze prevented escape after setting off double tnt, could have gone horribly, 1.6k blind, dungeon fully eaten by sh, wormhole nav, fell off going for back zero, enderman aggro too but enf time to pearl clutch and set boat down, fireball blocking view on ground"
03/02/2026 13:05,Structureless,Lava Pool,Bastion,00:24:16,00:06:41,00:08:41,00:13:29,00:15:49,00:18:17,00:20:31,00:21:26,00:23:39,8,0,15,0,0,-6.13921E+18,Stables,Half Bow,0,0,8757,FALSE,"Jungle spawn, good cave, variety of bad food options, digdown for lavapool, good gap finally, chests fragged on obby, barely enf pearls and 1 fire res after backups, 20 chunk fort, 0.6 ch to 2nd ring, scary eye breaks, y14 starter, no pearls for zero, took a while to perch"
03/02/2026 12:40,Village,Lava Pool,Bastion,00:22:21,00:03:55,00:08:35,00:13:10,00:15:31,00:17:25,00:18:38,00:19:02,00:20:45,7,0,23,2,1,8.15258E+18,Stables,Half Bow,0,3,8756,FALSE,"Spoonfeeding plains villages, loads of hay and villager co-operation, cave led to lavapool next to zombie dungeon, distant eray, saw fort, bedding for blocks turned into huge dropper, W drags saved the day and got a lot of blocks, 2nd bed didnt give anything, fort 2 spotted, copy paste of last run stables, juicer obby chests, +2 gb from outer and nearby rp, 45 obby and good amount of pearls, remembered wrong angle, good comms to correct on the fly, W triangulation, not sending back zero on cage, perched for believers"
03/02/2026 12:12,Village,Lava Pool,Bastion,00:22:20,00:03:15,00:05:03,00:13:06,00:15:58,00:18:12,00:19:19,00:20:38,00:21:32,8,0,17,0,0,-2.04843E+18,Stables/Treasure,Zero Cycle,0,2,8755,FALSE,"Furnace to plains village, insane 9 iron 3 obby blacksmith, lava ravine low 3 enter, decently distant stables eray, ssv fort too scary without shield, double bad, only 1 pearl trade from double triple, pearl hang to spawn while heading to new eray, ziglin convention coz low rd on ssv border, fully e-ray baited by stray mobs, no fire res to cross huge gap towards treasure, bridged safe dist before pearling over, enf trades off top, walked a little to load pearl hang, hot tourist outside fort, veered away from skeelton line, tas magma cube doing parkour, 250 off on 0.8 ch, strongshaft vibes, front 94"
03/02/2026 11:49,Structureless,Lava Pool,Bastion,00:25:13,00:06:36,00:09:27,00:13:01,00:15:23,00:16:53,00:19:38,00:20:31,00:24:23,8,1,13,0,0,-6.04328E+18,Housing,Other,0,1,8754,FALSE,"Spawned inside taiga village, grabbed little food, considered ocean but ugly, pivotted to cave, took a while to find good one, dug into small lavapool, pressed wrong mouse button boating down basalt and landed in lava, lived thanks to flesh hunger and headhitter, td, beautiful mongey chest for 20 obby, good terrain nav to fort, 0.5 ch, caved under snowy tundra, 500 off coz full 0.4 ch, dug into pr, didnt force zero, got fancy on ground and trolled, full bow brought down to 1 perch and arrows, few mishaps"
03/02/2026 11:22,Full Shipwreck,Magma Ravine,Bastion,00:20:52,00:06:10,00:08:15,00:14:11,00:15:25,00:18:31,00:19:27,00:19:53,00:20:41,13,1,17,0,0,-4.21555E+18,Bridge,Zero Cycle,0,0,8753,FALSE,"Crazy 19 lapis ship, boat #2 near bt, combined for blue pick, poison stew, committed to ocean, garrots and some tools in rp, magma under ocean cave, cobble generator in portal, huge pig no.s on dk, 17 obby, nothing in 32, took a while to load but real, caved under ocean, 0.5 ch, mined 3 obby, hot tourist, ocean exposed pr, cranked front 97 1/8"
03/02/2026 11:01,Buried Treasure w/ tnt,Magma Ravine,Bastion,00:18:23,00:03:39,00:06:17,00:11:48,00:14:11,00:15:46,00:16:26,00:16:52,00:17:48,8,0,17,0,0,-3.55048E+18,Bridge,Zero Cycle,0,0,8752,FALSE,"Ravine helped ship be less buried, solid loot with bt, enter ravine near, full wall to brijj, new tnt pigface to break all gb at once, cs, backups for obby, hogs farmed going to fort, 0.8 ch taking close to -150 150, front 90 small boi "
03/02/2026 10:41,Structureless,Magma Ravine,Bastion,00:19:06,00:05:32,00:06:45,00:12:22,00:14:24,00:16:30,00:17:33,00:17:56,00:18:45,7,0,18,0,1,-7.11439E+18,Stables,Zero Cycle,0,2,8751,FALSE,"Pierayed plains village, 3 iron golem, caved for rest, huge lava ocean in between spawn and stables basaltion, baby ziglins scaring away pigs, still decent no.s on gap route, only 11 obby, dealing with basalt buried ramparts helped get 20 obby, 17 to fort, 0.7 ch, skeleton shot creeper and it went boooom, back 95"
03/02/2026 10:20,Structureless,Lava Pool,Bastion,00:26:36,00:07:13,00:12:56,00:15:56,00:18:28,00:20:21,00:22:22,00:23:55,00:24:48,8,1,20,0,0,4.28552E+18,Housing/Treasure,Zero Cycle,0,2,8750,FALSE,"Predless run, Locking in for new split, needed a few caves for iron, tons of animals, digdown for lava, gb from rp but no other good loot, reallly far eray after travelling for a bit, ran out of leaves from excess bridging, deep extra-regional hauss, lot of damage on td, left some obby in chest but didnt need,  treasure next door but saw a little late while leaving, sent further radially out without breaking, landed almost next to fort, hot tourist, subspace 0.4 ch to 3rd ring, still same way, village pitstop for food, 2579 blind dist, creeper in pr, back 92 1/8"
2/28/2026 20:04:28,Full Shipwreck,Lava Pool,Bastion,00:27:53,00:07:33,00:08:54,00:13:57,00:15:39,00:18:24,00:21:58,00:23:21,00:24:16,8,1,21,0,0,7.52977E+18,Bridge,Zero Cycle,0,1,8749,FALSE,"Awesome buried ship, too much work to mine out anything, another ship 4 min into the run with 2 dia and enf loot, rare 9 diamond vein on digdown, another 8 vein before lavapool, made chestplate, eray quite blended in, tiny brijj bastion, cs but barely any pigs,  left on 15 obby to 20 chunk fort, caved in lava ravine, tried saving eye but failed, another 2 diamonds coz why not, over 900 blocks off on educated, 2424 blind dist, back 95, New Best Split of 100k with sub 22 avg, 92 sub 20s and only 11 30+ runs"
2/28/2026 19:35:10,Full Shipwreck,Lava Pool,Bastion,00:22:16,00:04:09,00:07:15,00:12:13,00:15:08,00:18:13,00:19:44,00:20:13,00:22:00,8,0,13,0,0,-2.34631E+18,Bridge,Half Bow,0,1,8748,FALSE,"Garbage full ship with aqua affinity helmet, loaded bt, big square ocean cave looked like chunk error, fake lava baited into real one, 5 diamonds too, low 4 enter, divine 10, cave hoglin got screwed over by flowing lava, pigface tnt, stuck between 2 hogs while building dk, double single, left on 14 obby, housing jumpscare, hot tourist, very far diag ssv fort, pearled to 3rd ring divine coords, completely horrible 2500 dist estimate, going back to same fort, very inaccurate indeed, nailed 2nd portal, 2k blind dist, low beds so setup for perch"
2/28/2026 19:05:36,Full Shipwreck,Magma Ravine,Bastion,00:31:38,00:06:55,00:08:20,00:18:21,00:20:17,00:24:42,00:26:02,00:26:53,00:27:45,8,1,19,0,0,-5.8222E+18,Treasure/Treasure/Treasure/Treasure,Zero Cycle,0,0,8747,FALSE,"Ocean spawn, map from close ruins, small dot so instead went opp way hoping for ship, empty map this time and garbage loot, 2nd one fragged and again empty map, trees quite far, magma enter, rivalling treasures making a divorced babastion, ziglins on route, bottom gold for garrots and obby, pearl hang while going to break other spawner, 25 chunks diag to get trevored, next one also treasure tying most treasures in a day(18) done 3 other times, 4th seed of the day visiting 4 or more bastions, nothing in 32, fort 1.6k out in nether, 0.6 back to 4th ring, long basalt wall to coords, tried side digging to avoid huge mountain digdown but ended up at same y-level on other side, scuffed back 92 1/8"
2/28/2026 18:30:07,Structureless,Magma Ravine,Bastion,00:23:29,00:07:32,00:09:01,00:14:23,00:16:42,00:18:50,00:20:43,00:21:14,00:22:58,8,0,14,0,0,8.49629E+18,Stables,Full Bow,0,1,8746,FALSE,"Campfire on pie, solid food from village, tas 7 iron vein, knew was getting baited by fake lava, real one next to dungeon, ttg, bad gap chest to get 20 obby, 15 full diag spawner, randomly dug into fort, blind into mineshaft starter, 0.4 ch, 2.5k blind dist with sub 0.4 real angle ch, low on beds so full bowed, awkward perch height but stupidly high amounts of damage"
2/28/2026 18:04:40,Full Shipwreck,Lava Pool,Bastion,00:18:53,00:03:55,00:05:20,00:11:55,00:13:53,00:16:08,00:17:02,00:17:24,00:18:14,8,1,18,0,0,3.92461E+18,Treasure,Zero Cycle,0,0,8745,FALSE,"Awesome ship loot, zooooming with depth strider 3, sub 4 magma enter, tnt'd for blocks, 21 chunks to trevor, had to trade bottom, overlapped with hunting hogs and dealing with ghasts, 20 chunk diag fort, 0.6 ch, scary creeper appearance while hunger resetting, insta nav, front 95 small boi"
2/28/2026 17:38:19,Village,Magma Ravine,Bastion,00:23:26,00:04:49,00:08:57,00:13:17,00:16:19,00:18:48,00:19:52,00:20:40,00:22:21,13,1,23,0,1,1.69307E+18,Treasure,Half Bow,0,1,8744,FALSE,"Semi-pierayed plains village, lavapool nearby too, hard baited by prolly igloo furnace into thinking of blacksmith, wheat skip for bucket, fisherman doesn't know to swim, friend lava and waterpool, eray on very high render, awful terrain, scared seeing basalt behind trevor beautiful pillars sticking out of moat and on top rampart roof, still routable on left section, top trades enf, no spawner in 32 but had one around spawn, crafted all gold into nuggets then back into ingots, 0.6 ch, almost died to wall lava going to coords, dug into pr, ghpst block not allowing hunger reset, o60 cage, perch soon while seeing endermite get launched "
2/28/2026 17:11:47,Structureless,Lava Pool,Bastion,00:19:50,00:07:02,00:08:01,00:12:16,00:14:00,00:16:06,00:17:00,00:17:52,00:19:25,8,0,15,0,0,6.27652E+18,Housing,Half Bow,0,0,8743,FALSE,"1 iron and fns in rp, went caving, 4 diamonds just before lavapool, td hauss, 17 to warped/ssv fort, nothing in rp outside, 0.4 ch back to 1st ring, caved under ocean, overshot 300, 1.7k dist, ravinehold, confused o61 as o56 somehow, perch soon, dragon's breath kinda blocking head view"
2/28/2026 16:48:04,Structureless,Lava Pool,Bastion,00:31:29,00:05:49,00:05:53,00:21:32,00:22:47,00:25:11,00:26:22,00:28:40,00:29:39,7,2,12,0,0,-6.02233E+17,Treasure/Treasure/Treasure/Treasure,Zero Cycle,0,0,8742,FALSE,"Only 7 iron in cave, wood replacement for shears, apple drop, loads of pork, dugdown for lava, insta trevor, not much gold so had to go bottom, mending sword, pearl hang went through back window to land next to home portal, 16 full diag to trevor #2, awkwardly block parkouring down, 30 chunks for another treasure, dk but single, 1 backup gold burned in lava but didnt need for 20 obby, 1.3 diag ch after dealing with trident guy, caved under huge gravel mountains but ran into sh, pr backnav, broke bed on back 95, perched while setting up ground"
2/28/2026 16:09:07,Structureless,Lava Pool,Bastion,00:21:34,00:05:20,00:13:41,00:08:17,00:17:01,00:19:02,00:19:16,00:19:38,00:20:43,8,1,14,0,0,-8.53147E+18,Bridge,Perch,0,1,8741,FALSE,"Lavapool at spawn, caved in ravine, floating nether spawn, no bastion in 32, wanted to play fort but couldnt see it in direction of pieray, went complete other way and somehow found the fort, loaded bastion from spawner, fort #2 seen, very diag but great open terrain to dk but single, 1 backup gold burned in lava but didnt need for 20 obby, 1.3 diag ch after dealing with trident guy, caved under huge gravel mountains but ran into sh, pr backnav, broke bed on back 95, perched while setting up ground"
2/28/2026 15:41:46,Full Shipwreck,Magma Ravine,Bastion,00:20:26,00:05:23,00:09:30,00:13:12,00:15:06,00:16:43,00:18:28,00:18:47,00:19:36,8,0,15,0,0,4.11407E+18,Bridge,Zero Cycle,0,0,8740,FALSE," Empty map in half boat, mushroom island, tons of iron from 2nd ship, huge mooshroom cow gathering slaughtered, dove down ocean cave for enter, went somewhat wrong direction of eray, almost extra-regional brijj basaltion, roadblock on main bridge, dk, 20 chunk fort, blinded next to polar bear, very aggro to protect its baby, polar bear in arlington, texas (nether) and couri killed it D: , 0.9 ch not in ring, built another portal to remeasure 5.1, misplaced obby on 3rd portal and had to run back, sh under 100 blocks from ring edge, front 99"
2/28/2026 15:15:33,Structureless,Lava Pool,Bastion,00:45:13,00:06:13,00:07:37,00:35:02,00:38:18,00:39:56,00:41:01,00:43:05,00:44:18,7,3,24,0,1,-6.49735E+18,Stables/Treasure/Bridge/Treasure/Treasure,Ground Zero,1,4,8739,FALSE," Played ravine near spawn, tiny lavapool, mined into buried stables after hearing hogs, ttg, lost diagonal war on 23 chunk spawner, brijj-trevor babastion, diamond sword, hot tourist, garbage terrain to another treasure, some piglin saw chest opening and ran all the way down to hunt, paniced and died, pierayed to plains village, portal got horribly lavafall trapped on nether side, lot of block placement to get out, over 540 e-counter on 32 rd, headed to trade at brijj, dk, pieray same direction as 2nd trevor even with relog, very confusing, only 10 obby, routed neighbouring treasure as well to get 20, lost the pieray, headed same way for 3rd trevor of the seed, next spawner on 32 rd, pigs helped killing hog, sharp 5 sword in rp outside ssv fort, 0.4 ch in 2nd ring epic, nailed 2nd portal, spikeless long nav, fell off bridging for 1/8, ground pivot"
2/28/2026 14:27:31,Village,Lava Pool,Bastion,00:24:36,00:03:21,00:04:37,00:14:51,00:18:02,00:18:41,00:19:52,00:20:14,00:24:11,9,3,18,0,1,5.26413E+18,Stables,Half Bow,1,1,8738,FALSE,"nstant lavapool and acacia village, plains blacksmith visible in the corner of the eye but chose to play only golem and cod strats, low 3 woodlight enter, lived huge fall on half heart after running through outer stables, died on gap route coz gilded turned to nuggets, no a bad run back, crossbow guy killed a baby pig, huge pacelock on obby, didnt even end up getting 20, 26 chunk fort through bad terrain, hot tourist, ripped 2 obby in fort chest to blind, educated very close sh, overshot by 300 blocks, 522 blind dist, botched setup for back 90 SS, caught off guard by insta perch while setting up ground, dragon took its sweet time to perch after"
2/28/2026 14:00:57,Structureless,Lava Pool,Bastion,00:17:11,00:05:05,00:06:14,00:09:44,00:11:52,00:13:44,00:13:44,00:15:30,00:16:24,10,1,20,0,0,2.96745E+18,Bridge,Zero Cycle,0,4,8737,FALSE,"Went caving, cobble skip coz creepers, surface lavapool, pigface sticking out in ravine, dk, 21 to sub10fort, 0.9 ch, icepie, mob army room, 2 skeletons guarding pr, front 95"
2/28/2026 13:16:44,Structureless,Lava Pool,Bastion,00:19:32,00:05:48,00:09:46,00:06:09,00:13:45,00:14:47,00:16:34,00:17:36,00:19:17,8,1,14,0,0,6.20035E+18,Stables,Half Bow,0,1,8736,FALSE,"Typical structureless ow, couldnt hear lavapool due to roof above it, fell into it but water clutched, spawned near fort, played first with shield, bridged past basalt to sub 10 stables, ttmtg but pigs but baby zombie ran in at the worst possible time, only 13 obby so back to home portal educated, 300 off, pearled into crystal, front 99 but didnt stay after fireball, perch for sub 20"
2/28/2026 12:54:28,Buried Treasure,Lava Pool,Bastion,01:17:38,00:05:31,00:14:25,00:20:57,00:22:49,00:26:22,00:27:06,00:27:39,00:29:26,8,1,14,0,0,-6.32168E+18,Treasure/Treasure,Half Bow,1,2,8735,FALSE,
2/28/2026 11:35:44,Structureless,Lava Pool,Bastion,00:27:31,00:08:06,00:15:02,00:19:44,00:21:58,00:24:29,00:24:30,00:25:17,00:26:07,7,1,18,0,1,9.3757E+17,Bridge,Zero Cycle,1,1,8734,FALSE,"Played structureless ow, long mining session to find lavapool, fall guys simulator, bonked head on tree and fell to death with lavafall coming in to burn all items same time, headed out to acacia village, ripped bucket house, dugdown at portal coords, still falling, wall to brijj, cs, boxed ziglin to let lower pigs up, 16 chunk fort, blind in cave under pillager outpost, went up desert hill to measure, 0.7 ch, lost portal cave, dug after coords backseat, icepie, good nav, font 92 1/8"
2/28/2026 11:03:45,Village,Lava Pool,Bastion,00:16:44,00:04:44,00:06:28,00:11:04,00:12:57,00:14:50,00:14:50,00:15:01,00:16:17,7,0,12,2,1,8.36868E+18,Stables,Ground Zero,0,2,8733,FALSE,"Promised a sub 20 to reset the mental, pierayed plains village, cave digdown for sub 5 enter, ttg stables, pearl hang while waiting for 20 obby, 18 chunk warped fort, 1.0 ch, pr offset icepie, silverfish PMO, pearl clip got stuck, arrowless ground, lived up to the promise and more"
2/28/2026 10:45:51,Full Shipwreck,Magma Ravine,Bastion,00:42:25,00:05:01,00:06:40,00:34:30,00:36:53,00:39:09,00:39:55,00:40:19,00:41:14,8,1,19,0,0,-1.03708E+18,Stables/Treasure/Treasure/Treasure/Stables,Zero Cycle,1,3,8732,FALSE,"Jungle spawn, went ocean, tons of iron from ship and BT, sub 5 enter, decent terrain to bastion, traded double triple, insane pearl onto a crimson tree, accidentally went diagonally on way fort, got treasured but traded for more pearls, grabbed food from hogs, crafted 32 iron bars, erayed and another treasure was close, when pearling there he pearled into wall and died, no point going back to stuff so started anew,  iron from ship and entered sub 23, no bastion or fort in 32 except for the previous stables, traded the good gap, bad trades so went to another stables and traded triple, objectively worst seed seen 5 bastions, very far fort, good blaze rates, subspace bubble, not worth doing triple travel, good sh nav, hit zero"
2/27/2026 15:54:17,Structureless,Lava Pool,Bastion,00:42:52,00:07:52,00:10:12,00:28:14,00:30:58,00:32:28,00:32:28,00:35:30,00:42:01,14,5,15,0,0,-5.24398E+18,Treasure,Half Bow,2,1,8731,FALSE,"Jungle spawn, pierayed campfire, only good for some wood, artificial canal into nearby ravine, creeper cannon, animals in a variety of locations, short digdown for lava, y102 spawn, chose non-stables eray, damageless route, bottom for obby, piglin hijacked boat, pearled towards hog on low health, got stuck in block then 1 tapped by hoglin, slept in village coz night time, out of blocks parkouring over lavafall, didnt eat pork and died, 10 min timeloss, gold axes coz no iron, warped fort, ripped 5 diamonds, played double spawner w/o fire res or shield really well, icepie on 1.2 ch, ocean exposed but not pr, very rough nav to being super deep, back 90 USS, flew after 3 beds, dragon fully 100000% tweaking, absurd 6.5 min end fight"
2/27/2026 15:08:49,Structureless,Lava Pool,Bastion,00:36:36,00:06:49,00:10:01,00:20:35,00:23:18,00:28:26,00:32:11,00:32:59,00:34:38,8,2,15,0,0,-1.32037E+18,Housing/Treasure/Treasure,Full Bow,0,2,8730,FALSE,"Composed and recorded No Reset MCSR Parody of Pokemon Theme Song for Charity incentive, typical structureless ow, 1 diamond on digdown, random 1 natural obby at lavapool, bad terrain to really far hauss, almost trolled while checking chests, low string, treasured but didnt want to trade, diamond pants, trevor #2 16 chunks away, decided to trade, next spawner on 30 chunks full diag, somehow loaded a whole new one, fort 1.2k out in nether and very low on pearls, ravine blind under jungle, 0.4 ch to 4th ring, creeper awaiting on nether side of portal, button miscraft into obby misplace not even at coords, went on wrong chunk line so over 900 blocks off, only 1850 blind dist, dug into pr, missed block clutch and lived on 1.5 hearts, 10s off slowest run of split"
2/26/2026 18:42:34,Full Shipwreck,Magma Ravine,Bastion,00:21:08,00:03:54,00:06:50,00:11:22,00:13:24,00:16:31,00:18:03,00:18:21,00:20:25,8,0,21,1,0,-1.91523E+17,Treasure,Half Bow,0,2,8729,FALSE,"Great shipwreck, lot of drowning damage looting bt, door managed to go in wrong spot during 2x1 portal, dipped to nearby lavapool, sub 4 enter, buried bottom trevor, mined it first, hoglin on route made everything troublesome, dipped to other side but a 2nd hog hilaroiously on rooftop, ziglin doing mapless, 10 chunk fort, low health block clutch, sub-avg rates, 1.8k blind, rp on sh with e-gap doordash, stayed at front 95 offset, weirdly low dragon broke bed, weird snap"
2/26/2026 18:19:57,Village,Lava Pool,Bastion,00:22:27,00:05:22,00:07:07,00:14:37,00:16:15,00:20:20,00:20:45,00:21:16,00:22:05,8,0,31,0,1,3.62713E+18,Housing/Treasure,Zero Cycle,0,0,8728,FALSE,"Long loading screen due to 2 villages close to spawn, doctors hate to see the 15 apple food chest, cod strats instead of killing both golems, ravine digdown enter, td hauss, got to 20 obby after full clearing bastion, treasure right after, warped fort, tree invaded spawner, built high to avoid witch potion, 0.7 ch, absurd 8/31 rates (0.53% or 1 in 187), ocean exposed sh, back 95"
2/26/2026 17:55:46,Village,Lava Pool,Bastion,00:20:02,00:06:21,00:07:59,00:13:09,00:14:57,00:16:22,00:16:25,00:17:40,00:19:30,7,0,12,0,1,3.23825E+18,Housing,Half Bow,0,0,8727,FALSE,"Sick fire-shaped floating island on volcano like mountain, french flag bed hotbar, floating spruce tree, snow village, beetroot stew, loads of potatoes to trade, ripped even more emeralds in chests for xqcBread, dipped to cave after golem, led to lavapool and gravel, buried bastion, took some digging to recognise hauss, lava at top displaced enf to prevent lava housing, 20 to basalt fort, 0.5 ch, coords at another fort, strongshaft icepie, looking very shattered and gross, almost cranked out o56 front 99 offset, perch for sub 20"
2/26/2026 17:34:19,Buried Treasure w/ tnt,Magma Ravine,Bastion,00:19:48,00:06:12,00:10:22,00:06:12,00:14:24,00:16:15,00:17:34,00:18:31,00:19:20,8,1,10,0,0,-8.89097E+18,Treasure,Zero Cycle,0,2,8726,FALSE,"Looting 1 from rp next to ship, enf iron in bt, crazy proximity of all 3 structures, ghost gravel from insta mining it using eff shovel, killed pigs, dolphin swam into magma and died, 100% brain power used to make portal, spawned on a fort with no close bastion, 8/10 rates, 18 obby from top, traded at bottom for rest, 0.7 full diag ch to -150 150, diagonal moment, back 92 1/8"
2/26/2026 17:10:26,Structureless,Lava Pool,Bastion,00:26:05,00:06:36,00:09:58,00:17:01,00:19:20,00:21:43,00:22:54,00:23:30,00:25:22,7,0,18,0,0,4.87475E+18,Treasure,Half Bow,0,1,8725,FALSE,"Lavapool completable rp at spawn, sadly no iron and very ugly ocean, took a while to find iron cave, lost sprint before animals, another close lavapool to enter, used up entire 3.5 stacks of leaves bridging across lava, clean damageless boomer route, no obby in chests so bottom time, dia sword and pants, warped fort, blind under huge mountain but found side exit, 0.5 ch to far 1st ring, 12 eyes left from triangulation, rare grass block from silk touch shovel, back 95 but flew, underestimated range of breath spread while caged in ground, perch soon"
2/26/2026 16:42:11,Desert Temple,Magma Ravine,Bastion,00:19:42,00:05:18,00:08:17,00:12:24,00:15:14,00:17:06,00:18:12,00:18:29,00:19:18,8,0,11,0,0,-7.20047E+18,Stables,Zero Cycle,0,1,8724,FALSE,"Top of DT sticking out of ground, no iron and 1 gapple, tnt mined in ravine, built roof on lavapool to avoid mobs, buried spawn, gross terrain to 30 chunk stables, 2 gb outer chest, ttg, enf pearls on last trades, dumb fort, fyroah tnt, 1.2 ch, fort terrain to coords, more than enf obby to afford misplace, sick back 88 1/8 2+2"
2/26/2026 16:20:55,Structureless,Lava Pool,Bastion,00:26:43,00:04:49,00:06:36,00:11:23,00:15:44,,00:22:31,00:22:56,00:25:44,8,0,16,1,0,-8.6271E+18,Stables,Half Bow,0,1,8723,FALSE,"Dug towards lava pops, fake source but brought to iron cave, surfaced to find forest burning from actual pool, immediately built portal for woodlight, overlapped smelting and food, ttg but double bad, bare minimum trades for playing, hog farming while scavenging outer, many pigs got exiled to ssv, ripped 5 gb to then get loads of supplies, 12 obby and ssv fort in 2nd ring, pearl hang to decent coords, kept saddle, very underwhelming strays and dumb spawner location, recovered rod from bathing blaze, sad 1.6k dist estimate, horse took ages to tame, turned out horridly slow and ocean started not even 200 blocks away, pulled off fire res on landing in rp lava, way off dist. estimate, 2.3k real dist, missed pearl to tower, 25+ to dragon being a loser"
2/26/2026 15:51:14,Village,Lava Pool,Bastion,00:25:17,00:06:19,00:07:32,00:14:44,00:16:53,00:18:49,00:21:00,00:22:54,00:24:39,8,1,16,0,1,-2.85095E+18,Bridge,Half Bow,0,1,8722,FALSE,"Plains village near spawn, job hatred from villagers, cave led to mob central mineshaft, long tunnel to lavapool, jumped off ledge and lived on 3 hearts, ziglin at worst spot on dk but pigs pushed through, gold for garrots barely didnt matter for 20 obby, ragebait baby hog in 1x1 tunnel, long journey just to see trevor, ssv fort closeby, pillager approached instantly despite outpost being far away, 0.4 ch, hot tourist on pearling to rp, y25 caved under snow mountain, 2020 dist, long nav, weird cage opening so couldnt go for zero, enderman gathering at fountain, perch for sub 25"
2/26/2026 15:24:54,Buried Treasure w/ tnt,Lava Pool,Bastion,00:28:33,00:05:23,00:07:40,00:11:22,00:13:58,00:15:35,00:15:58,00:16:43,00:28:08,8,4,12,1,0,9.85145E+16,Treasure,Other,1,0,8721,FALSE,"Jungle spawn with close ocean, barely enf iron with ship + bt, lavapool on map inside jungle, floating nether spawn with ssv fort in sight, eray in same direction, 23 chunk trevor, left side pivot seeing lava in trade hole, top gold enf to leave for fort, wither nation 5 rd, didnt save string for bow, mismath'd a little, got to see ship buried under iceberg, ocean exposed pr not far, used drowning for hunger reset, misplaced every crying for zero setup, limp pearl to go in for perch, got combo-launched by dragon and died, went past divine fossil on the run back, took a long time to perch"
2/26/2026 14:23:24,Structureless,Lava Pool,Bastion,00:27:15,00:13:17,00:16:43,00:20:15,00:22:22,00:23:48,00:24:26,00:24:44,00:25:38,8,2,14,0,0,-3.40806E+18,Housing,Zero Cycle,1,1,8720,FALSE,"Ugly spawn, great cave near, forest animals for food, phone distractions while digging straight down, lava ravine dropper, hotkeyed to blocks instead of water and died, re-caved, low health from mob attacks, all food burned, 5 diamonds some consolation, overlapped smelting with death reset, grabbed dandellions, ran very far for gravel, 49 no drops into b2b (0.57%), sub 13 enter, chucked away phone into sofa, scary farming hogs outside hauss, 17 to fort, front 95 small boi, solid comeback from death"
2/26/2026 13:55:01,Full Shipwreck,Lava Pool,Bastion,00:17:44,00:04:33,00:06:25,00:10:58,00:12:58,00:15:34,00:15:35,00:16:27,00:17:20,8,0,26,0,0,5.65683E+18,Stables,Zero Cycle,0,0,8719,FALSE,"Good iron, no food in ship, dirt blocking door for map chest, bt way too far so didnt go, thought pig among sheep was pink sheep, scary y49 lavapool while mining at 47, lava physics moment, ziglin on ttg, fire res brewery inv, 19 obby after chests, backups to 20, rp bell going to fort, y11 cave, 3rd time's the charm for pearl hang, awful rates, almost back at rp, insane icepie on educated, spider spawner next to pr, back 95 small boi"
2/26/2026 13:33:32,Structureless,Magma Ravine,Bastion,00:23:40,00:05:52,00:08:32,00:15:07,00:17:38,00:19:16,00:21:41,00:22:20,00:23:07,8,0,14,0,0,7.83198E+18,Bridge,Zero Cycle,0,1,8718,FALSE,"Bad cave bait but saw high c-value downwards, dug into another for full iron, farmed sheep and pigs, dugdown for lava, lot of mobs around pigface, cs, not enf obby, brought back ever backup including forbidden, gold in wrong hole so timeloss on trades, got no obby from backups, low string too, lucky big bertha rp under fort completable, hoglin squad spawned there after killing blazes, 0.7 ch, caved, almost plunged into lava ravine, sheep for beds, navved toward entities, dug into pr, thought trolled going for back 95 offset but TAS 2+2"
2/26/2026 13:07:19,Structureless,Lava Pool,Bastion,00:17:59,00:06:24,00:07:41,00:11:01,00:13:09,00:14:05,00:14:06,00:14:32,00:17:21,7,0,14,0,0,-6.54739E+18,Stables,Full Bow,0,1,8717,FALSE,"Pillager outpost, took full roundabout to enter, somne vegetables only, sand caved in to reveal cave while running through 1 deep water, got enf iron, wood as shears replacement, lavapool in desert, scary double triple stables, ripped trades, lost 50-50 on fort diag, 2.1 ch, icepie, front 95, barely didnt kill on last anchor and chasedown didnt work, full bow, out of hitting range on perch then snapped different way to kil"
2/26/2026 12:48:06,Full Shipwreck,Lava Pool,Bastion,00:20:54,00:04:59,00:07:47,00:12:56,00:15:50,00:17:10,00:18:04,00:19:43,00:20:31,11,1,21,0,0,2.31021E+18,Bridge,Zero Cycle,0,1,8716,FALSE,"Ocean ruins more like land ruins, map led to 11 iron 2 dia bt, blew up acacia house for wood, pre-crafted dia sword, dugdown, 4 diamonds before lavapool, lava housing, scared seeing no pigs at top, lava in lava housing route too, free hog food, spawner on 32 after leaving bastion, married brown mushrooms on only 2 floating netherrack at fort, made up some cool life lore for them, cool tnt bed, educated travel back to 1st ring, ocean exposed sh, massive creeper farm, front 99
 "
2/26/2026 12:20:59,Buried Treasure,Magma Ravine,Bastion,00:20:12,00:06:12,00:07:59,00:13:06,00:15:51,00:17:01,00:18:00,00:18:21,00:19:37,8,0,19,0,0,6.15535E+18,Bridge,Ground Zero,0,1,8715,FALSE,"Chopped mapless, underwhelming 5 iron bt 3 blocks deep, almost into ring for ship to have enf iron, scuffed magma portal, cs brijj, insane level of every trade, hog convention outside, 18 to fort, 0.6 ch, thought exposed stone in snow was sh, stuck on o58 pearl clip, overshot pearl for front 99, dipped to ground "
2/26/2026 11:57:27,Village,Lava Pool,Bastion,00:25:10,00:06:17,00:08:11,00:13:18,00:16:15,00:18:04,00:21:11,00:21:41,00:23:57,8,0,11,0,1,6.04144E+18,Housing/Treasure,Half Bow,0,1,8714,FALSE,"Forest spawn, ran towards water and found a ship, 6 iron and bt too far, village nearby, hallucinated yellow wool as gold block, holy 6 emerald chest to trade bread, digdown for lava. lot of bridging to hauss, td, trevored 21 away, felt next spawner was treasure too but in fact real fort, found both spawners, caved under swamp, 0.4 ch to 3rd ring, still another 800 blocks through ocean, absurd 2936 dist (0.337 real ch), top 5 till now for sure, didnt force zero being so far out, crosshair moved during ground and had to back out, perched soon"
2/26/2026 11:29:08,Village,Lava Pool,Bastion,00:23:37,00:05:28,00:08:34,00:13:18,00:15:16,00:19:48,00:20:23,00:20:46,00:21:33,8,0,18,0,1,9.21042E+18,Stables,Zero Cycle,0,0,8713,FALSE,"Super tired from doing 33 runs the prev day, Played acacia off spawn, wheat skip for bucket, dug into ravine dropper, weird tiny lava patches in ravine, connecting cave with lavapool and 5 diamonds, bad basalt terrain, baited by fake eray, good gap stables, 7 obby and nothing from chests, traded triple to get to 11, spawner under 6 chunks away, could tell direction based on quadrants, kinda forgot to overlap obby and blazes, 0.8 ch, huge wall to coords, front 99"
2/25/2026 22:01:47,Village,Lava Pool,Bastion,00:22:23,00:04:47,00:06:44,00:13:36,00:14:20,00:16:08,00:18:02,00:18:34,00:21:42,8,0,11,0,1,-2.83524E+18,Treasure/Treasure,Half Bow,0,3,8712,FALSE,"Run 33 to finish off strong, temple village at spawn, fun police remembered to go back to English and remove narrator, lava pops under temple, egap, tall-ish 4-5 tall cactus at the village, $11,111.11 achieved, cave under river for iron, overworld bow crafted, tas real lava pool, spawned on falling gravel nation, trejjor , sent egap for bottom first, dug straight into spawner, autopilot locked in route, spawner in 32 back the way we came, Couri says no to getting trevored, housing sighting on the way, pearled inside a warped tree, got stunlocked on a bad pearl and fell straight into lava pool, fort is real, its time to stop, 7/8 rates, tried lightingg a portal with fire res, caved so educated, pseudo please check this blind when you can, 1.1ch, we are so lost sobbing ,immediately forgot coords, 2 pearls away, messed up back 95 side setup, almost died, dragon didn't instapearch for the sub20 for charity, didn't see anchors for ground, almost missed perch, 33 runs, 33 sub 20s, $424 to charity"
2/25/2026 21:38:38,Structureless,Lava Pool,Bastion,00:19:28,00:04:22,00:06:39,00:11:09,00:14:34,00:16:14,00:16:14,00:17:54,00:18:45,8,0,22,0,0,6.46104E+18,Stables,Zero Cycle,0,3,8711,FALSE,"Lolcat narrator for 11k and run 32, lame spawn but decent cave nerby for 10 iron, lavapool spotted while giving a haircut to some dark oak trees, most obvious tree on fire to the other side, stables far but no other choice, 2 bigfella s camping higher terrain, daily rank broke on the fossa command, crazy basalt fully covered the entrance to middle stairs, perfectly placed zombie piglin into 4 pig route, W trades, 11min fort, double spawners out in the open, rates kinda selling, caved on the side of a mountain, 0.7ch, icepie, trying to backnav but lava pool might ate the door, spider dungeon next to library, back small boi 95, half a stack completions"
2/25/2026 21:18:14,Buried Treasure,Magma Ravine,Bastion,00:22:05,00:03:35,00:05:34,00:12:42,00:14:10,00:17:26,00:18:27,00:18:52,00:21:20,8,0,21,2,0,-5.63699E+17,Bridge,Half Bow,0,0,8710,FALSE,"31st run and we're losing our minds, almost stopped digging weird mapless but still hit it, ocean ruins right besides, scaryy monument near the single island with a tree but no cows, messed up door but first try flint, good enter but bastion in 20, 2 endermen no pearl, dug straight into a left side single brijj, awkward lava at the top, locked in on 33 since we're so close so he doesn't have to do this again, brand new hoglin spawned at the end of the bridge for W foods, jumpscared by piglin falling in the tunnel, pick broke but we planned for that, 11k reach BANG, 0.5 ch, 8/21 rods, baited by chunk error, almost fell out of the boat, ready to hunger reset on the surface but got double 3 drops from cows, 1 pearl away, hard back dragon so halfbow, baited by fake snap into silly endermite, 4 bed"
2/25/2026 20:55:09,Full Shipwreck,Magma Ravine,Bastion,00:17:26,00:04:34,00:06:42,00:10:02,00:12:17,00:13:22,00:14:39,00:14:43,00:16:58,9,0,18,0,0,-3.25757E+17,Housing,Full Bow,0,2,8709,FALSE,"MEOWDY spawn to tie 30 runs in a day, blank map ship but enough, pit stop at another boat for food right besides ravine, spotted triple single stables but thankfully also a housing nearby, couri wants to go for 33 for the funnies to beat fulham, great pearls to 10 flat fort, caved at y11, educated to not dig up, 3.4ch on second portal, didn't icepie but was directly under pr, dragon broke bed on back caged 95, full bow, 2 anchors weren't enough, single arrow kill"
2/25/2026 20:36:07,Full Shipwreck,Magma Ravine,Bastion,00:20:53,00:04:51,00:07:01,00:11:45,00:14:08,00:15:56,00:18:43,00:19:25,00:20:18,8,0,19,0,0,-8.24878E+18,Bridge,Zero Cycle,0,1,8708,FALSE,"Forest spawn but Couri smells the ocean, ship and bt, went down dropper cave into lava pool, might be cheating, buhsalt homeportal and something in 32, brijj but lost spawner, sub 12 fort, 0.6ch, caved at y14, other side of the ocean, far 1st ring, dug into spider dungeon, broke spawner but still no spike, pr surrounded by massive lava pool"
2/25/2026 20:14:24,Structureless,Lava Pool,Bastion,00:21:12,00:05:53,00:06:46,00:12:27,00:13:56,00:15:46,00:17:56,00:18:14,00:20:40,7,0,24,0,0,-4.25375E+16,Treasure,Half Bow,0,3,8707,FALSE,"Skeleton dungeon with gapple and bucket, waterhole for huge cow farm, put cow in boat, big bertha rp, noob level portal build from lava sources and wall, traded top and bottom trevor, dia chestplate, warped fort, garbage 7/24 rates, educated off vibes, left on 13 eyes, over 800 blocks off but eye refused to break, stuck on pearl clip, not enf time for t94, ground fireballed, not ready for sudden perch, got next one soon"
2/25/2026 19:52:27,Structureless,Lava Pool,Bastion,00:22:21,00:07:39,00:09:10,00:15:58,00:18:34,00:20:00,00:20:37,00:21:09,00:21:58,8,0,13,1,0,4.25668E+18,Stables,Zero Cycle,0,2,8706,FALSE,"Lolcat, jungle spawn, creeper farm in cave, melons for food, headed to desert, ran very long way till finding lavapool with sheep nearby, failed bucket mlg jumping off hill, blamed 5 min lag Clueless, grabbed dandellions as well, ttg, nothing in 32, loaded something after crossing 0 0, extremely far ssv fort, no looting in rp next to spawner, 1.3k to sh, baby sh, back 95"
2/25/2026 19:27:55,Desert Temple,Lava Pool,Bastion,00:16:02,00:03:12,00:04:35,00:09:57,00:12:10,00:13:53,00:14:16,00:14:34,00:15:28,8,0,14,0,0,6.80874E+18,Treasure,Zero Cycle,0,2,8705,FALSE,"Luxembourgish, DT with 4 iron 3 dia 2 gaps, village for food, lavapool in plains, lucky water next to tree, 3:14 enter, annoyed seeing trevor, dumbest piglin squad discovered, not many pearls, traded entire bottom gold, some kind of curse enchant on sword, sub 10 fort, lot of plumbing and dealing with magma cube at spawner, caved under ocean, 0.7 ch, eyes dragged into magma ravine, popped fire res before lava starter, front 88 1/8"
2/25/2026 19:11:01,Structureless,Lava Pool,Bastion,00:23:33,00:05:54,00:08:04,00:16:19,00:18:49,00:20:01,00:20:31,00:21:08,00:22:01,8,0,21,0,0,-5.83289E+17,Bridge/Treasure,Zero Cycle,0,0,8704,FALSE,"Pirate language, loaded furnace on 32 but didnt want to run that far, played structureless, lighting self on fire more than animals, 17 pork, cave digdown for lava, Those Were The Days inside netherrackfish o' the underworld wall, first actual brijj in 31 runs (1 in 7,466 odds), lots of lava everywhere on main brijj,  improvised new ""dip kong"" route, worked pretty well, left with 15 obby, trevor eveready to show up, piglin train to cross bridge tutorial, fort only 9 chunks away, blindeeed into snow viillage, 0.6 ch, sneaky creeper made it into nether, back 94 SS"
2/25/2026 18:46:20,Village,Lava Pool,Bastion,00:27:10,00:02:47,00:05:03,00:15:52,00:17:47,00:20:05,00:23:37,00:25:14,00:26:06,13,1,18,0,1,-2.52355E+18,Stables/Treasure/Stables,Zero Cycle,0,4,8703,FALSE,"Lavapool at spawn, desert blacksmith fragged with 6 obby and pick, sub 3 enter, chopped eray to stables, ziglin at mid, accidentally punched it on route, brought gold from other gap too to get enf, no spawner in 32, ripped to extra-regional, ran past another stables then got trevored, stables pitstop for food, first brijj sighting* in 30 runs, poor terrain to fort 1.5k out in nether, subspace 0.7 ch to edge of 4th ring, horribly mismeasured and down to 12 pearls, nailed triangulation despite being 600 off, skeleton army sh, chatter called the 4 eye, front 95"
2/25/2026 17:52:38,Full Shipwreck,Magma Ravine,Bastion,00:30:28,00:05:51,00:09:49,00:17:20,00:19:18,00:21:28,00:23:08,00:23:53,00:25:14,14,3,11,1,0,1.90194E+18,Stables/Treasure,Ground Zero,0,1,8702,FALSE,"Sailed off into ocean, great half boat, bee in the middle of nowhere, awesome bt,poison stew, ocean ravine digdown for lava, stables loaded on 25, mtg, traded triple for final obby, trevor grabbing attention, next spawner 31 away, traded for pearls but didnt get much,  ub 3 pants, ran past housing on the way to fort, last fire res used up, 0.6 ch to 3rd ring, 4.3 ch backwards, 3rd portal icepie, good nav, overarching terrain, flew before even reaching back 90 small boi, TAS ground"
2/25/2026 17:20:36,Full Shipwreck,Magma Ravine,Bastion,00:23:15,00:09:31,00:10:56,00:16:25,00:19:57,00:21:05,00:21:35,00:21:46,00:22:35,7,0,14,0,0,-2.18185E+18,Treasure,Zero Cycle,0,1,8701,FALSE,"No tree in close proximity, very long to load dolphins, gapple and ff4 boots in rp, pirates fully broke with no ingots in ship, even worse 1 ingot bt (combined 1 in 2193 bad luck), luckily enf nuggets and awesome 4 diamond compensation, dolphin died visiting 2nd rp, wandered looking for enter, sent digdown at 8 min mark, sub 10 enter, high eray for trevor but prolly due to basalt mobs, quite a lot of corruption but didnt affect route, dia sword in bottom, enf iron for anvil at one point, left on 19 obby, 22 to fort, hot tourist, hog punched into wither, revenge kill on magma cube from below, a million stray blazes while impossible level difficulty finding spawners, 1.8 ch, W fyroah law, front 99"
2/25/2026 16:53:36,Village,Lava Pool,Bastion,00:28:03,00:06:14,00:07:18,00:18:59,00:21:14,00:23:28,00:23:29,00:24:23,00:26:48,8,1,12,1,2,-4.4812E+18,Treasure,Full Bow,1,2,8700,TRUE,"Normal RV 1.21.11 run, Ugly spawn, found plains village, sheep on tiny island, 3 iron + cod, spotted acacia village, lavapool overlapping farmland, babymode portal build, 6 min enter with brute in 9 rd, treasure bordering warped, mogged every brute in top rampart, fa sword, grabbed gold and went to trade at bottom, 1 pig route while others arrived slowly, tried bringing higher level pigs by toggling difficulty, stupid piglin refused to fall 3 blocks on hard but then jump attacked on normal, got 2 tapped and died, returned in 4 min, W comms for difficulty, ripped enf trades to leave, 12 chunks to fort, caved under ocean, huge 3.0 ch (360 blind), bridged over to coords, icepie, made crossbow, 3 bed + sword to sub 27"
2/25/2026 16:23:44,Village,Lava Pool,Bastion,00:20:25,00:05:51,00:07:24,00:11:24,00:14:13,00:15:52,00:18:35,00:19:04,00:19:50,8,0,13,1,1,-1.94154E+18,Treasure,Zero Cycle,0,2,8699,FALSE,"Spawned inside plains village, b-lined to temple first, netherrack sticking out on the side, only 1 iron, blasted open entire rp, tnt-mined alongside golem, exploded librarian house, cave digdown enter, pearled to trevor, pre-gapped on route, barely not enf trades from top so traded bottom, fort further than anticipated, ziglin launcher fyroah tnt, 0.4 ch to 2nd ring, pearl count kinda low, 500 blocks off, 2.5k blind (0.37 real ch), sick pearl for back 99"
2/25/2026 16:01:16,Structureless,Lava Pool,Bastion,00:24:01,00:07:00,00:09:08,00:16:15,00:18:31,00:19:23,00:21:56,00:22:33,00:23:43,8,0,18,0,0,3.59809E+18,Housing,Perch,0,2,8698,FALSE,"Pirate-speak, put crafting table into furnace, overlapped smelting and shearing, saw village a little late but better than never, hay on complete other end, dug into mineshaft, lots of minecart iron, weirdly tiny lavapool, surprise magma cube attack, dug into middown blocks to start route, tried to make work with low pearls, went wrong way after pieray, returned to trade backups, good amount to leave for 20 chunk fort, epic strays, educated, wrong starter 2nd portal, re-educated same way, 400 blocks from 3rd portal, 2.2k blind dist, good play drinking fire res before landing in lava starter, shattered sh, front 90 but flew, insta perched while setting up ground"
2/25/2026 15:31:17,Full Shipwreck,Magma Ravine,Bastion,00:16:43,00:05:21,00:06:44,00:10:18,00:11:39,00:13:20,00:13:20,00:13:22,00:15:51,8,0,13,0,0,6.37145E+18,Housing,Full Bow,0,1,8697,FALSE,"RP off coast, absurd 5 iron + fns, shears and axe first, somehow lost track of ship close to enter, another one nearby with just enf iron, turned off narrator 3.5 min in after, extra armor in rp no. 2, baited by basalt patch as bastion, actual one different way, td hauss, sub10 ssv fort, awesome strays, icepie on 0.6 ch, back 99 offset, very weird dragon rotations die to lag, couldnt kill with last anchor, great full bow to sub 16"
2/25/2026 15:12:07,Village,Lava Pool,Bastion,00:28:32,00:07:02,00:09:11,00:19:03,00:22:40,00:24:11,00:25:45,00:26:11,00:28:05,8,1,14,0,1,-7.96197E+18,Stables,Half Bow,1,1,8696,FALSE,"Narrator for $10k, lavapool at coast spawn, no ship, dipped to DT, 2 gaps and no iron but 3 emeralds to trade in acacia village, 2 gb rp heading back to spawn lavapool, gold pick quarry to stables, aggro piglin chasedown, hoglin party dropping from the skies and died to one, followed brick road back, killed baby that stole gold to start gap route, pearl hang to fort while awaiting obby trades, crimson warzone, forced to leave on 15 obby, pearl hang at bastion going to fort, fyroah tnt, pearl hang loaded absurdly late, same tunnel back, 0.6 full diag ch, 4th time at same bastion, mesa sh, insane y 7 starter i.e. baby sh, flew way before making back 90, quick perch"
2/25/2026 14:42:19,Structureless,Magma Ravine,Bastion,00:20:53,00:05:16,00:08:58,00:13:27,00:15:50,00:16:54,00:17:56,00:18:11,00:20:27,8,0,20,0,1,4.5817E+18,Treasure,Half Bow,0,1,8695,FALSE,"Confused seeing rp overlap with desert barrel house right next to spawn, killed golem then went caving, rp with insane 5 obby and 2 gapples but nowhere close to completable, no lavapool in sight, went into ocean, cave led to lavapool,  hit $10K CHARITY GOAL couriL - MCSR Parody Song next day, scary late piglin in trevor, bottom for pearls and obby, 7 gb chest, 12 to fort, caved, educated off vibes, heard pr from starter, cranked back 88 1/8 from caged spawn but dragon flew, perch too late for sub 20"
2/25/2026 14:19:51,Full Shipwreck,Magma Ravine,Bastion,00:22:36,00:05:07,00:07:14,00:13:10,00:15:37,00:17:22,00:18:41,00:19:08,00:19:56,8,2,19,0,0,4.69035E+18,Treasure,Zero Cycle,0,2,8694,FALSE,"Took dolphins to yet another trash ship, barely enf iron even with bt, tree island quite far away, magma ravine through ocean cave, piglin fell into lava moat on entering trevor, watched final part of Fulham play testing Craft A Lie 2, bottom coz 14 obby, assumed trevor getting close to 20 chunk spawner but warped fort with a lot of strays, tree infested spawner, 0.6 ch, hot tourist going to coords, front 95 3+2 for another sub 20"
2/25/2026 13:54:55,Structureless,Lava Pool,Bastion,00:20:12,00:05:33,00:07:42,00:11:13,00:13:42,00:15:17,00:15:54,00:18:36,00:19:27,7,3,15,0,0,-6.84187E+18,Stables,Zero Cycle,0,0,8693,FALSE,"Pirate + Narrator for fun, typical structureless ow, cave digdown for lava, bastion on 27 rd, sniper skeleton, ttmtg, path blocked by glowstone, cleared it out mid-route, no backup gb(1%) but got all trades, basalt fort, 0.7 ch to crazy shallow 1st ring, sh under 100 blocks from ring edge, both coords almost sub 1000, mob nation, almost turned back after travelling crazy deep to pr, TAS pearl to back 99 "
2/25/2026 13:10:34,Buried Treasure w/ tnt,Lava Pool,Bastion,00:24:44,00:05:05,00:06:38,00:11:50,00:18:39,00:20:08,00:21:22,00:22:44,00:23:38,8,0,21,0,0,-5.90102E+18,Stables/Stables,Zero Cycle,0,0,8692,FALSE,"Ran towards ocean, continuing with garbage ship loot, lavapool on bt map, basalt spawn, end of housing streak after 3 attempts of recognising stables, scuffed from being inside basalt, double triple, bonkers obby in chests, only 6 pearls with no outer gold, fort time, new eray led to 2nd stables, good gap this time, brought pigs from outside too, 1 short of 50 obby, 0.4 ch in 1st ring epic, still 1.9 ch from 2nd portal, no wide portal coz bigfella above, missed but followed cave to sh, 2.3k+ blind with sub 0.4 real ch, gross nav, front 95"
2/25/2026 12:43:21,Structureless,Lava Pool,Bastion,00:32:14,00:04:32,00:06:52,00:16:37,00:20:43,,00:28:05,00:29:03,00:31:13,7,0,20,2,0,1.39106E+18,Housing,Half Bow,0,1,8691,TRUE,"RV 1.21.11 for $9k incentive, ocean spawn for pirate speak, didnt care for snow village, awesome food wreck, map from ruins, nautilus = sea beast, bare min. iron and dia sword in bt, stack of leaf litter from tnting tree, spotted random lavapool in ravine, insane mid 4 enter, nether spawn at 114, close piglin brute, chose wrong direction to boat down, hitbox x-ray but bastion was right beside, 2000 th housing first in books didnt force manhunt, lava housing, plumbed and waited for it to drain, 1 mid piglin got launched straight into tiny bit of lava still draining and died, 11 pearls 16 obby after all backups, fire res for ages, fa sword, farmed hogs, no outer gold, enderman showed up while leaving but didnt drop, 27 chunk ssv fort, triple tnt did nothing due to hard block, sending for 1 eye with good blind coords, 0.8 ch, sheep on the way, ice boat expressway, only 1 break until triangulating, pick broke on digdown but got 1 ore along to make new one, skeelton randomly dying nearby, y -34 starter, 1 eye and ripped a pearl in altar chest, perch for solid time"
2/25/2026 12:09:58,Village,Lava Pool,Bastion,00:19:49,00:06:52,00:08:23,00:12:02,00:14:49,00:16:59,00:17:35,00:18:04,00:18:59,8,0,16,0,0,-1.4828E+18,Housing,Zero Cycle,0,0,8690,FALSE,"B2B pirate speak, Chunk loading error at spawn ravine, ocean in the dist, joke of a shipwreck, blue pick with bt and loads of iron, blew up hotel for wood in village, dugdown for lava, td hauss, 26 chunk fort, massive glowstone tree on spawner, tunnel to connect both spawners, 1.4 ch, surface 1 chunk off again, heard silverfish from starter, dug backwards into pt, back 94 SS"
2/25/2026 11:49:18,Village,Lava Pool,Bastion,00:25:54,00:03:29,00:07:13,00:14:06,00:21:00,00:22:18,00:23:46,00:24:08,00:25:12,8,1,23,0,1,-1.01422E+18,Housing,Perch,0,1,8689,FALSE,"Pirate-speak, insane village lavapool spawn for 1.14/15, wheat skip for bucket, golem playing hide n seek, dropped 3 like a loser, mid 3 woodlight enter, bastion loaded on high rd, dumb ways to take damage mc style, full diag max dist buried bastion, 0 clue of what type but thought stables, bedding cleared out very small area, pick on life support, finally ended up in housing staircases, army ready to bully, escaped and had enf dura to mine whople gap, only enf obby for 1 portal, extra regional fort, grabbed saddle in chest, double spawner, last rod took 11 blaze kills, headed to new eray, spotted rp, gave enf obby to complete after mining some crying, educated very close sh, 400 off on 700 block blind, absurd fyroah law, flew on back 94 SS, most insane insta perch"
2/25/2026 11:22:36,Full Shipwreck,Magma Ravine,Bastion,00:19:50,00:06:53,00:07:57,00:12:40,00:14:52,00:16:34,00:17:08,00:18:02,00:19:05,8,0,15,0,0,-4.76662E+18,Housing,Perch,0,1,8688,FALSE,"Monument ate shipwreck map chest, gapple in technically enterable rp, very long swim just for pathetic full ship, map taking away from ring, bonkers bt, closeby ravine for enter, chose closer of 2 erays, conga line of warped fungii, tnt'd blocks, manhunt hauss, -1 mid gb, 17 obby and no outer chests, pearl hung to hp going to fort, echo-dug to blaze, triple tnt, pearled out of magma portal trap, 0.7 hp ch, strongshaft, lavapool close to pr corruption, botched back 90 USS, insta perch"
2/25/2026 10:58:31,Village,Magma Ravine,Bastion,00:20:14,00:04:56,00:06:17,00:11:36,00:13:53,00:16:01,00:17:43,00:18:34,00:19:25,7,0,17,0,0,-3.05044E+18,Housing,Zero Cycle,0,1,8687,FALSE,"Prot 3 boots and map in ship, epic loot in 2nd full boat, blue pick unlocked with bt, sub 5 enter, saw lava in triple and insta dipped to lava housing route, caught off guard by extra pigs, somehow made it to trade hole safe and sound, dug into gap to shockingly see no lava, W lavaless lava housing route, opened trade hole by accident, got almost no string, 2nd housing spotted on the way to fort, blind under mountain overhang, no chance of getting perfect 2nd eye reading so tried best to do it quick, assumed 1.6 ch, lucky village at 2nd portal for beds, kinda nailed semi-educated axis, dugdown into random sh room, front 99"
2/25/2026 10:37:15,Full Shipwreck,Magma Ravine,Bastion,00:21:20,00:03:39,00:07:57,00:11:55,00:12:51,00:15:51,00:16:53,00:17:59,00:20:08,12,3,16,0,0,1.37163E+18,Treasure,Full Bow,0,0,8686,FALSE,"Spawned on tiny island, sus stew ship, enf iron in bt, sub 4 magma ravine enter, spike on very high render, saw fort near spawn but scary basalt, deep extra regional trevor, could leave off top, cranked pearls to spawn fort, low from blaze melee, portalled out early, insane 4.2 ch(231 blocks), bricked on direction for portal, fraud missed by 2 chunks, dug into pr, flew on front 95, perch not quick enf to sub 20"
2/25/2026 10:11:56,Full Shipwreck,Magma Ravine,Bastion,00:19:51,00:04:52,00:05:23,00:08:17,00:10:16,00:11:48,00:12:25,00:15:50,00:19:12,8,0,10,0,0,-6.40193E+18,Stables,Full Bow,0,2,8685,FALSE,"Ocean spawn, beautiful ds 1 boots + 23 carrots, 2nd ship more than made up for horrid bt on iron, swam long way to magma ravine, 6 diamonds, stables fastion at spawn, double bad but divorced double triple, left significant obby somewhere but insane no.s in triple chests, decent trades,"
2/25/2026 9:51:22,Full Shipwreck,Lava Pool,Bastion,00:20:45,00:05:42,00:07:44,00:12:48,00:13:10,00:15:52,00:16:49,00:17:28,00:18:22,8,2,20,0,0,-8.24633E+18,Treasure,Zero Cycle,0,1,8684,FALSE,"Coping on tnt for button miscraft, 2.5 min swim to full shipwreck, didnt get to check buried food chest, bt well in ring, ship buried inside iceberg, ocean ravine into lava ravine, spawned near fort, bastion on 24, recording crashed while routing trevor, restarted stream, ripped trades from top, pearl hit single floating soul sand, endured fall on 0.5 heart, scared playing very overloaded spawner, mesa blind, 0.9 ch, weird nav,back 95"
2/25/2026 9:28:48,Structureless,Lava Pool,Bastion,00:17:48,00:04:52,00:09:33,00:05:50,00:12:38,00:13:54,00:14:39,00:15:01,00:16:59,7,0,10,0,1,6.56104E+18,Treasure,Half Bow,0,1,8683,FALSE,"Armenian language, insta village, free exposed iron to go along, dug into mineshaft, terrifying sight of huge cobweb wall, connected to lavapool, really far eray, shield fort first on the way, sub10 trevor, 4 pig route, ring around the rosie with piglin, trades lockedin, 1.2k to sh, back 90 small boi, dragon flew, 3+1 one cycle, mongey gifts 1k subs(joke)"
2/25/2026 9:08:46,Structureless,Lava Pool,Bastion,00:22:22,00:04:42,00:06:18,00:15:20,00:16:51,00:18:17,00:19:42,00:20:03,00:21:17,8,0,11,0,1,8.46542E+18,Stables/Treasure,Ground Zero,0,0,8682,FALSE,"Ukrainian language, pink sheep going to village, 2 obby completable rp, caved post golem, zombie villager in cave under, no hay but clutch food in leatherworker house, dbnt stables,decent loot from stray gold to head for new eray, classic stables/trevor strikes again, plumbed huge lavafall in top rampart first, mined entire bottom while lava drained, garrots, good amount of pearl at the very end, 12 to fort, 0.5 ch, didnt need 3rd portal, messed pearl clip, dipped to ground"
2/25/2026 8:44:50,Buried Treasure,Lava Pool,Bastion,00:23:29,00:05:56,00:08:14,00:13:34,00:16:21,00:19:36,00:20:50,00:21:18,00:22:16,11,2,25,0,0,8.73587E+18,Stables,Zero Cycle,0,2,8681,FALSE,"Boated long ways to good ship, bt well inside sh ring, dia sword, holy mob nation in ocean cave, game started to lag to 32 rd, blocked off everyone while surviving on half heart, farmed crimson hogs, ttmtg, trades fragged, 22 full diag spawner, missed boat trying to go lower terrain in basalt, scary pearl clutch, lived on 2.5 hearts from L drags, death reset before entering fort, basalt stray nation but awful rates, b2b subspace blinds, 0.7 ch, food pitstop, caved at y18, insta nav, front 94 SS"
2/25/2026 8:20:24,Structureless,Lava Pool,Bastion,00:23:23,00:06:06,00:07:22,00:13:50,00:15:43,00:17:24,00:18:36,00:20:27,00:22:29,8,0,14,0,0,-3.13975E+18,Housing/Treasure,Half Bow,0,1,8680,FALSE,"Charity Marathon Final Day, Modcat with some questionable opinions on vegetable tier list, pushing for at least 30 runs, mob central cave, creeper blast revealed hidden iron, river salmon hunt, cave went to lava, gb from rp, td hauss, obby for 3 portals and loads of pearls, no spawner in 32, loaded soon while forcing extra-regional, grabbed shrooms, treasured but pushed towards low eray without breaking spawner, reached warped fort soon, hoglin ubereats, subspace 0.5 ch to 4th ring, reaxised 2.2, missed but library in same cave, 2.3k dist, fyroah law after long nav, back 92 1/8 but flew, 4 bed + axe"
2/24/2026 21:16:10,Full Shipwreck,Lava Pool,Bastion,00:20:47,00:04:41,00:11:52,00:05:38,00:14:20,00:16:51,00:17:46,00:18:06,00:20:05,8,0,12,0,0,-7.09148E+17,Stables/Housing,Half Bow,0,1,8679,FALSE,"Lavapool hidden under hill, full shipwreck in sea, bad food, ~2.5 stacks of planks from tnting dark oak, threw out map but realised its necessity, sub 5 enter, didnt even want to go near DBNT stables, played fort first nearby with shield, sick block clutch after getting sniped off, eray on 32, poor terrain, lava housing, overlapped trades with axis, 1k to sh, zombie spawner in underhang next to village, didnt force back zero on cage, perch just late for sub 20, amazing top 20 day with 11/27 sub 20s"
2/24/2026 20:54:04,Full Shipwreck,Magma Ravine,Bastion,00:23:12,00:07:29,00:09:52,00:15:25,00:17:33,00:19:25,00:20:10,00:20:49,00:22:19,8,0,15,0,0,-8.91669E+18,Stables,Half Bow,0,0,8678,FALSE,"Sick mountain near coast spawn, dolphin carried to very far full boat, bonkers loot, fake ravine, racing against ludwig's real time event run, iron pick on life support before hearing bubbles on digdown, scuffed portal, stone pick for nether terrain, dug straight into stables triple gb,  triple triple but had to look through chests for iron first, wanted to cram but just didnt get enf pigs, gb on the way out for garrots, far ssv fort, ludwig way ahead on pace but lost the match, 0.7 full diag ch, horrible pearl for SS zero so backed out, quick perch"
2/24/2026 20:29:42,Structureless,Lava Pool,Bastion,00:25:07,00:06:00,00:07:46,00:15:44,00:18:43,,00:21:37,00:22:59,00:23:47,8,0,13,0,0,-5.63131E+18,Treasure,Zero Cycle,0,2,8677,FALSE,"Suspiciously dug into iron, not enf so had to mine further until hitting cave, surfaced to see a bigger cave with line of iron ore, farmed animals, went back crawling through og tunnel for lavapool, first divine check of 2026 after a break of 806 runs, divine 6, top treasure trades sufficient, 28 obby and extra regional spawner, bane sword to leave, pearl hung to stay in 1st ring divine, used up 13 gold picks + significant portion of iron one to reach fort, had to travel quite a bit to load pearl, high rolled shallower than normal divine coords, 600 blocks off so kinda failed, actual coords were 350 blocks off, back 95, big divine hater revealed"
2/24/2026 20:01:05,Structureless,Lava Pool,Bastion,00:21:59,00:06:10,00:07:12,00:13:41,00:15:31,00:18:43,00:18:49,00:19:57,00:21:19,8,0,13,0,1,-4.6569E+18,Stables/Stables,Ground Zero,0,1,8676,FALSE,"Pirate-speak, pierayed brewing stand, xqcBread, found cave while running around, opened into ravine with iron and lavapool, went up for shearing, forced ttmtg but double bad sigh, only 12 pearls, pigs dancing while heading out to new eray, another stables triple, ripped all trades except for fire res, ran out on the way to fort, had to play with shield, spawner overloaded, caved under ocean, asked for big angle change but got 0.5, x-rayed sh right under portal on dimension switch in ravine, messed pearl clip, low dragon on ground"
2/24/2026 18:46:27,Village,Lava Pool,Bastion,00:23:45,00:03:45,00:06:29,00:11:17,00:16:24,00:14:27,00:15:51,00:16:44,00:18:37,8,0,9,1,0,8.35873E+18,Treasure,Zero Cycle,0,2,8675,FALSE,"Lavapool at spawn with close spruce village, double iron pick in toolsmith, largefern, tons of food, 5 emeralds for bucket, cod died to sweet berry bush, woodlight enter, top trevor trades enf, botched terrain nav but still 10fort, 0.5 ch, fell off speedbridging due to watching ludwig event on 2nd monitor, placed down obby while mining glowstone nowhere close to coords but had 10 left still, crazy 75% orange spike, missed block clutch on tower and clutched just in time, overshot recovery pearl, perch for +$10"
2/24/2026 18:21:31,Structureless,Lava Pool,Bastion,00:19:10,00:04:57,00:05:44,00:10:44,00:13:49,00:15:18,00:16:06,00:17:17,00:18:11,8,0,12,3,1,-2.14796E+18,Housing,Zero Cycle,0,2,8674,FALSE,"Narrator for $8k, Crafting...Crafting...Crafting, village at spawn, digdown for sub 5 enter, erays everywhere around spawn, td hauss, only 18 pearls, 20 chunk fort, killed 4 enderman pack outside, double lavafall on blaze bed, rare blind biome of wooded badlands, 0.8 ch to very far 2nd ring, bad nav coz strongshaft, hallucinated salmon, parkoured around tower for front 94 SS"
2/24/2026 18:00:07,Village,Magma Ravine,Bastion,00:21:12,00:04:14,00:08:25,00:14:05,00:15:33,00:17:15,00:17:15,00:18:27,00:19:58,8,0,11,0,1,2.82954E+18,Bridge,Half Bow,0,0,8673,FALSE,"Confusion on Mēxikatlahtōlli language existing in 1.16 so lolcat instead, instant village spawn, low hay so farmed carrots alongside cod strats, headed to ocean, 2 gb rp, magma ravine for b2b mid 4 enter, brijj across huge lava ocean, classic attempt for pearls didnt pan out, farmed hogs meanwhile, fell into lava speedbridging but had fire res, hoglin pathblocking build up to pigface, double single cs, generational pigs lockin for 20 obby, 20 chunk fort, caved under ocean, 1.5 ch, icepie, insane $500 anonymous dono to cross $8k, dragon perched for charity"
2/24/2026 17:36:23,Buried Treasure w/ tnt,Magma Ravine,Bastion,00:15:29,00:04:27,00:07:37,00:05:10,00:11:45,00:13:26,00:13:26,00:13:57,00:14:49,7,0,12,0,0,6.73988E+18,Bridge,Zero Cycle,0,0,8672,FALSE,"Galego language, enf iron from ship + bt, dolphin died in magma ravine, mid 4 enter at a fort with bastion in 16, could activate both spawners kinda, blaze rates forced to leave much later, sub 8 brijj basaltion, got cornered by hog family entering, cs but double single, baby hog in way of building portal, caved under river, scuffed 1.0 ch, still icepied, baby nav, front 95 offset for sub 15"
2/24/2026 17:17:42,Full Shipwreck,Lava Pool,Bastion,00:21:45,00:03:54,00:05:24,00:13:58,00:16:59,00:19:04,00:19:37,00:20:07,00:20:53,8,0,19,0,0,-2.37321E+18,Stables/Bridge,Zero Cycle,0,3,8671,FALSE,"Sand updated right at spawn, wr death missed by 0.548s of respawn immunity, amazing shipwreck loot, gapple + fns in rp, zylenox strats of getting flint despite having fns, double triple stables, pigs inside trade hole celebrating from one outside killing skeleton, 15 pearls and 9 obby, opened trade hole, waited for pigs to stop celebrating before forcing gap, double bad, 16 obby after chests, headed out to 20 chunk fort, got an close eray on the way so dipped, brijj fastion coz why not, dk, 0.2 ch so certainly mismeasure, went on full 0.4, still 200 blocks to ocean exposed sh, ~2.6k blind dist, front 99"
2/24/2026 16:52:48,Full Shipwreck,Magma Ravine,Bastion,00:17:37,00:04:12,00:05:05,00:08:49,00:11:37,00:14:08,00:14:30,00:16:10,00:16:55,9,1,23,0,0,-5.91258E+18,Housing,Zero Cycle,0,2,8670,FALSE,"Bad boat at spawn for some bread, sideways full ship had tons of loot, magma ravine near, piglin attack entering outer housing, middown, pierayed very close spawner, went out to see divorced fastion, sub 10 fort, boxed baby hog at spawner, insanely rare 0.3 ch inside 1st ring, went on 0.45, ocean exposed library right under, mineshaft and ocean giving no read, mid nav, front top 104 setup to sub 17"
2/24/2026 16:32:29,Structureless,Lava Pool,Bastion,00:27:19,00:06:06,00:08:04,00:20:31,00:22:26,00:24:15,00:24:15,00:24:59,00:26:23,8,0,12,0,1,8.41784E+18,Bridge/Treasure,Ground Zero,0,2,8669,FALSE,"Spawned inside village, grocery store blacksmith, killed golem and dipped, saw lavapool and DT, 2 rd to avoid pillagers, no iron, tnt mined with over half of tnt stash to find iron ore, heard pillagers while going up, pillager army outside to make a HOWMANYPILLAGERS incident, ran past everyone to quickly enter, pigface tnt, all gb flew into lava, traded backups and any bit of gold, ripped pearls and 15 obby, lucky completable rp outside, bigfella convention in the dist, 20 chunk spawner with some eray, hoped for fort, pearl hang to rp, lost diagonal war, hoglin nation in crimson, got trevored, traded bottom, diamond chestplate, loaded pearl hang, new spawner had some eray but real, hot tourist entering fort, daily dungeon blind after a while, under warm ocean, 2.4 ch into icepie, o62 cage, went in straight for ground, got a little scary when dragon flew"
2/24/2026 16:04:18,Full Shipwreck,Lava Pool,Bastion,00:16:14,00:05:17,00:06:36,00:10:43,00:12:03,00:13:40,00:13:46,00:14:54,00:15:41,8,0,10,0,0,6.01492E+18,Bridge,Zero Cycle,0,0,8668,FALSE,"15 carrot 5 iron full ship, tiny dot map, dolphin caged by trapdoors, tons of iron on lonely tree island bt, ocean ravine digdown for lava, dk, pre-crafted garrots on obtaining 15 obby from chest, 10fort, great strays and spawner rates, blinded into village, 1.5 ch, spawned in ravine with sh, gross nav, front 99"
2/24/2026 15:42:01,Village,Lava Pool,Bastion,00:23:48,00:05:26,00:08:01,00:14:07,00:16:37,00:18:32,00:20:28,00:20:51,00:22:55,8,0,14,0,1,7.33394E+18,Housing,Half Bow,0,0,8667,FALSE,"Narrator for $7k incentive + lolcat, trash 1 diamond blacksmith, 5 iron + bucket trade, banana bed and steel, lavapool on digdown, high y111 spawn, far hauss, too much zinc making from narrator, td, narrator said sad face for crying obby advancement, very long mining journey to fort, skeleton squad greeting on entry, used sword from wither for blazes, 1.2k blind dist, caved under savanna plateau, no choice but to dig up, insta nav, back 95 USS, bailed after bad first beds, perch soon"
2/24/2026 15:16:51,Structureless,Lava Pool,Bastion,00:24:13,00:06:52,00:08:51,00:12:44,00:16:07,00:17:59,00:19:52,00:21:40,00:22:55,8,1,16,0,0,-8.45385E+18,Housing ,Ground Zero,0,1,8666,FALSE,"Chestless lavapool rp going to plains, caved for iron, forest animals for food, returned to rp for enter, td hauss, 6 obby, got to 11 with outer gold, 22 chunk fort with pearl hang towards home portal, low pearls, 0.8 ch, 400 off, mesa sh, crazy deep nav, didnt force zero on caged spawn"
2/24/2026 14:46:23,Village,Magma Ravine,Bastion,00:26:10,00:06:08,00:08:09,00:19:11,00:20:59,00:22:22,00:23:07,00:24:26,00:25:18,7,1,15,0,0,-4.80093E+18,Bridge,Zero Cycle,1,0,8665,FALSE,"Ocean off loading screen, total 34 iron from ship and bt, checked another ship for food, didnt wanna mine out buried iron chest, few carrots, village for bread, party horse, punched golem going to lavapool rp, baited chat into thinking it was babastion but really was on other end of brijj, confused abt killing hog, tried running past it but got launched into lava, boated out but didnt fully block off before dying, very long journey back, out of sprint entering village for food, everthing was safe on return, punched piglin on dk trying to mine block, ran through entire bottom to setup trading, saw piglin fall into lava, close fort, sub 600 blind, mineshaft on sh digdown, ended up in library, didnt notice door behind to exit, wormholed to pr after hearing silverfish, back 99"
2/24/2026 14:18:51,Structureless,Lava Pool,Bastion,00:22:36,00:07:38,00:09:06,00:13:02,00:15:58,00:18:12,00:19:05,00:20:05,00:21:50,8,2,17,0,0,-7.44289E+18,Treasure,Half bow,0,1,8664,FALSE,"French, very empty ocean, no map in ruins, dipped to cave in jungle, TAS Luco recommendation to use wheat for cookies(horrible for food but can get a lot), identified lava on subtitles, awkward lavapool with gravel, Feinberg propoganda on cookie tech being L, saw fort on the way to trevor, random hole from deterioration, went bottom for pearls and obby, huge lavafall plumbing after blaze bed, cookies got through entire nether, jungle blind, 0.5 ch, coords right outside treasure, fully zero spike, pr across holey floor over lava ravine, didnt precraft bow to go for zero, quick perch, cookies last crafted in run 4319"
2/24/2026 13:54:31,Village,Lava Pool,Bastion,00:16:52,00:04:07,00:05:07,00:08:59,00:10:36,00:12:34,00:13:27,00:15:10,00:16:01,8,0,12,0,1,-7.72368E+18,Bridge,Zero Cycle,0,1,8663,FALSE,"Spanish (mexican) language, brewing stand on pie, chopped lot of wood before going to desert village on mesa edge, lavapool nearby, close brijj, dk, 27 chunk sub 9 fort, ice blind, 1.0 ch, caved deep under ocean, mob party above sh, bat nation giving no read, found both libraries before pr, front 95"
2/24/2026 13:36:28,Buried Treasure,Lava Pool,Bastion,00:20:02,00:06:49,00:08:01,00:12:28,00:14:09,00:16:30,00:17:52,00:18:07,00:18:55,8,0,10,0,0,6.11402E+18,Housing,Zero Cycle,0,0,8662,FALSE,"Ship + bt ow, grabbed stray mountain lava to kill pigs, no luck on lavapool in desert, cave digdown for enter, first hauss in a while, glowstone in gap blocking pigs, didnt mine out properly first time, realised kinda late and fixed it, took high terrrain to fort, caved 30 blocks under mountain, rain snow combo, 0.8 ch, pr side entry, front 99"
2/24/2026 12:50:31,Buried Treasure w/ tnt,Magma Ravine,Bastion,00:22:13,00:02:54,00:04:51,00:12:38,00:14:35,00:16:55,00:18:46,00:20:19,00:21:11,12,2,19,0,0,-7.376E+18,Bridge/Treasure,Zero Cycle,0,2,8661,FALSE,"Weird mapless reading due to bt being high up, intersecting ravines, scuffed 1 deep spot, dipped to better 2 deep 2x1, sub 3 enter, coarse dirt tech, pre-setup for cs, most idiotic blind crossbow piglin discovered, lost a lot of food to it, obby nation chests, hog hunt going to spawner, got trevored, low pearls and 30 chunk spawner but decided against trading, free terrain to basalt fort, 0.8 ch, hunger reset to skeleton before getting in hole, portal almost next to sh digdown, burning library, front 99 offset, dragon kb during death animation"
2/24/2026 12:26:54,Full Shipwreck,Lava Pool,Bastion,00:22:17,00:06:48,00:08:09,00:13:36,00:16:40,00:18:58,00:19:55,00:20:42,00:21:41,10,2,17,0,0,5.55258E+18,Treasure,Zero Cycle,0,3,8660,FALSE,"Decent shipwreck, dia sword after distant bt, bad rp bait, digdown for lava, wallt o enter bottom trevor, bigfella attack, mined all gb before going to top, over 4 stacks of pearls, almost left without fire res, 14 to fort, meanie blazes, 0.5 ch, going to coords on inner edge of 2nd ring, hot tourist, -20s obby misplace, sand caved in front of 2nd portal, 300 off, wormhole nav, front 93 small boi"
2/24/2026 12:02:45,Buried Treasure,Magma Ravine,Bastion,00:27:11,00:05:14,00:06:25,00:18:44,00:20:45,00:22:19,00:23:04,00:23:21,00:26:29,8,0,12,0,0,-7.94904E+18,Stables/Treasure,Half Bow,0,2,8659,FALSE,"Thai language, Enf iron in ship, didnt wanna play far bt, few animals around water, 2x1 portal, 2 erays, massive e-counter, full wall to enter stables good gap, boxed ziglin before ttmtg, farmed hogs while waiting for trades, low trades, only realised had mined no 1st gap blocks while in 2nd good gap, diagonal to get trevored, hoglin nation in bottom, drilled through miles long walls, horrible terrain around fort, found cave opening on blind, 1.4 ch, caved again, dug up just to then digdown 2 chunks further, not forcing back small boi, crosshair moved during ground, not enf beds to continue so backed out, long wait for perch"
2/24/2026 11:33:08,Structureless,Lava Pool,Bastion,00:20:11,00:06:23,00:07:24,00:14:01,00:16:00,00:17:28,00:18:01,00:18:08,00:19:32,8,0,16,0,1,-3.22454E+18,Bridge,Ground Zero,0,1,8658,FALSE,"Plains village in the dist, full leather drip, caved for bucket and shears, stone sign, cave digdown for lava, pigs celebrating killing skeleton, cs, 19 obbied with normal backups, had to go for forbidden ones, close ssv fort super delayed, jungle edge blind, 0.7 ch to really far 1st ring, ocean exposed pr, missed cool jump, bad pearl so dipped to 90 SS, couldnt place bed for some reason, weird ground rotation"
2/24/2026 11:07:27,Buried Treasure w/ tnt,Lava Pool,Bastion,00:15:48,00:06:26,00:07:00,00:09:58,00:11:22,00:13:13,00:13:13,00:13:28,00:15:08,7,0,13,0,0,8.44033E+18,Stables,Perch,0,2,8657,FALSE,"Lolcat, Fns and ub 3 sword in rp, decent iron in ship, bt for food, pulled inwards by tnt explosion, 4 diamonds on digdown, hater skeleton at lavapool, insta eray to stables, ttg,left on 18 obby, hoglin doordash, sub10 warped fort, 1k to sh, mined 2 obby, eye spy, insta nav, o58 so couldnt push t94, no arrows for half bow, perch to low 15"
2/24/2026 10:49:55,Full Shipwreck,Magma Ravine,Bastion,00:18:51,00:04:32,00:09:33,00:05:11,00:13:29,00:14:44,00:15:52,00:16:30,00:18:16,9,0,19,0,0,6.86928E+18,Bridge,Half Bow,0,2,8656,FALSE,"Upside down english, Ocean spawn, ruins for mapless spike, amazing ship with close bt, diamond sword, backseat for leaving salmon, mid 4 magma ravine enter, played fort first, triple tnt setup using leaves instead of soul sand, scary getting shot multiple times, 10 rods, boat phased through netherrack, no tnt for brijj, cs, backups for 20 obby, 1.9 ch, caved on 2nd portal, threw eye and dug into sh, shattered ravine strongshaft, echolocated pr, back 95 USS, flew after 2 rotations, perch soon"
2/24/2026 10:28:39,Village,Lava Pool,Bastion,00:25:21,00:03:41,00:04:48,00:15:47,00:16:49,00:18:41,00:19:23,00:23:45,00:24:33,8,0,12,0,1,1.69933E+18,Stables/Treasure,Zero Cycle,0,2,8655,FALSE,"Pirate-speak, spoonfed village spawn, blacksmith hidden behind houses, pick and sword, no hay so farmed carrots, cave led to lavapool, pig convention at stables bottom chest, dbnt pmo, ripped 4 gb in outer chest, set pig trading there, pearl trades fragged, 16 obby so thought to pearl hang on way to fort, eray gave trevor vibes so didnt need to, 250th Stables/Treasure in records, traded at bottom, garrot nation, dia sword and helmet, 19 to fort, mesa blind, 0.7 ch, ocean exposed sh, creeper sneak attack, spikeless, big maze, missed mid completely at start, creeper gathering room, front 99 almost 2+2"
2/24/2026 10:01:08,Desert Temple,Lava Pool,Bastion,00:35:00,00:08:53,00:11:46,00:21:18,00:23:51,00:26:16,00:28:16,00:32:08,00:33:36,8,0,15,0,0,-4.2911E+18,Bridge,Half Bow,0,1,8654,TRUE,"RV 1.21.11 for $6k raised, Danish language, rare desert spawn with mesa near, some tools in rp, insane sight of ship INSIDE desert village, visited DT first with 1 iron, exceptional inland parking skills from pirates of the day, golem got launched by tnt, ship tanked explosion, very good loot, ran around looking for lava, visited another rp with fire prot armor (first time chatter translated), some more iron in blacksmith village, saw another 2 DTs and 2 villages before lavapool, sub 9 enter, total 10 structures in ow, lot of bridging terrain to brijj, insane juking brutes for dk, 2 pig route thanks to ziglins, crazy jump reach on brute, had trouble getting more pigs for trade, 13 pearls with backups, 20 chunk fort, blaze stray squads, 0.7 ch to ~ 450 450, good luck on eye breaks, disgusting 3 min nav, no shot of back zero with 1 pearl, quick perch"
2/24/2026 9:23:22,Village,Lava Pool,Bastion,00:24:34,00:05:16,00:07:15,00:12:52,00:20:41,00:22:27,00:22:27,00:23:07,00:23:56,8,0,18,0,1,-4.39379E+18,Stables/Treasure,Zero Cycle,0,0,8653,FALSE,"Charity Marathon Day 2, Furnace on pie, lavapool on the way, underwhelming blacksmith, golem too large to fit through door, went caving after, nether spawn in a box, dipped to lower open terrain after mining 100 blocks, single triple double bad, ripped 20 obby but only 7 pearls and 1 fire res, looted entire bastion and only got 1 gb more, not much from trading it, 23 to fort, didnt need 1 rod that fell down, new e ray on 32 rd, no pearls left and very poor terrain to trevor, bad plumbing work, tons of pearls, 0.5 ch, unexpected icepie, back 95 USS 3+2"
2/23/2026 20:21:11,Full Shipwreck,Magma Ravine,Bastion,00:29:01,00:06:41,00:07:18,00:20:20,00:13:22,00:16:46,00:18:10,00:18:38,00:19:26,8,0,17,0,0,-7.11005E+18,Stables,Zero Cycle,0,0,8652,FALSE,"Shipwreck meant for wrong version, 16 emeralds and 1 iron, absurd 5 iron bt, underwhelming ship #2 but enf iron to go for enter, found magma on digdown, triple triple stables, tons of damage in routing, garrots, chest randomly broken prolly by ghast, 27 to fort, caved on blind, huge build up to surface, 0.7 ch, placed dirt back and got lost on the digup spot, luckily not too bad, pre-emptively threw eye on 2nd portal but caved again, back 95 to end awful day on sub 20"
2/23/2026 19:50:25,Village,Lava Pool,Bastion,00:33:47,00:04:07,00:06:05,00:12:45,00:17:38,00:21:59,00:30:11,00:30:29,00:32:37,8,0,26,4,1,-6.40069E+18,Stables,Half Bow,0,1,8651,FALSE,"Abandoned plains village, furnace led to a different desert village, 5 obby + pick, spotted lavapool while killing golem, woodlight enter took a while, double bad no triple and again ripped 13 pearls with stray gold, also 15 obby, 22 to ssv fort and no fire res, brain moment trying to make shield, wither jumping off fort to attack, utter trash blaze rates, ran back to hp, 0.5 ch, grabbed some beds, same way as bastion so traversing pre built road, diamond shovel coming in clutch for mining soul sand, used 1 pearl to clutch on fatal fall, 1 eye break so hoping 1 eye, trusted ow axis to send dig, missed, tried finding in ravine/cave but no good, had to build up, chunks said 3 away into same ravine, mined to enderman that dropped pearl, dug further down to hit sh, insta nav, pearl too low to force zero, perch soon to end misery"
2/23/2026 19:14:47,Structureless,Magma Ravine,Bastion,00:37:52,00:05:03,00:07:34,00:27:43,00:29:00,00:31:39,00:33:00,00:33:20,00:34:48,9,2,11,1,1,1.59287E+17,Stables/Housing,Half Bow,1,1,8650,FALSE,"Spoonfed spawn inside taiga village, Largefern, punched logs like a brick, ripped 5 emeralds, W golem killing tech, no one wanted new fisherman job, remembereed seeing barrels before, traded cod and little food, somehow real magma spots in such fake looking ravine, screwed up quite a lot, made up some contraption to build portal, wall to stables, lot of melee damage on ttg, enf loot with backups, pearled into giant magma cube that came out of nowhere, comboed to 1 heart, made escape into lava but cube still managed to get the kill, super mad abt it, went full caving, spotted lavapool and animals in plains, blasted by creeper into lava but insane bucket mlg on 1/2 heart, went to new eray, even more wall only, mad hater pigs in hauss, horribly lost 50-50 diag to fort, ghasts joining in on the hate, 0.5 ch, too blind to see shovel in inv, portallled out early for better terrain and food, 3.4 ch into caved above sh, TAS nav, another insane diagonal perch"
2/23/2026 18:35:24,Desert Temple,Lava Pool,Bastion,00:23:22,00:04:37,00:06:14,00:14:10,00:18:37,00:19:25,00:21:44,00:22:01,00:23:12,12,0,22,0,0,-5.38538E+18,Stables,Ground Zero,0,0,8649,FALSE,"Jungle spawn with close ship, chose not to play far bt and instead go to DT for food, 3 gapples, tnting scattered items around creepers in cave underneath, saved everything from TASness, dugdown for lava, forgot flint but found in same cave, good gap stables, route got cooked from the start due to ziglins everywhere, still decent pigs, trolled by 9 obby, extra gold helped get to 10, fort almost 32 chunk very diag, double spawner, fyroah tnt on both but one went scuffed, went a little too overboard with 12 rods, ripped peaarls to home portal for educated, quite far off, dugdown to see burning library next to fyroah law pr, insta went for ground"
2/23/2026 18:10:38,Structureless,Lava Pool,Bastion,00:18:26,00:04:55,00:05:56,00:09:52,00:12:06,00:13:35,00:13:17,00:14:56,00:17:26,8,0,14,0,1,-3.77327E+18,Stables,Perch,0,1,8648,FALSE,"Furnace led to breadsmith, big bertha RP inside village with sharp sword, killed golem then dippped to cave, rp lava for portal, entering with 4 gb, stables with good gap, ziglin in the way on route, ben simmons gold throws 13 chunks to sub10fort, epic view of treasure fastion from spawner in 2nd ring, 1.2 ch, surfaced 1 chunk off, no spike to bat city, nonsense nav, dipped to front 90 SS, broke crystal and flew, some time to perch, pickblocked obby mid one cycle but insta-improvised to offset setup"
2/23/2026 17:44:27,Buried Treasure,Magma Ravine,Bastion,00:31:05,00:05:41,00:08:33,00:13:24,00:17:58,00:25:30,00:26:24,00:27:54,00:30:25,8,1,15,0,0,-5.95014E+18,Bridge/Classic/Treasure,Half Bow,0,0,8647,FALSE,"Boated almost 3.5 min for ship, hit bt for food before magma ravine enter, lot of basalt mining, dk double single, traded entire bastion but only got 14 pearls and 14 obby, 16 to ssv fort, checked entire bad part, 2 diamonds troll, no close bastion, classic with piglin didnt move the Earth, blind caved under mountain, nightmare 0.4 ch, went back, got an eray on 32 rd, different way from coords so pearl hung, scary killing hog on 2.5 hearts, trevor to the rescue, traded to 20 obby, had to run quite a bit to load pearl hang, went off vibes coz no math done, 2.2 ch into 3rd portal icepie, dumb nav, didnt want to force 1/8, messed up ground obby placement, offset raise one cycle setup"
2/23/2026 17:11:46,Structureless,Lava Pool,Bastion,00:27:00,00:04:15,00:05:31,00:08:56,00:10:48,00:23:22,00:23:43,00:23:50,00:26:23,14,1,27,0,2,7.09655E+18,Treasure,Half Bow,1,0,8646,FALSE,"Insta plains village, Language Police giving no fun, 5 iron then cave nearby for shears, forced lavapool in desert for pace, BONNY jumped into lava..... RIP, low 4 enter, saw fort on quake pro, full wall to trevor, decay helped prevent lavafall disaster, sub9fort, spawner plumbing, weird boat glitch from trident guy striking it, 1.0 ch, left on 12 eyes, ran into 2nd spawner but didnt help, fire res ran out in wall on low health, hit stray lava and died, tragic way to lose potential b2b sub 15, aimbot skeletons in night, worried abt iron source when golem suddenly spawned, went straightaway to mine bottom then trade at top, fort round 2, pearl sword, ocean exposed pr close near 2nd portal, flew on back 90 so some cope, insane dragon movement"
2/23/2026 16:42:40,Structureless,Magma Ravine,Bastion,00:14:58,00:04:31,00:05:28,00:08:27,00:11:04,00:13:01,00:13:03,00:13:06,00:14:07,8,0,19,0,0,-6.15917E+18,Housing,Zero Cycle,0,2,8645,FALSE,"Pirate-speak, Trash ocean, dipped to cave in ocean ravine, entered with no food, saw fort from spawn with close hauss, grabbed few shrooms, td with pig nation, 8 min fort with mushroom stew in hand, kinda double spawner, dandellions on blind, good play keeping mushrooms as is from earlier for sat stew, 1.8 ch, icepie, insane nav, back 95 USS for low 14 time"
2/23/2026 16:25:19,Structureless,Lava Pool,Bastion,00:32:46,00:04:59,00:08:02,00:16:32,00:25:13,00:26:24,00:27:14,00:29:10,00:32:03,8,1,25,0,1,-1.79815E+18,Bridge/Classic/Treasure,Half Bow,0,1,8644,FALSE,"Low hay village, dipped to cave post golem, chunk error near lavapool, hoglin chasedown turned circus with addition of ghast sniping hoglin twice, sick RTS, 4 baby day-care spawn, day care 2 in brijj, mining pigface went scuffed, cs, brought backups hoping for 20 obby but didnt even get to 10, went to hotkey crafting table but did bed by mistake and blew up everything around trade hole, new throw unlocked, went to trade any leftover gold + forbidden backups, still only 9 obby, ran around bad part of fort while dealing with warped strays, lots of gold but no obby from many chests, dipped to classic after but didnt work out, close eray to trevor, 3rd run in a row with both brijj and trevor, ripped 20 obby from chests alone, sky high blind portal, 1.1 ch, didnt pick up eyes, scary triangulation, chopped nav, weirdly echolocated pr, flew on back 94 SS to kill sub 30 streak, took time to perch"
2/23/2026 15:50:05,Village,Magma Ravine,Bastion,00:21:21,00:04:32,00:05:53,00:12:46,00:15:32,00:17:22,00:17:22,00:19:45,00:20:30,8,0,11,0,1,-8.48244E+18,Bridge/Treasure,Zero Cycle,0,1,8643,FALSE,"Desert village with close DT, 6 iron and 2 gaps, xqcBread, cave digdown into mineshaft, connected to lavapool, lavafall on home portal, scary terrain around pigface so didnt want to tnt, mega pig no.s on dk, trevored 21 chunks away, low on pearls with next spawner far, hot tourist while routing, slight basalt corruptions, 26 to fort, wrong fyroah tnt lighting blew up spawner, 2 tnt setup aggro'd ziglin but in a safe place, b2b icepies on 0.6 ch, slime very angry but unwilling to harm it, horrible strongshaft so ofc horrible nav, front 99"
2/23/2026 15:21:59,Structureless,Lava Pool,Bastion,00:19:33,00:06:02,00:06:54,00:13:17,00:14:43,00:16:25,00:16:25,00:16:57,00:18:44,7,0,16,0,0,1.80251E+18,Bridge/Treasure,Half Bow,0,2,8642,FALSE,"Pirate speak, Structureless ow, dug into lavacave with 2 diamonds, redstone ate some others, 2 erays from spawn, pierayed while going to bastion, 4 pig double single dk, brought others from side terrain one-by-one, trades lockedin, back to original pieray, thought was fastion candidate but hopes lost with trevor, new direction for extra regional fort, mushroom island near blind, icepie on 0.6 ch, flew on back 94, flip perch for sub 19"
2/23/2026 15:00:30,Full Shipwreck,Lava Pool,Bastion,00:20:47,00:07:02,00:07:17,00:11:49,00:13:19,00:17:59,00:18:42,00:19:13,00:20:09,8,0,11,0,0,-5.88075E+18,Treasure/Stables,Zero Cycle,0,1,8641,FALSE,"Lolcat language, Fns and shovel in rp, small dot on ruins map, almost in ring for bt, just enf iron, found lavapool running through desert, insta trevor at spawn, leaving off top trades, dia pants, new spawner barely in 32 rd but real, 0.7 ch, messed up portal build, 1 obby short of completing, thought to classic but luckily saw stables nearby, obby in top chest, barely coast exposed next to portal, scuffed front 95"
2/23/2026 14:37:03,Full Shipwreck,Lava Pool,Bastion,00:31:13,00:04:54,00:05:56,00:12:57,00:17:36,00:21:57,00:24:22,00:25:16,00:28:21,8,0,15,5,0,-5.48155E+18,Stables/Warped Forest,Half Bow,0,2,8640,FALSE,"$5k raised narrator incentive in schwiizerdutsch language, coast spawn, wonderful ship loot, 3 diamonds in bt, ocean cave led to lavapool, everyone asking couri to watch Princess Bride when he has 0 interest in it, Jules also suggested him not to watch, double bad no triple stables, ripped enf pearls from stray gold trades, sadly only 4 obby, no close eray and pierayed pretty close spawner, light years wide lava ocean separating fort from land, long journey both ways and then back to home portal, farmed endermen along the way, 1.2 hp ch, mined an extra obby from distraction, 300 off to hp offset and bad math, creeper in pr, 3 anchor setup, very long wait, did well enf to recover after bad 1st anchor"
2/23/2026 14:03:12,Village,Lava Pool,Bastion,00:23:12,00:04:46,00:10:55,00:14:35,00:15:38,00:17:39,00:17:56,00:19:03,00:20:47,8,0,18,0,1,6.80808E+18,Treasure,Half Bow,0,1,8639,FALSE,"Korean language, Lavapool at spawn, also loaded furnace, iron pick blacksmith + golem dropped 4, hard time finding og lavapool, ran into another one, threw bucket right next to lava, picked it up just in the nick of time, b2b erays on very high render, huge donos to cross $5k mark unlocking nighttime QnA,"
2/23/2026 13:38:30,Structureless,Lava Pool,Bastion,00:26:27,00:05:43,00:11:31,00:17:50,00:20:15,00:21:55,00:22:44,00:24:33,00:25:21,8,0,13,1,0,-4.47678E+17,Treasure/Treasure,Zero Cycle,0,1,8638,FALSE,"Let's play valley surrounded by sick shattered savanna mountains, lavapool as well, zombie jumpscare in cave, pig nation, eray on 30 rd, lots of bridging, 10 min hot toursit and 20 lvls before even entering bastion, piglin walked off trevor bridge, bottom for final little trades, spawner felt trevor on getting close, sent new way to hit fort, 0.4 ch in 2nd ring, nailed 2nd portal going 0.45, stupid nav killed sub 25, back 99"
2/23/2026 13:10:40,Structureless,Magma Ravine,Bastion,00:24:05,00:06:10,00:07:32,00:15:33,00:17:23,00:19:16,00:20:19,00:21:00,00:23:15,7,0,14,0,1,-2.03779E+18,Stables/Treasure,Half Bow,0,0,8637,FALSE,"Snow spawn, pierayed very far village, mined some iron beforehand, forgot to set it smelting while raiding village, loads of food, horses cranking out dance schmoovs, magma ravine enter, boxed 2 zigs in mid before mtg, stray gold for final obby, surprise trevor, traded at bottom, half dia armor, 23 chunk fort from there, 0.5 ch, ocean barely exposed, launched into ravine by creeper explosion, pearl clutch, shovel zommbie in pr, didnt send SS zero on 7 explosives, crazy perch"
2/23/2026 12:24:56,Desert Temple,Magma Ravine,Bastion,00:21:12,00:07:41,00:08:46,00:14:02,00:16:21,00:17:52,00:18:53,00:19:47,00:20:41,8,0,20,0,0,-3.32791E+18,Bridge,Zero Cycle,0,1,8636,FALSE,"Swam across strait to DT neighbouring ruins, no iron, no good cave so went ocean, 2 tnt to blow out buried treasure chest, all that for 3 iron, trees on the way to bt, another set of weirdly inland ruins, bt barely good enf, found old ravine to enter, drowned killed in 1-tap, tnt pigface, cs, navved through weird cave systems to 25 chunk fort, fyroah tnt, 1.1 ch to shallow 1st ring, echolocated pr, front 90 SS on low health"
2/23/2026 12:02:38,Structureless,Lava Pool,Bastion,00:23:03,00:06:26,00:08:04,00:12:04,00:16:33,00:18:41,00:18:42,00:19:47,00:22:01,8,0,22,1,0,-3.15849E+18,Stables,Half Bow,0,0,8635,FALSE,"Didnt wanna play campfire, pretty good ravine at spawn alongside animals, insane water bucket clutch on dropper into lava, almost point blank creeper explosion, 8 diamonds, lavapool in mineshaft, hoglins lined up to be slaughtered, one died to natural lava fall, x-ray dug into stables, gap route, low pearls but managable, escape hatch out to fort, rp chest messing with piedar, absurd spawner spot, boat moved during measure, then drowned hijacked, 1.2 ch, offset icepie, creeper explosion revealed pr behind deadend, no pearls for zero, tas halfbow, trolled a while before perch"
2/23/2026 11:37:15,Buried Treasure,Magma Ravine,Bastion,00:20:20,00:03:43,00:05:46,00:12:43,00:14:58,00:16:47,00:16:48,00:17:10,00:19:29,7,0,15,0,0,6.06537E+18,Stables,Half Bow,0,1,8634,FALSE,"Shakespearean, kinda trolled by 6 iron mapless bt, close ship had tons, fake ravine nation, one took to magma, 2 dolphins died, not worth 1 diamond, sub 4 enter, dug into unknown part of stables, rp outside with 3 gb, 2 swords but none looting, ttg but both bad gaps, low string but all else fine, 20 obby on the dot after final chest, hogs on road to fort, +1 anchor with glowstone, sheep on blind, 1.7 ch to far 2nd ring, library icepie with ocean exposed pr, wrong front 95 offset broke crystal, insane perch snap, dipped coz low beds, next one soon"
2/23/2026 11:12:31,Desert Temple,Lava Pool,Bastion,00:28:10,00:05:34,00:09:50,00:19:47,00:21:34,00:23:03,00:25:02,00:25:40,00:27:08,8,2,13,0,0,1.14047E+17,Bridge/Treasure,Half Bow,0,2,8633,FALSE,"Korean language, Coast spawn but went for DT, half health after battle with skeleton, lived tnt on half heart, epic 10 iron and 3 gapples, crazy inland ruins, tnt'd buried rp, unknown boots enchant, spotted lavapool from high up, long basalt wall to brijj, got very low from mob nation attack, double single 3 pig dk, didnt hope to get 20 obby but lucky rp outside, series of pearl hangs, trevored coz why not, W double pearl hang loading,"
2/23/2026 10:43:00,Village,Lava Pool,Bastion,00:20:23,00:04:46,00:11:37,00:07:15,00:14:28,00:16:27,00:17:38,00:18:23,00:19:09,8,0,15,0,1,-8.49816E+18,Classic/Housing,Zero Cycle,0,3,8632,FALSE,"Pirate-speak, Average plains village, lavapool rp to enter, really far eray, saw fort to begin with, classiced for some pearls, went for fort first with shield, 0.08% (1 in 1201) 7 obby fort chest, 2nd highest no. rolled yet, pearls helped travel to hauss, td, somehow interpreted 0.6 ch as 1.1 but realised based on coords, ocean non exposed, misread rotation and only went for back 95, TAS 2+2, skycrab incident almost"
2/23/2026 10:20:40,Structureless,Lava Pool,Bastion,00:28:27,00:08:49,00:11:06,00:21:44,00:23:41,00:25:32,00:25:32,00:25:47,00:26:36,8,0,19,0,0,-8.52553E+18,Housing/Treasure,Zero Cycle,0,1,8631,FALSE,"Upside down english while on call with grandparents, found cave after running for a while, pig nation, distraction gold ore, long dig for lava, manhunt with ziglins everywhere, mouse shake of despair, enderman appeared all of a sudden in gap, benex route pivot from chopped situation, hoglin party landed, didnt take piglin stupidity into consideration while trying to save it, showed pictures of insane snow storm aftereffects at grandparents', 27 chunks to get trevored, traded for pearls, natural selection not in favour of pigs, ghast spawned inside rampart, ssv fort, hot tourist, huge plumbing project, 1.6 ch, icepie, insta nav, back 95 barely not 2+2, lights out endgame"
